loan_id,month_index,reporting_month,origination_month,loan_age_months,remaining_term_months,original_balance,current_balance,interest_rate,credit_score_band,ltv_band,dti_band,state,loan_purpose,occupancy_type,property_type,servicer_name,current_status,days_past_due,modification_flag,prepayment_flag,default_flag,loss_severity_band,last_updated_at,source_system,document_status,next_state,next_3m_delinquency_flag,next_6m_delinquency_flag,next_12m_default_flag,next_12m_prepayment_flag,exception_required,exception_type
LN0000012,1,2020-12,2020-11,1,239,215542.0,214984.57,4.467,780+,70-80%,28-36%,NY,Home Improvement,Primary,Townhouse,Servicer_D,Current,0,0,0,0,,2020-12-01,Encompass,Under Exception,Current,0,0,0,0,0,
LN0000012,2,2021-01,2020-11,2,238,215542.0,214425.06,4.467,780+,70-80%,28-36%,NY,Home Improvement,Primary,Townhouse,Servicer_D,Current,0,0,0,0,,2021-01-01,Encompass,Under Exception,Current,0,0,0,0,0,
LN0000012,3,2021-02,2020-11,3,237,215542.0,213863.47,4.467,780+,70-80%,28-36%,NY,Home Improvement,Primary,Townhouse,Servicer_D,Current,0,0,0,0,,2021-02-01,Encompass,Under Exception,Current,0,0,0,0,0,
LN0000012,4,2021-03,2020-11,4,236,215542.0,213299.78,4.467,780+,70-80%,28-36%,NY,Home Improvement,Primary,Townhouse,Servicer_D,Current,0,0,0,0,,2021-03-01,Encompass,Under Exception,Current,0,0,0,0,0,
LN0000012,5,2021-04,2020-11,5,235,215542.0,212734.0,4.467,780+,70-80%,28-36%,NY,Home Improvement,Primary,Townhouse,Servicer_D,Current,0,0,0,0,,2021-04-01,Encompass,Under Exception,Current,0,0,0,0,0,
LN0000012,6,2021-05,2020-11,6,234,215542.0,212166.12,4.467,780+,70-80%,28-36%,NY,Home Improvement,Primary,Townhouse,Servicer_D,Current,0,0,0,0,,2021-05-01,Encompass,Under Exception,Current,0,0,0,0,0,
LN0000012,7,2021-06,2020-11,7,233,215542.0,211596.12,4.467,780+,70-80%,28-36%,NY,Home Improvement,Primary,Townhouse,Servicer_D,Current,0,0,0,0,,2021-06-01,Encompass,Under Exception,Current,0,0,0,0,0,
LN0000012,8,2021-07,2020-11,8,232,215542.0,211024.0,4.467,780+,70-80%,28-36%,NY,Home Improvement,Primary,Townhouse,Servicer_D,Current,0,0,0,0,,2021-07-01,Encompass,Under Exception,Current,0,0,0,0,0,
LN0000012,9,2021-08,2020-11,9,231,215542.0,210449.74,4.467,780+,70-80%,28-36%,NY,Home Improvement,Primary,Townhouse,Servicer_D,Current,0,0,0,0,,2021-08-01,Encompass,Under Exception,Current,0,0,0,0,0,
LN0000012,10,2021-09,2020-11,10,230,215542.0,209873.35,4.467,780+,70-80%,28-36%,NY,Home Improvement,Primary,Townhouse,Servicer_D,Current,0,0,0,0,,2021-09-01,Encompass,Under Exception,Current,0,0,0,0,0,
LN0000012,11,2021-10,2020-11,11,229,215542.0,209294.82,4.467,780+,70-80%,28-36%,NY,Home Improvement,Primary,Townhouse,Servicer_D,Current,0,0,0,0,,2021-10-01,Encompass,Under Exception,Current,0,0,0,0,0,
LN0000012,12,2021-11,2020-11,12,228,215542.0,208714.13,4.467,780+,70-80%,28-36%,NY,Home Improvement,Primary,Townhouse,Servicer_D,Current,0,0,0,0,,2021-11-01,Encompass,Under Exception,Current,0,0,0,0,0,
LN0000012,13,2021-12,2020-11,13,227,215542.0,208131.28,4.467,780+,70-80%,28-36%,NY,Home Improvement,Primary,Townhouse,Servicer_D,Current,0,0,0,0,,2021-12-01,Encompass,Under Exception,Current,0,0,0,0,0,
LN0000012,14,2022-01,2020-11,14,226,215542.0,207546.26,4.467,780+,70-80%,28-36%,NY,Home Improvement,Primary,Townhouse,Servicer_D,Current,0,0,0,0,,2022-01-01,Encompass,Under Exception,Current,0,0,0,0,0,
LN0000012,15,2022-02,2020-11,15,225,215542.0,206959.06,4.467,780+,70-80%,28-36%,NY,Home Improvement,Primary,Townhouse,Servicer_D,Current,0,0,0,0,,2022-02-01,Encompass,Under Exception,Current,0,0,0,0,0,
LN0000012,16,2022-03,2020-11,16,224,215542.0,206369.68,4.467,780+,70-80%,28-36%,NY,Home Improvement,Primary,Townhouse,Servicer_D,Current,0,0,0,0,,2022-03-01,Encompass,Under Exception,Current,0,0,0,0,0,
LN0000012,17,2022-04,2020-11,17,223,215542.0,205778.1,4.467,780+,70-80%,28-36%,NY,Home Improvement,Primary,Townhouse,Servicer_D,Current,0,0,0,0,,2022-04-01,Encompass,Under Exception,Current,0,0,0,0,0,
LN0000012,18,2022-05,2020-11,18,222,215542.0,205184.32,4.467,780+,70-80%,28-36%,NY,Home Improvement,Primary,Townhouse,Servicer_D,Current,0,0,0,0,,2022-05-01,Encompass,Under Exception,Current,0,0,0,0,0,
LN0000012,19,2022-06,2020-11,19,221,215542.0,204588.33,4.467,780+,70-80%,28-36%,NY,Home Improvement,Primary,Townhouse,Servicer_D,Current,0,0,0,0,,2022-06-01,Encompass,Under Exception,Current,0,0,0,0,0,
LN0000012,20,2022-07,2020-11,20,220,215542.0,203990.12,4.467,780+,70-80%,28-36%,NY,Home Improvement,Primary,Townhouse,Servicer_D,Current,0,0,0,0,,2022-07-01,Encompass,Under Exception,Current,0,0,0,0,0,
LN0000012,21,2022-08,2020-11,21,219,215542.0,203389.69,4.467,780+,70-80%,28-36%,NY,Home Improvement,Primary,Townhouse,Servicer_D,Current,0,0,0,0,,2022-08-01,Encompass,Under Exception,Current,0,0,0,0,0,
LN0000012,22,2022-09,2020-11,22,218,215542.0,202787.02,4.467,780+,70-80%,28-36%,NY,Home Improvement,Primary,Townhouse,Servicer_D,Current,0,0,0,0,,2022-09-01,Encompass,Under Exception,Current,0,0,0,0,0,
LN0000012,23,2022-10,2020-11,23,217,215542.0,202182.1,4.467,780+,70-80%,28-36%,NY,Home Improvement,Primary,Townhouse,Servicer_D,Current,0,0,0,0,,2022-10-01,Encompass,Under Exception,Current,0,0,0,0,0,
LN0000012,24,2022-11,2020-11,24,216,215542.0,201574.94,4.467,780+,70-80%,28-36%,NY,Home Improvement,Primary,Townhouse,Servicer_D,Current,0,0,0,0,,2022-11-01,Encompass,Under Exception,Current,0,0,0,0,0,
LN0000012,25,2022-12,2020-11,25,215,215542.0,200965.51,4.467,780+,70-80%,28-36%,NY,Home Improvement,Primary,Townhouse,Servicer_D,Current,0,0,0,0,,2022-12-01,Encompass,Under Exception,Current,0,0,0,0,0,
LN0000025,1,2022-09,2022-08,1,359,226606.0,226378.12,5.947,740-779,80-90%,<20%,GA,Purchase,Primary,Condo,Servicer_A,Current,0,0,0,0,,2022-09-01,CoreLogic,Complete,Current,0,0,0,0,0,
LN0000025,2,2022-10,2022-08,2,358,226606.0,226149.1,5.947,740-779,80-90%,<20%,GA,Purchase,Primary,Condo,Servicer_A,Current,0,0,0,0,,2022-10-01,CoreLogic,Complete,Current,0,0,0,0,0,
LN0000025,3,2022-11,2022-08,3,357,226606.0,225918.95,5.947,740-779,80-90%,<20%,GA,Purchase,Primary,Condo,Servicer_A,Current,0,0,0,0,,2022-11-01,CoreLogic,Complete,Current,0,0,0,0,0,
LN0000025,4,2022-12,2022-08,4,356,226606.0,225687.67,5.947,740-779,80-90%,<20%,GA,Purchase,Primary,Condo,Servicer_A,Current,0,0,0,0,,2022-12-01,CoreLogic,Complete,Current,0,0,0,0,0,
LN0000036,1,2022-09,2022-08,1,179,185472.0,184833.81,5.992,<620,80-90%,36-43%,PA,Purchase,Primary,Manufactured,Servicer_B,Current,0,0,0,0,,2022-09-01,Encompass,Under Exception,Current,0,0,0,0,0,
LN0000036,2,2022-10,2022-08,2,178,185472.0,184192.43,5.992,<620,80-90%,36-43%,PA,Purchase,Primary,Manufactured,Servicer_B,Current,0,0,0,0,,2022-10-01,Encompass,Under Exception,Current,0,0,0,0,0,
LN0000036,3,2022-11,2022-08,3,177,185472.0,183547.84,5.992,<620,80-90%,36-43%,PA,Purchase,Primary,Manufactured,Servicer_B,Current,0,0,0,0,,2022-11-01,Encompass,Under Exception,Current,0,0,0,0,0,
LN0000036,4,2022-12,2022-08,4,176,185472.0,182900.04,5.992,<620,80-90%,36-43%,PA,Purchase,Primary,Manufactured,Servicer_B,Current,0,0,0,0,,2022-12-01,Encompass,Under Exception,Current,0,0,0,0,0,
LN0000039,1,2021-04,2021-03,1,359,98440.0,98301.4,4.129,700-739,80-90%,20-28%,MD,Refinance,Second Home,Single Family,Servicer_D,Current,0,0,0,0,,2021-04-01,Ellie Mae,Missing Items,Current,0,0,0,0,0,
LN0000039,2,2021-05,2021-03,2,358,98440.0,98162.32,4.129,700-739,80-90%,20-28%,MD,Refinance,Second Home,Single Family,Servicer_D,Current,0,0,0,0,,2021-05-01,Ellie Mae,Missing Items,Current,0,0,0,0,0,
LN0000039,3,2021-06,2021-03,3,357,98440.0,98022.76,4.129,700-739,80-90%,20-28%,MD,Refinance,Second Home,Single Family,Servicer_D,Current,0,0,0,0,,2021-06-01,Ellie Mae,Missing Items,Current,0,0,0,0,0,
LN0000039,4,2021-07,2021-03,4,356,98440.0,97882.72,4.129,700-739,80-90%,20-28%,MD,Refinance,Second Home,Single Family,Servicer_D,Current,0,0,0,0,,2021-07-01,Ellie Mae,Missing Items,Current,0,0,0,0,0,
LN0000039,5,2021-08,2021-03,5,355,98440.0,97742.2,4.129,700-739,80-90%,20-28%,MD,Refinance,Second Home,Single Family,Servicer_D,Current,0,0,0,0,,2021-08-01,Ellie Mae,Missing Items,Current,0,0,0,0,0,
LN0000039,6,2021-09,2021-03,6,354,98440.0,97601.2,4.129,700-739,80-90%,20-28%,MD,Refinance,Second Home,Single Family,Servicer_D,Current,0,0,0,0,,2021-09-01,Ellie Mae,Missing Items,Current,0,0,0,0,0,
LN0000039,7,2021-10,2021-03,7,353,98440.0,97459.71,4.129,700-739,80-90%,20-28%,MD,Refinance,Second Home,Single Family,Servicer_D,Current,0,0,0,0,,2021-10-01,Ellie Mae,Missing Items,Current,0,0,0,0,0,
LN0000039,8,2021-11,2021-03,8,352,98440.0,97317.74,4.129,700-739,80-90%,20-28%,MD,Refinance,Second Home,Single Family,Servicer_D,Current,0,0,0,0,,2021-11-01,Ellie Mae,Missing Items,Current,0,0,0,0,0,
LN0000039,9,2021-12,2021-03,9,351,98440.0,97175.27,4.129,700-739,80-90%,20-28%,MD,Refinance,Second Home,Single Family,Servicer_D,Current,0,0,0,0,,2021-12-01,Ellie Mae,Missing Items,Current,0,0,0,0,0,
LN0000039,10,2022-01,2021-03,10,350,98440.0,97032.32,4.129,700-739,80-90%,20-28%,MD,Refinance,Second Home,Single Family,Servicer_D,Current,0,0,0,0,,2022-01-01,Ellie Mae,Missing Items,Current,0,0,0,0,0,
LN0000039,11,2022-02,2021-03,11,349,98440.0,96888.87,4.129,700-739,80-90%,20-28%,MD,Refinance,Second Home,Single Family,Servicer_D,Current,0,0,0,0,,2022-02-01,Ellie Mae,Missing Items,Current,0,0,0,0,0,
LN0000039,12,2022-03,2021-03,12,348,98440.0,96744.93,4.129,700-739,80-90%,20-28%,MD,Refinance,Second Home,Single Family,Servicer_D,Current,0,0,0,0,,2022-03-01,Ellie Mae,Missing Items,Current,0,0,0,0,0,
LN0000039,13,2022-04,2021-03,13,347,98440.0,96600.5,4.129,700-739,80-90%,20-28%,MD,Refinance,Second Home,Single Family,Servicer_D,Current,0,0,0,0,,2022-04-01,Ellie Mae,Missing Items,Current,0,0,0,0,0,
LN0000039,14,2022-05,2021-03,14,346,98440.0,96455.57,4.129,700-739,80-90%,20-28%,MD,Refinance,Second Home,Single Family,Servicer_D,Current,0,0,0,0,,2022-05-01,Ellie Mae,Missing Items,Current,0,0,0,0,0,
LN0000039,15,2022-06,2021-03,15,345,98440.0,96310.13,4.129,700-739,80-90%,20-28%,MD,Refinance,Second Home,Single Family,Servicer_D,Current,0,0,0,0,,2022-06-01,Ellie Mae,Missing Items,Current,0,0,0,0,0,
LN0000039,16,2022-07,2021-03,16,344,98440.0,96164.2,4.129,700-739,80-90%,20-28%,MD,Refinance,Second Home,Single Family,Servicer_D,Current,0,0,0,0,,2022-07-01,Ellie Mae,Missing Items,Current,0,0,0,0,0,
LN0000039,17,2022-08,2021-03,17,343,98440.0,96017.77,4.129,700-739,80-90%,20-28%,MD,Refinance,Second Home,Single Family,Servicer_D,Current,0,0,0,0,,2022-08-01,Ellie Mae,Missing Items,Current,0,0,0,0,0,
LN0000039,18,2022-09,2021-03,18,342,98440.0,95870.83,4.129,700-739,80-90%,20-28%,MD,Refinance,Second Home,Single Family,Servicer_D,Current,0,0,0,0,,2022-09-01,Ellie Mae,Missing Items,Current,0,0,0,0,0,
LN0000039,19,2022-10,2021-03,19,341,98440.0,95723.39,4.129,700-739,80-90%,20-28%,MD,Refinance,Second Home,Single Family,Servicer_D,Current,0,0,0,0,,2022-10-01,Ellie Mae,Missing Items,Current,0,0,0,0,0,
LN0000039,20,2022-11,2021-03,20,340,98440.0,95575.44,4.129,700-739,80-90%,20-28%,MD,Refinance,Second Home,Single Family,Servicer_D,Current,0,0,0,0,,2022-11-01,Ellie Mae,Missing Items,Current,0,0,0,0,0,
LN0000039,21,2022-12,2021-03,21,339,98440.0,95426.98,4.129,700-739,80-90%,20-28%,MD,Refinance,Second Home,Single Family,Servicer_D,Current,0,0,0,0,,2022-12-01,Ellie Mae,Missing Items,Current,0,0,0,0,0,
LN0000056,1,2022-02,2022-01,1,239,81135.0,80922.29,4.347,780+,80-90%,20-28%,NJ,Purchase,Primary,Single Family,Servicer_D,Current,0,0,0,0,,2022-02-01,Encompass,Under Exception,Current,0,0,0,0,0,
LN0000056,2,2022-03,2022-01,2,238,81135.0,80708.81,4.347,780+,80-90%,20-28%,NJ,Purchase,Primary,Single Family,Servicer_D,Current,0,0,0,0,,2022-03-01,Encompass,Under Exception,Current,0,0,0,0,0,
LN0000056,3,2022-04,2022-01,3,237,81135.0,80494.55,4.347,780+,80-90%,20-28%,NJ,Purchase,Primary,Single Family,Servicer_D,Current,0,0,0,0,,2022-04-01,Encompass,Under Exception,Current,0,0,0,0,0,
LN0000056,4,2022-05,2022-01,4,236,81135.0,80279.52,4.347,780+,80-90%,20-28%,NJ,Purchase,Primary,Single Family,Servicer_D,Current,0,0,0,0,,2022-05-01,Encompass,Under Exception,Current,0,0,0,0,0,
LN0000056,5,2022-06,2022-01,5,235,81135.0,80063.71,4.347,780+,80-90%,20-28%,NJ,Purchase,Primary,Single Family,Servicer_D,Current,0,0,0,0,,2022-06-01,Encompass,Under Exception,Current,0,0,1,0,0,
LN0000056,6,2022-07,2022-01,6,234,81135.0,79847.11,4.347,780+,80-90%,20-28%,NJ,Purchase,Primary,Single Family,Servicer_D,Current,0,0,0,0,,2022-07-01,Encompass,Under Exception,Current,0,0,1,0,0,
LN0000056,7,2022-08,2022-01,7,233,81135.0,79629.74,4.347,780+,80-90%,20-28%,NJ,Purchase,Primary,Single Family,Servicer_D,Current,0,0,0,0,,2022-08-01,Encompass,Under Exception,Current,0,0,1,0,0,
LN0000056,8,2022-09,2022-01,8,232,81135.0,79411.57,4.347,780+,80-90%,20-28%,NJ,Purchase,Primary,Single Family,Servicer_D,Current,0,0,0,0,,2022-09-01,Encompass,Under Exception,Current,0,0,1,0,0,
LN0000056,9,2022-10,2022-01,9,231,81135.0,79192.62,4.347,780+,80-90%,20-28%,NJ,Purchase,Primary,Single Family,Servicer_D,Current,0,0,0,0,,2022-10-01,Encompass,Under Exception,Current,0,0,1,0,0,
LN0000056,10,2022-11,2022-01,10,230,81135.0,78972.87,4.347,780+,80-90%,20-28%,NJ,Purchase,Primary,Single Family,Servicer_D,Current,0,0,0,0,,2022-11-01,Encompass,Under Exception,Current,0,1,1,0,0,
LN0000056,11,2022-12,2022-01,11,229,81135.0,78752.32,4.347,780+,80-90%,20-28%,NJ,Purchase,Primary,Single Family,Servicer_D,Current,0,0,0,0,,2022-12-01,Encompass,Under Exception,Current,0,1,1,0,0,
LN0000081,1,2020-03,2020-02,1,239,69602.0,69423.24,4.528,700-739,70-80%,>43%,WI,Purchase,Primary,Manufactured,Servicer_C,Current,0,0,0,0,,2020-03-01,CoreLogic,Complete,Current,0,0,0,0,0,
LN0000081,2,2020-04,2020-02,2,238,69602.0,69243.81,4.528,700-739,70-80%,>43%,WI,Purchase,Primary,Manufactured,Servicer_C,Current,0,0,0,0,,2020-04-01,CoreLogic,Complete,Current,0,0,0,0,0,
LN0000081,3,2020-05,2020-02,3,237,69602.0,151940.14,4.528,700-739,70-80%,>43%,WI,Purchase,Primary,Manufactured,Servicer_C,Current,0,0,0,0,,2020-05-01,CoreLogic,Complete,Current,0,0,0,0,1,Valuation Discrepancy
LN0000081,4,2020-06,2020-02,4,236,69602.0,68882.91,4.528,700-739,70-80%,>43%,WI,Purchase,Primary,Manufactured,Servicer_C,Current,0,0,0,0,,2020-06-01,CoreLogic,Complete,Current,0,0,0,0,0,
LN0000081,5,2020-07,2020-02,5,235,69602.0,68701.44,4.528,700-739,70-80%,>43%,WI,Purchase,Primary,Manufactured,Servicer_C,Current,0,0,0,0,,2020-07-01,CoreLogic,Complete,Current,0,0,0,0,0,
LN0000081,6,2020-08,2020-02,6,234,69602.0,68519.28,4.528,700-739,70-80%,>43%,WI,Purchase,Primary,Manufactured,Servicer_C,Current,0,0,0,0,,2020-08-01,CoreLogic,Complete,Current,0,0,0,0,0,
LN0000081,7,2020-09,2020-02,7,233,69602.0,68336.44,4.528,700-739,70-80%,>43%,WI,Purchase,Primary,Manufactured,Servicer_C,Current,0,0,0,0,,2020-09-01,CoreLogic,Complete,Current,0,0,0,0,0,
LN0000081,8,2020-10,2020-02,8,232,69602.0,68152.91,4.528,700-739,70-80%,>43%,WI,Purchase,Primary,Manufactured,Servicer_C,Current,0,0,0,0,,2020-10-01,CoreLogic,Complete,Current,0,0,0,0,0,
LN0000081,9,2020-11,2020-02,9,231,69602.0,67968.68,4.528,700-739,70-80%,>43%,WI,Purchase,Primary,Manufactured,Servicer_C,Current,0,0,0,0,,2020-11-01,CoreLogic,Complete,Current,0,0,0,0,0,
LN0000081,10,2020-12,2020-02,10,230,69602.0,67783.76,4.528,700-739,70-80%,>43%,WI,Purchase,Primary,Manufactured,Servicer_C,Current,0,0,0,0,,2020-12-01,CoreLogic,Complete,Current,0,0,0,0,0,
LN0000081,11,2021-01,2020-02,11,229,69602.0,67598.14,4.528,700-739,70-80%,>43%,WI,Purchase,Primary,Manufactured,Servicer_C,Current,0,0,0,0,,2021-01-01,CoreLogic,Complete,Current,0,0,0,0,0,
LN0000081,12,2021-02,2020-02,12,228,69602.0,67411.82,4.528,700-739,70-80%,>43%,WI,Purchase,Primary,Manufactured,Servicer_C,Current,0,0,0,0,,2021-02-01,CoreLogic,Complete,Current,0,0,0,0,0,
LN0000081,13,2021-03,2020-02,13,227,69602.0,67224.8,4.528,700-739,70-80%,>43%,WI,Purchase,Primary,Manufactured,Servicer_C,Current,0,0,0,0,,2021-03-01,CoreLogic,Complete,Current,0,0,0,0,0,
LN0000081,14,2021-04,2020-02,14,226,69602.0,67037.07,4.528,700-739,70-80%,>43%,WI,Purchase,Primary,Manufactured,Servicer_C,Current,0,0,0,0,,2021-04-01,CoreLogic,Complete,Current,0,0,0,0,0,
LN0000081,15,2021-05,2020-02,15,225,69602.0,66848.64,4.528,700-739,70-80%,>43%,WI,Purchase,Primary,Manufactured,Servicer_C,Current,0,0,0,0,,2021-05-01,CoreLogic,Complete,Current,0,0,0,0,0,
LN0000081,16,2021-06,2020-02,16,224,69602.0,66659.49,4.528,700-739,70-80%,>43%,WI,Purchase,Primary,Manufactured,Servicer_C,Current,0,0,0,0,,2021-06-01,CoreLogic,Complete,Current,0,0,0,0,0,
LN0000081,17,2021-07,2020-02,17,223,69602.0,66469.63,4.528,700-739,70-80%,>43%,WI,Purchase,Primary,Manufactured,Servicer_C,Current,0,0,0,0,,2021-07-01,CoreLogic,Complete,Current,0,0,0,0,0,
LN0000081,18,2021-08,2020-02,18,222,69602.0,66279.05,4.528,700-739,70-80%,>43%,WI,Purchase,Primary,Manufactured,Servicer_C,Current,0,0,0,0,,2021-08-01,CoreLogic,Complete,Current,0,0,0,0,0,
LN0000081,19,2021-09,2020-02,19,221,69602.0,66087.76,4.528,700-739,70-80%,>43%,WI,Purchase,Primary,Manufactured,Servicer_C,Current,0,0,0,0,,2021-09-01,CoreLogic,Complete,Current,0,0,0,0,0,
LN0000081,20,2021-10,2020-02,20,220,69602.0,65895.74,4.528,700-739,70-80%,>43%,WI,Purchase,Primary,Manufactured,Servicer_C,Current,0,0,0,0,,2021-10-01,CoreLogic,Complete,Current,0,0,0,0,0,
LN0000081,21,2021-11,2020-02,21,219,69602.0,65703.0,4.528,700-739,70-80%,>43%,WI,Purchase,Primary,Manufactured,Servicer_C,Current,0,0,0,0,,2021-11-01,CoreLogic,Complete,Current,0,0,0,0,0,
LN0000081,22,2021-12,2020-02,22,218,69602.0,65509.53,4.528,700-739,70-80%,>43%,WI,Purchase,Primary,Manufactured,Servicer_C,Current,0,0,0,0,,2021-12-01,CoreLogic,Complete,Current,0,0,0,0,0,
LN0000081,23,2022-01,2020-02,23,217,69602.0,65315.33,4.528,700-739,70-80%,>43%,WI,Purchase,Primary,Manufactured,Servicer_C,Current,0,0,0,0,,2022-01-01,CoreLogic,Complete,Current,0,0,0,0,0,
LN0000081,24,2022-02,2020-02,24,216,69602.0,65120.39,4.528,700-739,70-80%,>43%,WI,Purchase,Primary,Manufactured,Servicer_C,Current,0,0,0,0,,2022-02-01,CoreLogic,Complete,Current,0,0,0,0,0,
LN0000081,25,2022-03,2020-02,25,215,69602.0,64924.73,4.528,700-739,70-80%,>43%,WI,Purchase,Primary,Manufactured,Servicer_C,Current,0,0,0,0,,2022-03-01,CoreLogic,Complete,Current,0,0,0,0,0,
LN0000081,26,2022-04,2020-02,26,214,69602.0,64728.32,4.528,700-739,70-80%,>43%,WI,Purchase,Primary,Manufactured,Servicer_C,Current,0,0,0,0,,2022-04-01,CoreLogic,Complete,Current,0,0,0,0,0,
LN0000081,27,2022-05,2020-02,27,213,69602.0,64531.17,4.528,700-739,70-80%,>43%,WI,Purchase,Primary,Manufactured,Servicer_C,Current,0,0,0,0,,2022-05-01,CoreLogic,Complete,Current,0,0,0,0,0,
LN0000081,28,2022-06,2020-02,28,212,69602.0,64333.28,4.528,700-739,70-80%,>43%,WI,Purchase,Primary,Manufactured,Servicer_C,Current,0,0,0,0,,2022-06-01,CoreLogic,Complete,Current,0,0,0,0,0,
LN0000081,29,2022-07,2020-02,29,211,69602.0,64134.64,4.528,700-739,70-80%,>43%,WI,Purchase,Primary,Manufactured,Servicer_C,Current,0,0,0,0,,2022-07-01,CoreLogic,Complete,Current,0,0,0,0,0,
LN0000081,30,2022-08,2020-02,30,210,69602.0,63935.25,4.528,700-739,70-80%,>43%,WI,Purchase,Primary,Manufactured,Servicer_C,Current,0,0,0,0,,2022-08-01,CoreLogic,Complete,Current,0,0,0,0,0,
LN0000081,31,2022-09,2020-02,31,209,69602.0,63735.11,4.528,700-739,70-80%,>43%,WI,Purchase,Primary,Manufactured,Servicer_C,Current,0,0,0,0,,2022-09-01,CoreLogic,Complete,Current,0,0,0,0,0,
LN0000081,32,2022-10,2020-02,32,208,69602.0,63534.22,4.528,700-739,70-80%,>43%,WI,Purchase,Primary,Manufactured,Servicer_C,Current,0,0,0,0,,2022-10-01,CoreLogic,Complete,Current,0,0,0,0,0,
LN0000081,33,2022-11,2020-02,33,207,69602.0,63332.56,4.528,700-739,70-80%,>43%,WI,Purchase,Primary,Manufactured,Servicer_C,Current,0,0,0,0,,2022-11-01,CoreLogic,Complete,Current,0,0,0,0,0,
LN0000081,34,2022-12,2020-02,34,206,69602.0,63130.15,4.528,700-739,70-80%,>43%,WI,Purchase,Primary,Manufactured,Servicer_C,Current,0,0,0,0,,2022-12-01,CoreLogic,Complete,Current,0,0,0,0,0,
LN0000093,1,2021-06,2021-05,1,359,67406.0,67306.54,3.866,700-739,60-70%,28-36%,MI,Refinance,Second Home,Single Family,Servicer_A,Current,0,0,0,0,,2021-06-01,CoreLogic,Complete,Current,0,0,0,0,0,
LN0000093,2,2021-07,2021-05,2,358,67406.0,67206.76,3.866,700-739,60-70%,28-36%,MI,Refinance,Second Home,Single Family,Servicer_A,Current,0,0,0,0,,2021-07-01,CoreLogic,Complete,Current,0,0,0,0,0,
LN0000093,3,2021-08,2021-05,3,357,67406.0,67106.65,3.866,700-739,60-70%,28-36%,MI,Refinance,Second Home,Single Family,Servicer_A,Current,0,0,0,0,,2021-08-01,CoreLogic,Complete,Current,0,0,0,0,0,
LN0000093,4,2021-09,2021-05,4,356,67406.0,67006.23,3.866,700-739,60-70%,28-36%,MI,Refinance,Second Home,Single Family,Servicer_A,Current,0,0,0,0,,2021-09-01,CoreLogic,Complete,Current,0,0,0,0,0,
LN0000093,5,2021-10,2021-05,5,355,67406.0,66905.48,3.866,700-739,60-70%,28-36%,MI,Refinance,Second Home,Single Family,Servicer_A,Current,0,0,0,0,,2021-10-01,CoreLogic,Complete,Current,0,0,0,0,0,
LN0000093,6,2021-11,2021-05,6,354,67406.0,66804.4,3.866,700-739,60-70%,28-36%,MI,Refinance,Second Home,Single Family,Servicer_A,Current,0,0,0,0,,2021-11-01,CoreLogic,Complete,Current,0,0,0,0,0,
LN0000093,7,2021-12,2021-05,7,353,67406.0,66703.0,3.866,700-739,60-70%,28-36%,MI,Refinance,Second Home,Single Family,Servicer_A,Current,0,0,0,0,,2021-12-01,CoreLogic,Complete,Current,0,0,0,0,0,
LN0000093,8,2022-01,2021-05,8,352,67406.0,66601.28,3.866,700-739,60-70%,28-36%,MI,Refinance,Second Home,Single Family,Servicer_A,Current,0,0,0,0,,2022-01-01,CoreLogic,Complete,Current,0,0,0,0,0,
LN0000093,9,2022-02,2021-05,9,351,67406.0,66499.22,3.866,700-739,60-70%,28-36%,MI,Refinance,Second Home,Single Family,Servicer_A,Current,0,0,0,0,,2022-02-01,CoreLogic,Complete,Current,0,0,0,0,0,
LN0000093,10,2022-03,2021-05,10,350,67406.0,66396.84,3.866,700-739,60-70%,28-36%,MI,Refinance,Second Home,Single Family,Servicer_A,Current,0,0,0,0,,2022-03-01,CoreLogic,Complete,Current,0,0,0,0,0,
LN0000093,11,2022-04,2021-05,11,349,67406.0,66294.13,3.866,700-739,60-70%,28-36%,MI,Refinance,Second Home,Single Family,Servicer_A,Current,0,0,0,0,,2022-04-01,CoreLogic,Complete,Current,0,0,0,0,0,
LN0000093,12,2022-05,2021-05,12,348,67406.0,66191.09,3.866,700-739,60-70%,28-36%,MI,Refinance,Second Home,Single Family,Servicer_A,Current,0,0,0,0,,2022-05-01,CoreLogic,Complete,Current,0,0,0,0,0,
LN0000093,13,2022-06,2021-05,13,347,67406.0,66087.71,3.866,700-739,60-70%,28-36%,MI,Refinance,Second Home,Single Family,Servicer_A,Current,0,0,0,0,,2022-06-01,CoreLogic,Complete,Current,0,0,0,0,0,
LN0000093,14,2022-07,2021-05,14,346,67406.0,65984.0,3.866,700-739,60-70%,28-36%,MI,Refinance,Second Home,Single Family,Servicer_A,Current,0,0,0,0,,2022-07-01,CoreLogic,Complete,Current,0,0,0,0,0,
LN0000093,15,2022-08,2021-05,15,345,67406.0,65879.96,3.866,700-739,60-70%,28-36%,MI,Refinance,Second Home,Single Family,Servicer_A,Current,0,0,0,0,,2022-08-01,CoreLogic,Complete,Current,0,0,0,0,0,
LN0000093,16,2022-09,2021-05,16,344,67406.0,65775.58,3.866,700-739,60-70%,28-36%,MI,Refinance,Second Home,Single Family,Servicer_A,Current,0,0,0,0,,2022-09-01,CoreLogic,Complete,Current,0,0,0,0,0,
LN0000093,17,2022-10,2021-05,17,343,67406.0,65670.87,3.866,700-739,60-70%,28-36%,MI,Refinance,Second Home,Single Family,Servicer_A,Current,0,0,0,0,,2022-10-01,CoreLogic,Complete,Current,0,0,0,0,0,
LN0000093,18,2022-11,2021-05,18,342,67406.0,65565.82,3.866,700-739,60-70%,28-36%,MI,Refinance,Second Home,Single Family,Servicer_A,Current,0,0,0,0,,2022-11-01,CoreLogic,Complete,Current,0,0,0,0,0,
LN0000093,19,2022-12,2021-05,19,341,67406.0,65460.43,3.866,700-739,60-70%,28-36%,MI,Refinance,Second Home,Single Family,Servicer_A,Current,0,0,0,0,,2022-12-01,CoreLogic,Complete,Current,0,0,0,0,0,
LN0000101,1,2022-01,2021-12,1,359,55243.0,55179.14,5.208,740-779,70-80%,<20%,PA,Refinance,Primary,Single Family,Servicer_C,Current,0,0,0,0,,2022-01-01,CoreLogic,Complete,Current,0,0,0,0,0,
LN0000101,2,2022-02,2021-12,2,358,55243.0,55115.0,5.208,740-779,70-80%,<20%,PA,Refinance,Primary,Single Family,Servicer_C,Current,0,0,0,0,,2022-02-01,CoreLogic,Complete,Current,0,0,0,0,0,
LN0000101,3,2022-03,2021-12,3,357,55243.0,55050.58,5.208,740-779,70-80%,<20%,PA,Refinance,Primary,Single Family,Servicer_C,Current,0,0,0,0,,2022-03-01,CoreLogic,Complete,Current,0,0,0,0,0,
LN0000101,4,2022-04,2021-12,4,356,55243.0,54985.88,5.208,740-779,70-80%,<20%,PA,Refinance,Primary,Single Family,Servicer_C,Current,0,0,0,0,,2022-04-01,CoreLogic,Complete,Current,0,0,0,0,0,
LN0000101,5,2022-05,2021-12,5,355,55243.0,54920.9,5.208,740-779,70-80%,<20%,PA,Refinance,Primary,Single Family,Servicer_C,Current,0,0,0,0,,2022-05-01,CoreLogic,Complete,Current,0,0,0,0,0,
LN0000101,6,2022-06,2021-12,6,354,55243.0,54855.64,5.208,740-779,70-80%,<20%,PA,Refinance,Primary,Single Family,Servicer_C,Current,0,0,0,0,,2022-06-01,CoreLogic,Complete,Current,0,0,0,0,0,
LN0000101,7,2022-07,2021-12,7,353,55243.0,54790.09,5.208,740-779,70-80%,<20%,PA,Refinance,Primary,Single Family,Servicer_C,Current,0,0,0,0,,2022-07-01,CoreLogic,Complete,Current,0,0,0,0,0,
LN0000101,8,2022-08,2021-12,8,352,55243.0,54724.26,5.208,740-779,70-80%,<20%,PA,Refinance,Primary,Single Family,Servicer_C,Current,0,0,0,0,,2022-08-01,CoreLogic,Complete,Current,0,0,0,0,0,
LN0000101,9,2022-09,2021-12,9,351,55243.0,54658.15,5.208,740-779,70-80%,<20%,PA,Refinance,Primary,Single Family,Servicer_C,Current,0,0,0,0,,2022-09-01,CoreLogic,Complete,Current,0,0,0,0,0,
LN0000101,10,2022-10,2021-12,10,350,55243.0,54591.74,5.208,740-779,70-80%,<20%,PA,Refinance,Primary,Single Family,Servicer_C,Current,0,0,0,0,,2022-10-01,CoreLogic,Complete,Current,0,0,0,0,0,
LN0000101,11,2022-11,2021-12,11,349,55243.0,54525.05,5.208,740-779,70-80%,<20%,PA,Refinance,Primary,Single Family,Servicer_C,Current,0,0,0,0,,2022-11-01,CoreLogic,Complete,Current,0,0,0,0,0,
LN0000101,12,2022-12,2021-12,12,348,55243.0,54458.07,5.208,740-779,70-80%,<20%,PA,Refinance,Primary,Single Family,Servicer_C,Current,0,0,0,0,,2022-12-01,CoreLogic,Complete,Current,0,0,0,0,0,
LN0000113,1,2022-10,2022-09,1,359,269656.0,269229.76,3.475,740-779,60-70%,>43%,NY,Refinance,Primary,Multi-Family,Servicer_D,Current,0,0,0,0,,2022-10-01,CoreLogic,Complete,Current,0,0,0,0,0,
LN0000113,2,2022-11,2022-09,2,358,269656.0,268802.29,3.475,740-779,60-70%,>43%,NY,Refinance,Primary,Multi-Family,Servicer_D,Current,0,0,0,0,,2022-11-01,CoreLogic,Complete,Current,0,0,0,0,0,
LN0000113,3,2022-12,2022-09,3,357,269656.0,268373.58,3.475,740-779,60-70%,>43%,NY,Refinance,Primary,Multi-Family,Servicer_D,Current,0,0,0,0,,2022-12-01,CoreLogic,Complete,Current,0,0,0,0,0,
LN0000119,1,2021-02,2021-01,1,359,317838.0,317347.25,3.609,780+,80-90%,36-43%,NY,Refinance,Primary,Single Family,Servicer_B,Current,0,0,0,0,,2021-02-01,Ellie Mae,Missing Items,Current,0,0,0,0,0,
LN0000119,2,2021-03,2021-01,2,358,317838.0,316855.03,3.609,780+,80-90%,36-43%,NY,Refinance,Primary,Single Family,Servicer_B,Current,0,0,0,0,,2021-03-01,Ellie Mae,Missing Items,Current,0,0,0,0,0,
LN0000119,3,2021-04,2021-01,3,357,317838.0,316361.33,3.609,780+,80-90%,36-43%,NY,Refinance,Primary,Single Family,Servicer_B,Current,0,0,0,0,,2021-04-01,Ellie Mae,Missing Items,Current,0,0,0,0,0,
LN0000119,4,2021-05,2021-01,4,356,317838.0,315866.14,3.609,780+,80-90%,36-43%,NY,Refinance,Primary,Single Family,Servicer_B,Current,0,0,0,0,,2021-05-01,Ellie Mae,Missing Items,Current,0,0,0,0,0,
LN0000119,5,2021-06,2021-01,5,355,317838.0,315369.47,3.609,780+,80-90%,36-43%,NY,Refinance,Primary,Single Family,Servicer_B,Current,0,0,0,0,,2021-06-01,Ellie Mae,Missing Items,Current,0,0,0,0,0,
LN0000119,6,2021-07,2021-01,6,354,317838.0,314871.3,3.609,780+,80-90%,36-43%,NY,Refinance,Primary,Single Family,Servicer_B,Current,0,0,0,0,,2021-07-01,Ellie Mae,Missing Items,Current,0,0,0,0,0,
LN0000119,7,2021-08,2021-01,7,353,317838.0,314371.63,3.609,780+,80-90%,36-43%,NY,Refinance,Primary,Single Family,Servicer_B,Current,0,0,0,0,,2021-08-01,Ellie Mae,Missing Items,Current,0,0,0,0,0,
LN0000119,8,2021-09,2021-01,8,352,317838.0,313870.46,3.609,780+,80-90%,36-43%,NY,Refinance,Primary,Single Family,Servicer_B,Current,0,0,0,0,,2021-09-01,Ellie Mae,Missing Items,Current,0,0,0,0,0,
LN0000119,9,2021-10,2021-01,9,351,317838.0,313367.78,3.609,780+,80-90%,36-43%,NY,Refinance,Primary,Single Family,Servicer_B,Current,0,0,0,0,,2021-10-01,Ellie Mae,Missing Items,Current,0,0,0,0,0,
LN0000119,10,2021-11,2021-01,10,350,317838.0,312863.59,3.609,780+,80-90%,36-43%,NY,Refinance,Primary,Single Family,Servicer_B,Current,0,0,0,0,,2021-11-01,Ellie Mae,Missing Items,Current,0,0,0,0,0,
LN0000119,11,2021-12,2021-01,11,349,317838.0,312357.88,3.609,780+,80-90%,36-43%,NY,Refinance,Primary,Single Family,Servicer_B,Current,0,0,0,0,,2021-12-01,Ellie Mae,Missing Items,Current,0,0,0,0,0,
LN0000119,12,2022-01,2021-01,12,348,317838.0,311850.66,3.609,780+,80-90%,36-43%,NY,Refinance,Primary,Single Family,Servicer_B,Current,0,0,0,0,,2022-01-01,Ellie Mae,Missing Items,Current,0,0,0,0,0,
LN0000119,13,2020-11,2021-01,13,347,317838.0,311341.9,3.609,780+,80-90%,36-43%,NY,Refinance,Primary,Single Family,Servicer_B,Current,0,0,0,0,,2022-02-01,Ellie Mae,Missing Items,Current,0,0,0,0,1,Date Anomaly
LN0000119,14,2022-03,2021-01,14,346,317838.0,310831.62,3.609,780+,80-90%,36-43%,NY,Refinance,Primary,Single Family,Servicer_B,Current,0,0,0,0,,2022-03-01,Ellie Mae,Missing Items,Current,0,0,0,0,0,
LN0000119,15,2022-04,2021-01,15,345,317838.0,310319.8,3.609,780+,80-90%,36-43%,NY,Refinance,Primary,Single Family,Servicer_B,Current,0,0,0,0,,2022-04-01,Ellie Mae,Missing Items,Current,0,0,0,0,0,
LN0000119,16,2022-05,2021-01,16,344,317838.0,309806.45,3.609,780+,80-90%,36-43%,NY,Refinance,Primary,Single Family,Servicer_B,Current,0,0,0,0,,2022-05-01,Ellie Mae,Missing Items,Current,0,0,0,0,0,
LN0000119,17,2022-06,2021-01,17,343,317838.0,309291.55,3.609,780+,80-90%,36-43%,NY,Refinance,Primary,Single Family,Servicer_B,Current,0,0,0,0,,2022-06-01,Ellie Mae,Missing Items,Current,0,0,0,0,0,
LN0000119,18,2022-07,2021-01,18,342,317838.0,308775.1,3.609,780+,80-90%,36-43%,NY,Refinance,Primary,Single Family,Servicer_B,Current,0,0,0,0,,2022-07-01,Ellie Mae,Missing Items,Current,0,0,0,0,0,
LN0000119,19,2022-08,2021-01,19,341,317838.0,308257.09,3.609,780+,80-90%,36-43%,NY,Refinance,Primary,Single Family,Servicer_B,Current,0,0,0,0,,2022-08-01,Ellie Mae,Missing Items,Current,0,0,0,0,0,
LN0000119,20,2022-09,2021-01,20,340,317838.0,307737.53,3.609,780+,80-90%,36-43%,NY,Refinance,Primary,Single Family,Servicer_B,Current,0,0,0,0,,2022-09-01,Ellie Mae,Missing Items,Current,0,0,0,0,0,
LN0000119,21,2022-10,2021-01,21,339,317838.0,307216.41,3.609,780+,80-90%,36-43%,NY,Refinance,Primary,Single Family,Servicer_B,Current,0,0,0,0,,2022-10-01,Ellie Mae,Missing Items,Current,0,0,0,0,0,
LN0000119,22,2022-11,2021-01,22,338,317838.0,306693.72,3.609,780+,80-90%,36-43%,NY,Refinance,Primary,Single Family,Servicer_B,Current,0,0,0,0,,2022-11-01,Ellie Mae,Missing Items,Current,0,0,0,0,0,
LN0000119,23,2022-12,2021-01,23,337,317838.0,306169.46,3.609,780+,80-90%,36-43%,NY,Refinance,Primary,Single Family,Servicer_B,Current,0,0,0,0,,2022-12-01,Ellie Mae,Missing Items,Current,0,0,0,0,0,
LN0000122,1,2022-10,2022-09,1,359,66724.0,66633.93,4.363,700-739,70-80%,20-28%,OH,Purchase,Investment,Single Family,Servicer_A,Current,0,0,0,0,,2022-10-01,Black Knight,Pending Review,Current,0,0,0,0,0,
LN0000122,2,2022-11,2022-09,2,358,66724.0,66543.53,4.363,700-739,70-80%,20-28%,OH,Purchase,Investment,Single Family,Servicer_A,Current,0,0,0,0,,2022-11-01,Black Knight,Pending Review,Current,0,0,0,0,0,
LN0000122,3,2022-12,2022-09,3,357,66724.0,66452.8,4.363,700-739,70-80%,20-28%,OH,Purchase,Investment,Single Family,Servicer_A,Current,0,0,0,0,,2022-12-01,Black Knight,Pending Review,Current,0,0,0,0,0,
LN0000133,1,2022-09,2022-08,1,359,405543.0,404958.89,4.002,620-659,90-95%,36-43%,NY,Purchase,Primary,Single Family,Servicer_B,Current,0,0,0,0,,2022-09-01,CoreLogic,Complete,Current,0,0,0,0,0,
LN0000133,2,2022-10,2022-08,2,358,405543.0,404372.84,4.002,620-659,90-95%,36-43%,NY,Purchase,Primary,Single Family,Servicer_B,Current,0,0,0,0,,2022-10-01,CoreLogic,Complete,Current,0,0,0,0,0,
LN0000133,3,2022-11,2022-08,3,357,405543.0,403784.83,4.002,620-659,90-95%,36-43%,NY,Purchase,Primary,Single Family,Servicer_B,Current,0,0,0,0,,2022-11-01,CoreLogic,Complete,Current,0,0,0,0,0,
LN0000133,4,2022-12,2022-08,4,356,405543.0,403194.86,4.002,620-659,90-95%,36-43%,NY,Purchase,Primary,Single Family,Servicer_B,Current,0,0,0,0,,2022-12-01,CoreLogic,Complete,Current,0,0,0,0,0,
LN0000146,1,2022-07,2022-06,1,179,171818.0,171150.13,4.54,660-699,70-80%,20-28%,TN,Cash-Out Refinance,Primary,Single Family,Servicer_A,Current,0,0,0,0,,2022-07-01,Black Knight,Pending Review,Current,0,0,0,0,0,
LN0000146,2,2022-08,2022-06,2,178,171818.0,170479.74,4.54,660-699,70-80%,20-28%,TN,Cash-Out Refinance,Primary,Single Family,Servicer_A,Current,0,0,0,0,,2022-08-01,Black Knight,Pending Review,Current,0,0,0,0,0,
LN0000146,3,2022-09,2022-06,3,177,171818.0,169806.81,4.54,660-699,70-80%,20-28%,TN,Cash-Out Refinance,Primary,Single Family,Servicer_A,Current,0,0,0,0,,2022-09-01,Black Knight,Pending Review,Current,0,0,0,0,0,
LN0000146,4,2022-10,2022-06,4,176,171818.0,169131.33,4.54,660-699,70-80%,20-28%,TN,Cash-Out Refinance,Primary,Single Family,Servicer_A,Current,0,0,0,0,,2022-10-01,Black Knight,Pending Review,Current,0,0,0,0,0,
LN0000146,5,2022-11,2022-06,5,175,171818.0,168453.3,4.54,660-699,70-80%,20-28%,TN,Cash-Out Refinance,Primary,Single Family,Servicer_A,Current,0,0,0,0,,2022-11-01,Black Knight,Pending Review,Current,0,0,0,0,0,
LN0000146,6,2022-12,2022-06,6,174,171818.0,167772.71,4.54,660-699,70-80%,20-28%,TN,Cash-Out Refinance,Primary,Single Family,Servicer_A,Current,0,0,0,0,,2022-12-01,Black Knight,Pending Review,Current,0,0,0,0,0,
LN0000147,1,2022-04,2022-03,1,239,405700.0,404643.0,4.402,660-699,<60%,28-36%,IL,Refinance,Primary,Townhouse,Servicer_C,Current,0,0,0,0,,2022-04-01,Ellie Mae,Missing Items,Current,0,1,0,0,0,
LN0000147,2,2022-05,2022-03,2,238,405700.0,403582.11,4.402,660-699,<60%,28-36%,IL,Refinance,Primary,Townhouse,Servicer_C,Current,0,0,0,0,,2022-05-01,Ellie Mae,Missing Items,Current,0,1,0,0,0,
LN0000147,3,2022-06,2022-03,3,237,405700.0,402517.34,4.402,660-699,<60%,28-36%,IL,Refinance,Primary,Townhouse,Servicer_C,Current,0,0,0,0,,2022-06-01,Ellie Mae,Missing Items,Current,0,1,0,0,0,
LN0000147,4,2022-07,2022-03,4,236,405700.0,401448.66,4.402,660-699,<60%,28-36%,IL,Refinance,Primary,Townhouse,Servicer_C,Current,0,0,0,0,,2022-07-01,Ellie Mae,Missing Items,Current,1,1,0,0,0,
LN0000147,5,2022-08,2022-03,5,235,405700.0,400376.06,4.402,660-699,<60%,28-36%,IL,Refinance,Primary,Townhouse,Servicer_C,Current,0,0,0,0,,2022-08-01,Ellie Mae,Missing Items,Current,1,1,0,0,0,
LN0000147,6,2022-09,2022-03,6,234,405700.0,399299.53,4.402,660-699,<60%,28-36%,IL,Refinance,Primary,Townhouse,Servicer_C,Current,0,0,0,0,,2022-09-01,Ellie Mae,Missing Items,30-59 DPD,1,1,0,0,0,
LN0000147,7,2022-10,2022-03,7,233,405700.0,398219.05,4.402,660-699,<60%,28-36%,IL,Refinance,Primary,Townhouse,Servicer_C,30-59 DPD,0,0,0,0,,2022-10-01,Ellie Mae,Missing Items,30-59 DPD,1,1,0,0,0,
LN0000147,8,2022-11,2022-03,8,232,405700.0,397134.6,4.402,660-699,<60%,28-36%,IL,Refinance,Primary,Townhouse,Servicer_C,30-59 DPD,30,0,0,0,,2022-11-01,Ellie Mae,Missing Items,30-59 DPD,1,1,0,0,0,
LN0000147,9,2022-12,2022-03,9,231,405700.0,396046.17,4.402,660-699,<60%,28-36%,IL,Refinance,Primary,Townhouse,Servicer_C,30-59 DPD,30,0,0,0,,2022-12-01,Ellie Mae,Missing Items,Current,0,0,0,0,0,
LN0000159,1,2021-01,2020-12,1,359,78744.0,78594.63,2.408,620-659,60-70%,36-43%,AZ,Cash-Out Refinance,Second Home,Single Family,Servicer_D,Current,0,0,0,0,,2021-01-01,Ellie Mae,Missing Items,Current,0,0,0,0,0,
LN0000159,2,2021-02,2020-12,2,358,78744.0,78444.97,2.408,620-659,60-70%,36-43%,AZ,Cash-Out Refinance,Second Home,Single Family,Servicer_D,Current,0,0,0,0,,2021-02-01,Ellie Mae,Missing Items,Current,0,0,0,0,0,
LN0000159,3,2021-03,2020-12,3,357,78744.0,78295.0,2.408,620-659,60-70%,36-43%,AZ,Cash-Out Refinance,Second Home,Single Family,Servicer_D,Current,0,0,0,0,,2021-03-01,Ellie Mae,Missing Items,Current,0,0,0,0,0,
LN0000159,4,2021-04,2020-12,4,356,78744.0,78144.73,2.408,620-659,60-70%,36-43%,AZ,Cash-Out Refinance,Second Home,Single Family,Servicer_D,Current,0,0,0,0,,2021-04-01,Ellie Mae,Missing Items,Current,0,0,0,0,0,
LN0000159,5,2021-05,2020-12,5,355,78744.0,77994.16,2.408,620-659,60-70%,36-43%,AZ,Cash-Out Refinance,Second Home,Single Family,Servicer_D,Current,0,0,0,0,,2021-05-01,Ellie Mae,Missing Items,Current,0,0,0,0,0,
LN0000159,6,2021-06,2020-12,6,354,78744.0,77843.29,2.408,620-659,60-70%,36-43%,AZ,Cash-Out Refinance,Second Home,Single Family,Servicer_D,Current,0,0,0,0,,2021-06-01,Ellie Mae,Missing Items,Current,0,0,0,0,0,
LN0000159,7,2021-07,2020-12,7,353,78744.0,77692.11,2.408,620-659,60-70%,36-43%,AZ,Cash-Out Refinance,Second Home,Single Family,Servicer_D,Current,0,0,0,0,,2021-07-01,Ellie Mae,Missing Items,Current,0,0,0,0,0,
LN0000159,8,2021-08,2020-12,8,352,78744.0,77540.63,2.408,620-659,60-70%,36-43%,AZ,Cash-Out Refinance,Second Home,Single Family,Servicer_D,Current,0,0,0,0,,2021-08-01,Ellie Mae,Missing Items,Current,0,0,0,0,0,
LN0000159,9,2021-09,2020-12,9,351,78744.0,77388.85,2.408,620-659,60-70%,36-43%,AZ,Cash-Out Refinance,Second Home,Single Family,Servicer_D,Current,0,0,0,0,,2021-09-01,Ellie Mae,Missing Items,Current,0,0,0,0,0,
LN0000159,10,2021-10,2020-12,10,350,78744.0,77236.76,2.408,620-659,60-70%,36-43%,AZ,Cash-Out Refinance,Second Home,Single Family,Servicer_D,Current,0,0,0,0,,2021-10-01,Ellie Mae,Missing Items,Current,0,0,0,0,0,
LN0000159,11,2021-11,2020-12,11,349,78744.0,77084.37,2.408,620-659,60-70%,36-43%,AZ,Cash-Out Refinance,Second Home,Single Family,Servicer_D,Current,0,0,0,0,,2021-11-01,Ellie Mae,Missing Items,Current,0,0,0,0,0,
LN0000159,12,2021-12,2020-12,12,348,78744.0,76931.67,2.408,620-659,60-70%,36-43%,AZ,Cash-Out Refinance,Second Home,Single Family,Servicer_D,Current,0,0,0,0,,2021-12-01,Ellie Mae,Missing Items,Current,0,0,0,0,0,
LN0000159,13,2022-01,2020-12,13,347,78744.0,76778.67,2.408,620-659,60-70%,36-43%,AZ,Cash-Out Refinance,Second Home,Single Family,Servicer_D,Current,0,0,0,0,,2022-01-01,Ellie Mae,Missing Items,Current,0,0,0,0,0,
LN0000159,14,2022-02,2020-12,14,346,78744.0,76625.36,2.408,620-659,60-70%,36-43%,AZ,Cash-Out Refinance,Second Home,Single Family,Servicer_D,Current,0,0,0,0,,2022-02-01,Ellie Mae,Missing Items,Current,0,0,0,0,0,
LN0000159,15,2022-03,2020-12,15,345,78744.0,76471.74,2.408,620-659,60-70%,36-43%,AZ,Cash-Out Refinance,Second Home,Single Family,Servicer_D,Current,0,0,0,0,,2022-03-01,Ellie Mae,Missing Items,Current,0,0,0,0,0,
LN0000159,16,2022-04,2020-12,16,344,78744.0,76317.81,2.408,620-659,60-70%,36-43%,AZ,Cash-Out Refinance,Second Home,Single Family,Servicer_D,Current,0,0,0,0,,2022-04-01,Ellie Mae,Missing Items,Current,0,0,0,0,0,
LN0000159,17,2022-05,2020-12,17,343,78744.0,76163.58,2.408,620-659,60-70%,36-43%,AZ,Cash-Out Refinance,Second Home,Single Family,Servicer_D,Current,0,0,0,0,,2022-05-01,Ellie Mae,Missing Items,Current,0,0,0,0,0,
LN0000159,18,2022-06,2020-12,18,342,78744.0,76009.03,2.408,620-659,60-70%,36-43%,AZ,Cash-Out Refinance,Second Home,Single Family,Servicer_D,Current,0,0,0,0,,2022-06-01,Ellie Mae,Missing Items,Current,0,0,0,0,0,
LN0000159,19,2022-07,2020-12,19,341,78744.0,75854.17,2.408,620-659,60-70%,36-43%,AZ,Cash-Out Refinance,Second Home,Single Family,Servicer_D,Current,0,0,0,0,,2022-07-01,Ellie Mae,Missing Items,Current,0,0,0,0,0,
LN0000159,20,2022-08,2020-12,20,340,78744.0,75699.01,2.408,620-659,60-70%,36-43%,AZ,Cash-Out Refinance,Second Home,Single Family,Servicer_D,Current,0,0,0,0,,2022-08-01,Ellie Mae,Missing Items,Current,0,0,0,0,0,
LN0000159,21,2022-09,2020-12,21,339,78744.0,75543.53,2.408,620-659,60-70%,36-43%,AZ,Cash-Out Refinance,Second Home,Single Family,Servicer_D,Current,0,0,0,0,,2022-09-01,Ellie Mae,Missing Items,Current,0,0,0,0,0,
LN0000159,22,2022-10,2020-12,22,338,78744.0,75387.74,2.408,620-659,60-70%,36-43%,AZ,Cash-Out Refinance,Second Home,Single Family,Servicer_D,Current,0,0,0,0,,2022-10-01,Ellie Mae,Missing Items,Current,0,0,0,0,0,
LN0000159,23,2022-11,2020-12,23,337,78744.0,75231.64,2.408,620-659,60-70%,36-43%,AZ,Cash-Out Refinance,Second Home,Single Family,Servicer_D,Current,0,0,0,0,,2022-11-01,Ellie Mae,Missing Items,Current,0,0,0,0,0,
LN0000159,24,2022-12,2020-12,24,336,78744.0,75075.22,2.408,620-659,60-70%,36-43%,AZ,Cash-Out Refinance,Second Home,Single Family,Servicer_D,Current,0,0,0,0,,2022-12-01,Ellie Mae,Missing Items,Current,0,0,0,0,0,
LN0000164,1,2020-11,2020-10,1,359,133200.0,133064.48,5.886,700-739,80-90%,28-36%,GA,Refinance,Primary,Townhouse,Servicer_B,Current,0,0,0,0,,2020-11-01,Encompass,Under Exception,Current,0,0,0,0,0,
LN0000164,2,2020-12,2020-10,2,358,133200.0,132928.3,5.886,700-739,80-90%,28-36%,GA,Refinance,Primary,Townhouse,Servicer_B,Current,0,0,0,0,,2020-12-01,Encompass,Under Exception,Current,0,0,0,0,0,
LN0000164,3,2021-01,2020-10,3,357,133200.0,132791.45,5.886,700-739,80-90%,28-36%,GA,Refinance,Primary,Townhouse,Servicer_B,Current,0,0,0,0,,2021-01-01,Encompass,Under Exception,Current,0,0,0,0,0,
LN0000164,4,2021-02,2020-10,4,356,133200.0,132653.92,5.886,700-739,80-90%,28-36%,GA,Refinance,Primary,Townhouse,Servicer_B,Current,0,0,0,0,,2021-02-01,Encompass,Under Exception,Current,0,0,0,0,0,
LN0000164,5,2021-03,2020-10,5,355,133200.0,132515.73,5.886,700-739,80-90%,28-36%,GA,Refinance,Primary,Townhouse,Servicer_B,Current,0,0,0,0,,2021-03-01,Encompass,Under Exception,Current,0,0,0,0,0,
LN0000164,6,2021-04,2020-10,6,354,133200.0,132376.85,5.886,700-739,80-90%,28-36%,GA,Refinance,Primary,Townhouse,Servicer_B,Current,0,0,0,0,,2021-04-01,Encompass,Under Exception,Current,0,0,0,0,0,
LN0000164,7,2021-05,2020-10,7,353,133200.0,132237.29,5.886,700-739,80-90%,28-36%,GA,Refinance,Primary,Townhouse,Servicer_B,Current,0,0,0,0,,2021-05-01,Encompass,Under Exception,Current,0,0,0,0,0,
LN0000164,8,2021-06,2020-10,8,352,133200.0,132097.05,5.886,700-739,80-90%,28-36%,GA,Refinance,Primary,Townhouse,Servicer_B,Current,0,0,0,0,,2021-06-01,Encompass,Under Exception,Current,0,0,0,0,0,
LN0000164,9,2021-07,2020-10,9,351,133200.0,131956.12,5.886,700-739,80-90%,28-36%,GA,Refinance,Primary,Townhouse,Servicer_B,Current,0,0,0,0,,2021-07-01,Encompass,Under Exception,Current,0,1,0,0,0,
LN0000164,10,2021-08,2020-10,10,350,133200.0,131814.5,5.886,700-739,80-90%,28-36%,GA,Refinance,Primary,Townhouse,Servicer_B,Current,0,0,0,0,,2021-08-01,Encompass,Under Exception,Current,0,1,0,0,0,
LN0000164,11,2021-09,2020-10,11,349,133200.0,131672.19,5.886,700-739,80-90%,28-36%,GA,Refinance,Primary,Townhouse,Servicer_B,Current,0,0,0,0,,2021-09-01,Encompass,Under Exception,Current,0,1,0,0,0,
LN0000164,12,2021-10,2020-10,12,348,133200.0,131529.18,5.886,700-739,80-90%,28-36%,GA,Refinance,Primary,Townhouse,Servicer_B,Current,0,0,0,0,,2021-10-01,Encompass,Under Exception,Current,1,1,0,0,0,
LN0000164,13,2021-11,2020-10,13,347,133200.0,131385.46,5.886,700-739,80-90%,28-36%,GA,Refinance,Primary,Townhouse,Servicer_B,Current,0,0,0,0,,2021-11-01,Encompass,Under Exception,Current,1,1,0,0,0,
LN0000164,14,2021-12,2020-10,14,346,133200.0,131241.04,5.886,700-739,80-90%,28-36%,GA,Refinance,Primary,Townhouse,Servicer_B,Current,0,0,0,0,,2021-12-01,Encompass,Under Exception,30-59 DPD,1,1,0,0,0,
LN0000164,15,2022-01,2020-10,15,345,133200.0,131095.91,5.886,700-739,80-90%,28-36%,GA,Refinance,Primary,Townhouse,Servicer_B,30-59 DPD,0,0,0,0,,2022-01-01,Encompass,Under Exception,Current,0,0,0,0,0,
LN0000164,16,2022-02,2020-10,16,344,133200.0,130950.07,5.886,700-739,80-90%,28-36%,GA,Refinance,Primary,Townhouse,Servicer_B,Current,30,0,0,0,,2022-02-01,Encompass,Under Exception,Current,0,0,0,0,0,
LN0000164,17,2022-03,2020-10,17,343,133200.0,130803.52,5.886,700-739,80-90%,28-36%,GA,Refinance,Primary,Townhouse,Servicer_B,Current,0,0,0,0,,2022-03-01,Encompass,Under Exception,Current,0,0,0,0,0,
LN0000164,18,2022-04,2020-10,18,342,133200.0,130656.25,5.886,700-739,80-90%,28-36%,GA,Refinance,Primary,Townhouse,Servicer_B,Current,0,0,0,0,,2022-04-01,Encompass,Under Exception,Current,0,0,0,0,0,
LN0000164,19,2022-05,2020-10,19,341,133200.0,130508.25,5.886,700-739,80-90%,28-36%,GA,Refinance,Primary,Townhouse,Servicer_B,Current,0,0,0,0,,2022-05-01,Encompass,Under Exception,Current,0,0,0,0,0,
LN0000164,20,2022-06,2020-10,20,340,133200.0,130359.53,5.886,700-739,80-90%,28-36%,GA,Refinance,Primary,Townhouse,Servicer_B,Current,0,0,0,0,,2022-06-01,Encompass,Under Exception,Current,0,0,0,0,0,
LN0000164,21,2022-07,2020-10,21,339,133200.0,130210.08,5.886,700-739,80-90%,28-36%,GA,Refinance,Primary,Townhouse,Servicer_B,Current,0,0,0,0,,2022-07-01,Encompass,Under Exception,Current,0,0,0,0,0,
LN0000164,22,2022-08,2020-10,22,338,133200.0,130059.89,5.886,700-739,80-90%,28-36%,GA,Refinance,Primary,Townhouse,Servicer_B,Current,0,0,0,0,,2022-08-01,Encompass,Under Exception,Current,0,0,0,0,0,
LN0000164,23,2022-09,2020-10,23,337,133200.0,129908.97,5.886,700-739,80-90%,28-36%,GA,Refinance,Primary,Townhouse,Servicer_B,Current,0,0,0,0,,2022-09-01,Encompass,Under Exception,Current,0,0,0,0,0,
LN0000164,24,2022-10,2020-10,24,336,133200.0,129757.31,5.886,700-739,80-90%,28-36%,GA,Refinance,Primary,Townhouse,Servicer_B,Current,0,0,0,0,,2022-10-01,Encompass,Under Exception,Current,0,0,0,0,0,
LN0000164,25,2022-11,2020-10,25,335,133200.0,129604.9,5.886,700-739,80-90%,28-36%,GA,Refinance,Primary,Townhouse,Servicer_B,Current,0,0,0,0,,2022-11-01,Encompass,Under Exception,Current,0,0,0,0,0,
LN0000164,26,2022-12,2020-10,26,334,133200.0,129451.75,5.886,700-739,80-90%,28-36%,GA,Refinance,Primary,Townhouse,Servicer_B,Current,0,0,0,0,,2022-12-01,Encompass,Under Exception,Current,0,0,0,0,0,
LN0000168,1,2021-12,2021-11,1,359,103917.0,103767.59,4.012,700-739,80-90%,>43%,WI,Purchase,Investment,Townhouse,Servicer_D,Current,0,0,0,0,,2021-12-01,Encompass,Under Exception,Current,0,0,0,0,0,
LN0000168,2,2022-01,2021-11,2,358,103917.0,103617.69,4.012,700-739,80-90%,>43%,WI,Purchase,Investment,Townhouse,Servicer_D,Current,0,0,0,0,,2022-01-01,Encompass,Under Exception,Current,0,0,0,0,0,
LN0000168,3,2022-02,2021-11,3,357,103917.0,103467.28,4.012,700-739,80-90%,>43%,WI,Purchase,Investment,Townhouse,Servicer_D,Current,0,0,0,0,,2022-02-01,Encompass,Under Exception,Current,0,0,0,0,0,
LN0000168,4,2022-03,2021-11,4,356,103917.0,103316.37,4.012,700-739,80-90%,>43%,WI,Purchase,Investment,Townhouse,Servicer_D,Current,0,0,0,0,,2022-03-01,Encompass,Under Exception,Current,0,0,0,0,0,
LN0000168,5,2022-04,2021-11,5,355,103917.0,103164.96,4.012,700-739,80-90%,>43%,WI,Purchase,Investment,Townhouse,Servicer_D,Current,0,0,0,0,,2022-04-01,Encompass,Under Exception,Current,0,0,0,0,0,
LN0000168,6,2022-05,2021-11,6,354,103917.0,103013.04,4.012,700-739,80-90%,>43%,WI,Purchase,Investment,Townhouse,Servicer_D,Current,0,0,0,0,,2022-05-01,Encompass,Under Exception,Current,0,0,0,0,0,
LN0000168,7,2022-06,2021-11,7,353,103917.0,102860.61,4.012,700-739,80-90%,>43%,WI,Purchase,Investment,Townhouse,Servicer_D,Current,0,0,0,0,,2022-06-01,Encompass,Under Exception,Current,0,0,0,0,0,
LN0000168,8,2022-07,2021-11,8,352,103917.0,102707.67,4.012,700-739,80-90%,>43%,WI,Purchase,Investment,Townhouse,Servicer_D,Current,0,0,0,0,,2022-07-01,Encompass,Under Exception,Current,0,0,0,0,0,
LN0000168,9,2022-08,2021-11,9,351,103917.0,102554.23,4.012,700-739,80-90%,>43%,WI,Purchase,Investment,Townhouse,Servicer_D,Current,0,0,0,0,,2022-08-01,Encompass,Under Exception,Current,0,0,0,0,0,
LN0000168,10,2022-09,2021-11,10,350,103917.0,102400.26,4.012,700-739,80-90%,>43%,WI,Purchase,Investment,Townhouse,Servicer_D,Current,0,0,0,0,,2022-09-01,Encompass,Under Exception,Current,0,0,0,0,0,
LN0000168,11,2022-10,2021-11,11,349,103917.0,102245.79,4.012,700-739,80-90%,>43%,WI,Purchase,Investment,Townhouse,Servicer_D,Current,0,0,0,0,,2022-10-01,Encompass,Under Exception,Current,0,0,0,0,0,
LN0000168,12,2022-11,2021-11,12,348,103917.0,102090.79,4.012,700-739,80-90%,>43%,WI,Purchase,Investment,Townhouse,Servicer_D,Current,0,0,0,0,,2022-11-01,Encompass,Under Exception,Current,0,0,0,0,0,
LN0000168,13,2022-12,2021-11,13,347,103917.0,101935.28,4.012,700-739,80-90%,>43%,WI,Purchase,Investment,Townhouse,Servicer_D,Current,0,0,0,0,,2022-12-01,Encompass,Under Exception,Current,0,0,0,0,0,
LN0000175,1,2021-03,2021-02,1,359,109416.0,109303.44,5.828,620-659,<60%,20-28%,NJ,Cash-Out Refinance,Primary,Single Family,Servicer_D,Current,0,0,0,0,,2021-03-01,Ellie Mae,Missing Items,Current,0,0,0,0,0,
LN0000175,2,2021-04,2021-02,2,358,109416.0,109190.34,5.828,620-659,<60%,20-28%,NJ,Cash-Out Refinance,Primary,Single Family,Servicer_D,Current,0,0,0,0,,2021-04-01,Ellie Mae,Missing Items,Current,0,0,0,0,0,
LN0000175,3,2021-05,2021-02,3,357,109416.0,109076.69,5.828,620-659,<60%,20-28%,NJ,Cash-Out Refinance,Primary,Single Family,Servicer_D,Current,0,0,0,0,,2021-05-01,Ellie Mae,Missing Items,Current,0,0,0,0,0,
LN0000175,4,2021-06,2021-02,4,356,109416.0,108962.48,5.828,620-659,<60%,20-28%,NJ,Cash-Out Refinance,Primary,Single Family,Servicer_D,Current,0,0,0,0,,2021-06-01,Ellie Mae,Missing Items,Current,0,0,0,0,0,
LN0000175,5,2021-07,2021-02,5,355,109416.0,108847.72,5.828,620-659,<60%,20-28%,NJ,Cash-Out Refinance,Primary,Single Family,Servicer_D,Current,0,0,0,0,,2021-07-01,Ellie Mae,Missing Items,Current,0,0,0,0,0,
LN0000175,6,2021-08,2021-02,6,354,109416.0,108732.41,5.828,620-659,<60%,20-28%,NJ,Cash-Out Refinance,Primary,Single Family,Servicer_D,Current,0,0,0,0,,2021-08-01,Ellie Mae,Missing Items,Current,0,0,0,0,0,
LN0000175,7,2021-09,2021-02,7,353,109416.0,108616.53,5.828,620-659,<60%,20-28%,NJ,Cash-Out Refinance,Primary,Single Family,Servicer_D,Current,0,0,0,0,,2021-09-01,Ellie Mae,Missing Items,Current,0,0,0,0,0,
LN0000175,8,2021-10,2021-02,8,352,109416.0,108500.09,5.828,620-659,<60%,20-28%,NJ,Cash-Out Refinance,Primary,Single Family,Servicer_D,Current,0,0,0,0,,2021-10-01,Ellie Mae,Missing Items,Current,0,0,0,0,0,
LN0000175,9,2021-11,2021-02,9,351,109416.0,108383.08,5.828,620-659,<60%,20-28%,NJ,Cash-Out Refinance,Primary,Single Family,Servicer_D,Current,0,0,0,0,,2021-11-01,Ellie Mae,Missing Items,Current,0,0,0,0,0,
LN0000175,10,2021-12,2021-02,10,350,109416.0,108265.51,5.828,620-659,<60%,20-28%,NJ,Cash-Out Refinance,Primary,Single Family,Servicer_D,Current,0,0,0,0,,2021-12-01,Ellie Mae,Missing Items,Current,0,0,0,0,0,
LN0000175,11,2022-01,2021-02,11,349,109416.0,108147.37,5.828,620-659,<60%,20-28%,NJ,Cash-Out Refinance,Primary,Single Family,Servicer_D,Current,0,0,0,0,,2022-01-01,Ellie Mae,Missing Items,Current,0,0,0,0,0,
LN0000175,12,2022-02,2021-02,12,348,109416.0,108028.65,5.828,620-659,<60%,20-28%,NJ,Cash-Out Refinance,Primary,Single Family,Servicer_D,Current,0,0,0,0,,2022-02-01,Ellie Mae,Missing Items,Current,0,0,0,0,0,
LN0000175,13,2022-03,2021-02,13,347,109416.0,107909.35,5.828,620-659,<60%,20-28%,NJ,Cash-Out Refinance,Primary,Single Family,Servicer_D,Current,0,0,0,0,,2022-03-01,Ellie Mae,Missing Items,Current,0,0,0,0,0,
LN0000175,14,2022-04,2021-02,14,346,109416.0,107789.48,5.828,620-659,<60%,20-28%,NJ,Cash-Out Refinance,Primary,Single Family,Servicer_D,Current,0,0,0,0,,2022-04-01,Ellie Mae,Missing Items,Current,0,0,0,0,0,
LN0000175,15,2022-05,2021-02,15,345,109416.0,107669.02,5.828,620-659,<60%,20-28%,NJ,Cash-Out Refinance,Primary,Single Family,Servicer_D,Current,0,0,0,0,,2022-05-01,Ellie Mae,Missing Items,Current,0,0,0,0,0,
LN0000175,16,2022-06,2021-02,16,344,109416.0,107547.98,5.828,620-659,<60%,20-28%,NJ,Cash-Out Refinance,Primary,Single Family,Servicer_D,Current,0,0,0,0,,2022-06-01,Ellie Mae,Missing Items,Current,0,0,0,0,0,
LN0000175,17,2022-07,2021-02,17,343,109416.0,107426.35,5.828,620-659,<60%,20-28%,NJ,Cash-Out Refinance,Primary,Single Family,Servicer_D,Current,0,0,0,0,,2022-07-01,Ellie Mae,Missing Items,Current,0,0,0,0,0,
LN0000175,18,2022-08,2021-02,18,342,109416.0,107304.13,5.828,620-659,<60%,20-28%,NJ,Cash-Out Refinance,Primary,Single Family,Servicer_D,Current,0,0,0,0,,2022-08-01,Ellie Mae,Missing Items,Current,0,0,0,0,0,
LN0000175,19,2022-09,2021-02,19,341,109416.0,107181.32,5.828,620-659,<60%,20-28%,NJ,Cash-Out Refinance,Primary,Single Family,Servicer_D,Current,0,0,0,0,,2022-09-01,Ellie Mae,Missing Items,Current,0,0,0,0,0,
LN0000175,20,2022-10,2021-02,20,340,109416.0,107057.91,5.828,620-659,<60%,20-28%,NJ,Cash-Out Refinance,Primary,Single Family,Servicer_D,Current,0,0,0,0,,2022-10-01,Ellie Mae,Missing Items,Current,0,0,0,0,0,
LN0000175,21,2022-11,2021-02,21,339,109416.0,106933.9,5.828,620-659,<60%,20-28%,NJ,Cash-Out Refinance,Primary,Single Family,Servicer_D,Current,0,0,0,0,,2022-11-01,Ellie Mae,Missing Items,Current,0,0,0,0,0,
LN0000175,22,2022-12,2021-02,22,338,109416.0,106809.29,5.828,620-659,<60%,20-28%,NJ,Cash-Out Refinance,Primary,Single Family,Servicer_D,Current,0,0,0,0,,2022-12-01,Ellie Mae,Missing Items,Current,0,0,0,0,0,
LN0000189,1,2022-04,2022-03,1,359,68449.0,68345.83,3.746,740-779,60-70%,28-36%,MO,Refinance,Investment,Single Family,Servicer_C,Current,0,0,0,0,,2022-04-01,CoreLogic,Complete,Current,0,0,0,0,0,
LN0000189,2,2022-05,2022-03,2,358,68449.0,68242.34,3.746,740-779,60-70%,28-36%,MO,Refinance,Investment,Single Family,Servicer_C,Current,0,0,0,0,,2022-05-01,CoreLogic,Complete,Current,0,0,0,0,0,
LN0000189,3,2022-06,2022-03,3,357,68449.0,68138.53,3.746,740-779,60-70%,28-36%,MO,Refinance,Investment,Single Family,Servicer_C,Current,0,0,0,0,,2022-06-01,CoreLogic,Complete,Current,0,0,0,0,0,
LN0000189,4,2022-07,2022-03,4,356,68449.0,68034.39,3.746,740-779,60-70%,28-36%,MO,Refinance,Investment,Single Family,Servicer_C,Current,0,0,0,0,,2022-07-01,CoreLogic,Complete,Current,0,0,0,0,0,
LN0000189,5,2022-08,2022-03,5,355,68449.0,67929.93,3.746,740-779,60-70%,28-36%,MO,Refinance,Investment,Single Family,Servicer_C,Current,0,0,0,0,,2022-08-01,CoreLogic,Complete,Current,0,0,0,0,0,
LN0000189,6,2022-09,2022-03,6,354,68449.0,67825.14,3.746,740-779,60-70%,28-36%,MO,Refinance,Investment,Single Family,Servicer_C,Current,0,0,0,0,,2022-09-01,CoreLogic,Complete,Current,0,0,0,0,0,
LN0000189,7,2022-10,2022-03,7,353,68449.0,67720.03,3.746,740-779,60-70%,28-36%,MO,Refinance,Investment,Single Family,Servicer_C,Current,0,0,0,0,,2022-10-01,CoreLogic,Complete,Current,0,0,0,0,0,
LN0000189,8,2022-11,2022-03,8,352,68449.0,67614.58,3.746,740-779,60-70%,28-36%,MO,Refinance,Investment,Single Family,Servicer_C,Current,0,0,0,0,,2022-11-01,CoreLogic,Complete,Current,0,0,0,0,0,
LN0000189,9,2022-12,2022-03,9,351,68449.0,67508.81,3.746,740-779,60-70%,28-36%,MO,Refinance,Investment,Single Family,Servicer_C,Current,0,0,0,0,,2022-12-01,CoreLogic,Complete,Current,0,0,0,0,0,
LN0000195,1,2022-02,2022-01,1,359,141243.0,141083.27,5.326,780+,90-95%,20-28%,MA,Cash-Out Refinance,Primary,Townhouse,Servicer_C,Current,0,0,0,0,,2022-02-01,Ellie Mae,Missing Items,Current,0,0,0,0,0,
LN0000195,2,2022-03,2022-01,2,358,141243.0,140922.84,5.326,780+,90-95%,20-28%,MA,Cash-Out Refinance,Primary,Townhouse,Servicer_C,Current,0,0,0,0,,2022-03-01,Ellie Mae,Missing Items,Current,0,0,0,0,0,
LN0000195,3,2022-04,2022-01,3,357,141243.0,140761.69,5.326,780+,90-95%,20-28%,MA,Cash-Out Refinance,Primary,Townhouse,Servicer_C,Current,0,0,0,0,,2022-04-01,Ellie Mae,Missing Items,Current,0,0,0,0,0,
LN0000195,4,2022-05,2022-01,4,356,141243.0,140599.82,5.326,780+,90-95%,20-28%,MA,Cash-Out Refinance,Primary,Townhouse,Servicer_C,Current,0,0,0,0,,2022-05-01,Ellie Mae,Missing Items,Current,0,0,0,0,0,
LN0000195,5,2022-06,2022-01,5,355,141243.0,140437.24,5.326,780+,90-95%,20-28%,MA,Cash-Out Refinance,Primary,Townhouse,Servicer_C,Current,0,0,0,0,,2022-06-01,Ellie Mae,Missing Items,Current,0,0,0,0,0,
LN0000195,6,2022-07,2022-01,6,354,141243.0,140273.94,5.326,780+,90-95%,20-28%,MA,Cash-Out Refinance,Primary,Townhouse,Servicer_C,Current,0,0,0,0,,2022-07-01,Ellie Mae,Missing Items,Current,0,0,0,0,0,
LN0000195,7,2022-08,2022-01,7,353,141243.0,140109.91,5.326,780+,90-95%,20-28%,MA,Cash-Out Refinance,Primary,Townhouse,Servicer_C,Current,0,0,0,0,,2022-08-01,Ellie Mae,Missing Items,Current,0,0,0,0,0,
LN0000195,8,2022-09,2022-01,8,352,141243.0,139945.15,5.326,780+,90-95%,20-28%,MA,Cash-Out Refinance,Primary,Townhouse,Servicer_C,Current,0,0,0,0,,2022-09-01,Ellie Mae,Missing Items,Current,0,0,0,0,0,
LN0000195,9,2022-10,2022-01,9,351,141243.0,139779.67,5.326,780+,90-95%,20-28%,MA,Cash-Out Refinance,Primary,Townhouse,Servicer_C,Current,0,0,0,0,,2022-10-01,Ellie Mae,Missing Items,Current,0,0,0,0,0,
LN0000195,10,2022-11,2022-01,10,350,141243.0,139613.44,5.326,780+,90-95%,20-28%,MA,Cash-Out Refinance,Primary,Townhouse,Servicer_C,Current,0,0,0,0,,2022-11-01,Ellie Mae,Missing Items,Current,0,0,0,0,0,
LN0000195,11,2022-12,2022-01,11,349,141243.0,139446.48,5.326,780+,90-95%,20-28%,MA,Cash-Out Refinance,Primary,Townhouse,Servicer_C,Current,0,0,0,0,,2022-12-01,Ellie Mae,Missing Items,Current,0,0,0,0,0,
LN0000197,1,2022-04,2022-03,1,359,395158.0,394533.39,3.475,700-739,80-90%,20-28%,MA,Purchase,Primary,Condo,Servicer_D,Current,0,0,0,0,,2022-04-01,CoreLogic,Complete,Current,0,0,0,1,0,
LN0000197,2,2022-05,2022-03,2,358,395158.0,393906.96,3.475,700-739,80-90%,20-28%,MA,Purchase,Primary,Condo,Servicer_D,Current,0,0,0,0,,2022-05-01,CoreLogic,Complete,Current,0,0,0,1,0,
LN0000197,3,2022-06,2022-03,3,357,395158.0,393278.73,3.475,700-739,80-90%,20-28%,MA,Purchase,Primary,Condo,Servicer_D,Current,0,0,0,0,,2022-06-01,CoreLogic,Complete,Current,0,0,0,1,0,
LN0000197,4,2022-07,2022-03,4,356,395158.0,392648.67,3.475,700-739,80-90%,20-28%,MA,Purchase,Primary,Condo,Servicer_D,Current,0,0,0,0,,2022-07-01,CoreLogic,Complete,Current,0,0,0,1,0,
LN0000197,5,2022-08,2022-03,5,355,395158.0,392016.79,3.475,700-739,80-90%,20-28%,MA,Purchase,Primary,Condo,Servicer_D,Current,0,0,0,0,,2022-08-01,CoreLogic,Complete,Current,0,0,0,1,0,
LN0000197,6,2022-09,2022-03,6,354,395158.0,391383.08,3.475,700-739,80-90%,20-28%,MA,Purchase,Primary,Condo,Servicer_D,Current,0,0,0,0,,2022-09-01,CoreLogic,Complete,Current,0,0,0,1,0,
LN0000197,7,2022-10,2022-03,7,353,395158.0,390747.53,3.475,700-739,80-90%,20-28%,MA,Purchase,Primary,Condo,Servicer_D,Current,0,0,0,0,,2022-10-01,CoreLogic,Complete,Current,0,0,0,1,0,
LN0000197,8,2022-11,2022-03,8,352,395158.0,390110.14,3.475,700-739,80-90%,20-28%,MA,Purchase,Primary,Condo,Servicer_D,Current,0,0,0,0,,2022-11-01,CoreLogic,Complete,Current,0,0,0,1,0,
LN0000197,9,2022-12,2022-03,9,351,395158.0,389470.91,3.475,700-739,80-90%,20-28%,MA,Purchase,Primary,Condo,Servicer_D,Current,0,0,0,0,,2022-12-01,CoreLogic,Complete,Prepaid,0,0,0,1,0,
LN0000198,1,2022-10,2022-09,1,359,56368.0,56282.77,3.728,660-699,60-70%,36-43%,TN,Purchase,Primary,Single Family,Servicer_B,Current,0,0,0,0,,2022-10-01,Black Knight,Pending Review,Current,0,0,0,0,0,
LN0000198,2,2022-11,2022-09,2,358,56368.0,56197.28,3.728,660-699,60-70%,36-43%,TN,Purchase,Primary,Single Family,Servicer_B,Current,0,0,0,0,,2022-11-01,Black Knight,Pending Review,Current,0,0,0,0,0,
LN0000198,3,2022-12,2022-09,3,357,56368.0,56111.52,3.728,660-699,60-70%,36-43%,TN,Purchase,Primary,Single Family,Servicer_B,Current,0,0,0,0,,2022-12-01,Black Knight,Pending Review,Current,0,0,0,0,0,
LN0000228,1,2022-04,2022-03,1,359,135778.0,135590.23,4.229,620-659,80-90%,20-28%,TN,Refinance,Investment,Condo,Servicer_E,Current,0,0,0,0,,2022-04-01,Encompass,Under Exception,Current,0,0,0,0,0,
LN0000228,2,2022-05,2022-03,2,358,135778.0,135401.79,4.229,620-659,80-90%,20-28%,TN,Refinance,Investment,Condo,Servicer_E,Current,0,0,0,0,,2022-05-01,Encompass,Under Exception,Current,0,0,0,0,0,
LN0000228,3,2022-06,2022-03,3,357,135778.0,135212.69,4.229,620-659,80-90%,20-28%,TN,Refinance,Investment,Condo,Servicer_E,Current,0,0,0,0,,2022-06-01,Encompass,Under Exception,Current,0,0,0,0,0,
LN0000228,4,2022-07,2022-03,4,356,135778.0,135022.93,4.229,620-659,80-90%,20-28%,TN,Refinance,Investment,Condo,Servicer_E,Current,0,0,0,0,,2022-07-01,Encompass,Under Exception,Current,0,0,0,0,0,
LN0000228,5,2022-08,2022-03,5,355,135778.0,134832.49,4.229,620-659,80-90%,20-28%,TN,Refinance,Investment,Condo,Servicer_E,Current,0,0,0,0,,2022-08-01,Encompass,Under Exception,Current,0,0,0,0,0,
LN0000228,6,2022-09,2022-03,6,354,135778.0,134641.39,4.229,620-659,80-90%,20-28%,TN,Refinance,Investment,Condo,Servicer_E,Current,0,0,0,0,,2022-09-01,Encompass,Under Exception,Current,0,0,0,0,0,
LN0000228,7,2022-10,2022-03,7,353,135778.0,134449.61,4.229,620-659,80-90%,20-28%,TN,Refinance,Investment,Condo,Servicer_E,Current,0,0,0,0,,2022-10-01,Encompass,Under Exception,Current,0,0,0,0,0,
LN0000228,8,2022-11,2022-03,8,352,135778.0,134257.15,4.229,620-659,80-90%,20-28%,TN,Refinance,Investment,Condo,Servicer_E,Current,0,0,0,0,,2022-11-01,Encompass,Under Exception,Current,0,0,0,0,0,
LN0000228,9,2022-12,2022-03,9,351,135778.0,134064.02,4.229,620-659,80-90%,20-28%,TN,Refinance,Investment,Condo,Servicer_E,Current,0,0,0,0,,2022-12-01,Encompass,Under Exception,Current,0,0,0,0,0,
LN0000238,1,2022-06,2022-05,1,359,77680.0,77576.83,4.453,740-779,80-90%,36-43%,IN,Refinance,Investment,Manufactured,Servicer_A,Current,0,0,0,0,,2022-06-01,Black Knight,Pending Review,Current,0,0,0,0,0,
LN0000238,2,2022-07,2022-05,2,358,77680.0,77473.28,4.453,740-779,80-90%,36-43%,IN,Refinance,Investment,Manufactured,Servicer_A,Current,0,0,0,0,,2022-07-01,Black Knight,Pending Review,Current,0,0,0,0,0,
LN0000238,3,2022-08,2022-05,3,357,77680.0,77369.34,4.453,740-779,80-90%,36-43%,IN,Refinance,Investment,Manufactured,Servicer_A,Current,0,0,0,0,,2022-08-01,Black Knight,Pending Review,Current,0,0,0,0,0,
LN0000238,4,2022-09,2022-05,4,356,77680.0,77265.02,4.453,740-779,80-90%,36-43%,IN,Refinance,Investment,Manufactured,Servicer_A,Current,0,0,0,0,,2022-09-01,Black Knight,Pending Review,Current,0,0,0,0,0,
LN0000238,5,2022-10,2022-05,5,355,77680.0,77160.31,4.453,740-779,80-90%,36-43%,IN,Refinance,Investment,Manufactured,Servicer_A,Current,0,0,0,0,,2022-10-01,Black Knight,Pending Review,Current,0,0,0,0,0,
LN0000238,6,2022-11,2022-05,6,354,77680.0,77055.21,4.453,740-779,80-90%,36-43%,IN,Refinance,Investment,Manufactured,Servicer_A,Current,0,0,0,0,,2022-11-01,Black Knight,Pending Review,Current,0,0,0,0,0,
LN0000238,7,2022-12,2022-05,7,353,77680.0,76949.73,4.453,740-779,80-90%,36-43%,IN,Refinance,Investment,Manufactured,Servicer_A,Current,0,0,0,0,,2022-12-01,Black Knight,Pending Review,Current,0,0,0,0,0,
LN0000249,1,2022-07,2022-06,1,239,84394.0,84180.18,4.647,660-699,90-95%,>43%,IL,Refinance,Second Home,Single Family,Servicer_C,Current,0,0,0,0,,2022-07-01,CoreLogic,Complete,Current,0,0,0,0,0,
LN0000249,2,2022-08,2022-06,2,238,84394.0,83965.53,4.647,660-699,90-95%,>43%,IL,Refinance,Second Home,Single Family,Servicer_C,Current,0,0,0,0,,2022-08-01,CoreLogic,Complete,Current,0,0,0,0,0,
LN0000249,3,2022-09,2022-06,3,237,84394.0,83750.05,4.647,660-699,90-95%,>43%,IL,Refinance,Second Home,Single Family,Servicer_C,Current,0,0,0,0,,2022-09-01,CoreLogic,Complete,Current,0,0,0,0,0,
LN0000249,4,2022-10,2022-06,4,236,84394.0,83533.73,4.647,660-699,90-95%,>43%,IL,Refinance,Second Home,Single Family,Servicer_C,Current,0,0,0,0,,2022-10-01,CoreLogic,Complete,Current,0,0,0,0,0,
LN0000249,5,2022-11,2022-06,5,235,84394.0,83316.58,4.647,660-699,90-95%,>43%,IL,Refinance,Second Home,Single Family,Servicer_C,Current,0,0,0,0,,2022-11-01,CoreLogic,Complete,Current,0,0,0,0,0,
LN0000249,6,2022-12,2022-06,6,234,84394.0,83098.58,4.647,660-699,90-95%,>43%,IL,Refinance,Second Home,Single Family,Servicer_C,Current,0,0,0,0,,2022-12-01,CoreLogic,Complete,Current,0,0,0,0,0,
LN0000257,1,2021-01,2020-12,1,359,107884.0,107727.22,3.952,700-739,70-80%,36-43%,FL,Home Improvement,Primary,Condo,Servicer_A,Current,0,0,0,0,,2021-01-01,CoreLogic,Complete,Current,0,0,0,0,0,
LN0000257,2,2021-02,2020-12,2,358,107884.0,107569.93,3.952,700-739,70-80%,36-43%,FL,Home Improvement,Primary,Condo,Servicer_A,Current,0,0,0,0,,2021-02-01,CoreLogic,Complete,Current,0,0,0,0,0,
LN0000257,3,2021-03,2020-12,3,357,107884.0,107412.12,3.952,700-739,70-80%,36-43%,FL,Home Improvement,Primary,Condo,Servicer_A,Current,0,0,0,0,,2021-03-01,CoreLogic,Complete,Current,0,0,0,0,0,
LN0000257,4,2021-04,2020-12,4,356,107884.0,107253.79,3.952,700-739,70-80%,36-43%,FL,Home Improvement,Primary,Condo,Servicer_A,Current,0,0,0,0,,2021-04-01,CoreLogic,Complete,Current,0,0,0,0,0,
LN0000257,5,2021-05,2020-12,5,355,107884.0,107094.94,3.952,700-739,70-80%,36-43%,FL,Home Improvement,Primary,Condo,Servicer_A,Current,0,0,0,0,,2021-05-01,CoreLogic,Complete,Current,0,0,0,0,0,
LN0000257,6,2021-06,2020-12,6,354,107884.0,106935.57,3.952,700-739,70-80%,36-43%,FL,Home Improvement,Primary,Condo,Servicer_A,Current,0,0,0,0,,2021-06-01,CoreLogic,Complete,Current,0,0,0,0,0,
LN0000257,7,2021-07,2020-12,7,353,107884.0,106775.67,3.952,700-739,70-80%,36-43%,FL,Home Improvement,Primary,Condo,Servicer_A,Current,0,0,0,0,,2021-07-01,CoreLogic,Complete,Current,0,0,0,0,0,
LN0000257,8,2021-08,2020-12,8,352,107884.0,106615.24,3.952,700-739,70-80%,36-43%,FL,Home Improvement,Primary,Condo,Servicer_A,Current,0,0,0,0,,2021-08-01,CoreLogic,Complete,Current,0,0,0,0,0,
LN0000257,9,2021-09,2020-12,9,351,107884.0,106454.29,3.952,700-739,70-80%,36-43%,FL,Home Improvement,Primary,Condo,Servicer_A,Current,0,0,0,0,,2021-09-01,CoreLogic,Complete,Current,0,0,0,0,0,
LN0000257,10,2021-10,2020-12,10,350,107884.0,106292.8,3.952,700-739,70-80%,36-43%,FL,Home Improvement,Primary,Condo,Servicer_A,Current,0,0,0,0,,2021-10-01,CoreLogic,Complete,Current,0,0,0,0,0,
LN0000257,11,2021-11,2020-12,11,349,107884.0,106130.79,3.952,700-739,70-80%,36-43%,FL,Home Improvement,Primary,Condo,Servicer_A,Current,0,0,0,0,,2021-11-01,CoreLogic,Complete,Current,0,0,0,0,0,
LN0000257,12,2021-12,2020-12,12,348,107884.0,105968.24,3.952,700-739,70-80%,36-43%,FL,Home Improvement,Primary,Condo,Servicer_A,Current,0,0,0,0,,2021-12-01,CoreLogic,Complete,Current,0,0,0,0,0,
LN0000257,13,2022-01,2020-12,13,347,107884.0,105805.15,3.952,700-739,70-80%,36-43%,FL,Home Improvement,Primary,Condo,Servicer_A,Current,0,0,0,0,,2022-01-01,CoreLogic,Complete,Current,0,0,0,0,0,
LN0000257,14,2022-02,2020-12,14,346,107884.0,105641.53,3.952,700-739,70-80%,36-43%,FL,Home Improvement,Primary,Condo,Servicer_A,Current,0,0,0,0,,2022-02-01,CoreLogic,Complete,Current,0,0,0,0,0,
LN0000257,15,2022-03,2020-12,15,345,107884.0,105477.37,3.952,700-739,70-80%,36-43%,FL,Home Improvement,Primary,Condo,Servicer_A,Current,0,0,0,0,,2022-03-01,CoreLogic,Complete,Current,0,0,0,0,0,
LN0000257,16,2022-04,2020-12,16,344,107884.0,105312.67,3.952,700-739,70-80%,36-43%,FL,Home Improvement,Primary,Condo,Servicer_A,Current,0,0,0,0,,2022-04-01,CoreLogic,Complete,Current,0,0,0,0,0,
LN0000257,17,2022-05,2020-12,17,343,107884.0,105147.42,3.952,700-739,70-80%,36-43%,FL,Home Improvement,Primary,Condo,Servicer_A,Current,0,0,0,0,,2022-05-01,CoreLogic,Complete,Current,0,0,0,0,0,
LN0000257,18,2022-06,2020-12,18,342,107884.0,104981.63,3.952,700-739,70-80%,36-43%,FL,Home Improvement,Primary,Condo,Servicer_A,Current,0,0,0,0,,2022-06-01,CoreLogic,Complete,Current,0,0,0,0,0,
LN0000257,19,2022-07,2020-12,19,341,107884.0,104815.3,3.952,700-739,70-80%,36-43%,FL,Home Improvement,Primary,Condo,Servicer_A,Current,0,0,0,0,,2022-07-01,CoreLogic,Complete,Current,0,0,0,0,0,
LN0000257,20,2022-08,2020-12,20,340,107884.0,104648.42,3.952,700-739,70-80%,36-43%,FL,Home Improvement,Primary,Condo,Servicer_A,Current,0,0,0,0,,2022-08-01,CoreLogic,Complete,Current,0,0,0,0,0,
LN0000257,21,2022-09,2020-12,21,339,107884.0,104480.99,3.952,700-739,70-80%,36-43%,FL,Home Improvement,Primary,Condo,Servicer_A,Current,0,0,0,0,,2022-09-01,CoreLogic,Complete,Current,0,0,0,0,0,
LN0000257,22,2022-10,2020-12,22,338,107884.0,104313.0,3.952,700-739,70-80%,36-43%,FL,Home Improvement,Primary,Condo,Servicer_A,Current,0,0,0,0,,2022-10-01,CoreLogic,Complete,Current,0,0,0,0,0,
LN0000257,23,2022-11,2020-12,23,337,107884.0,104144.47,3.952,700-739,70-80%,36-43%,FL,Home Improvement,Primary,Condo,Servicer_A,Current,0,0,0,0,,2022-11-01,CoreLogic,Complete,Current,0,0,0,0,0,
LN0000257,24,2022-12,2020-12,24,336,107884.0,103975.38,3.952,700-739,70-80%,36-43%,FL,Home Improvement,Primary,Condo,Servicer_A,Current,0,0,0,0,,2022-12-01,CoreLogic,Complete,Current,0,0,0,0,0,
LN0000258,1,2022-06,2022-05,1,359,152910.0,152723.09,4.907,700-739,90-95%,20-28%,WI,Purchase,Primary,Single Family,Servicer_B,Current,0,0,0,0,,2022-06-01,Black Knight,Pending Review,Current,0,0,0,0,0,
LN0000258,2,2022-07,2022-05,2,358,152910.0,152535.41,4.907,700-739,90-95%,20-28%,WI,Purchase,Primary,Single Family,Servicer_B,Current,0,0,0,0,,2022-07-01,Black Knight,Pending Review,Current,0,0,0,0,0,
LN0000258,3,2022-08,2022-05,3,357,152910.0,152346.97,4.907,700-739,90-95%,20-28%,WI,Purchase,Primary,Single Family,Servicer_B,Current,0,0,0,0,,2022-08-01,Black Knight,Pending Review,Current,0,0,0,0,0,
LN0000258,4,2022-09,2022-05,4,356,152910.0,152157.76,4.907,700-739,90-95%,20-28%,WI,Purchase,Primary,Single Family,Servicer_B,Current,0,0,0,0,,2022-09-01,Black Knight,Pending Review,Current,0,0,0,0,0,
LN0000258,5,2022-10,2022-05,5,355,152910.0,151967.77,4.907,700-739,90-95%,20-28%,WI,Purchase,Primary,Single Family,Servicer_B,Current,0,0,0,0,,2022-10-01,Black Knight,Pending Review,Current,0,0,0,1,0,
LN0000258,6,2022-11,2022-05,6,354,152910.0,151777.01,4.907,700-739,90-95%,20-28%,WI,Purchase,Primary,Single Family,Servicer_B,Current,0,0,0,0,,2022-11-01,Black Knight,Pending Review,Current,0,0,0,1,0,
LN0000258,7,2022-12,2022-05,7,353,152910.0,151585.47,4.907,700-739,90-95%,20-28%,WI,Purchase,Primary,Single Family,Servicer_B,Current,0,0,0,0,,2022-12-01,Black Knight,Pending Review,Current,0,0,0,1,0,
LN0000281,1,2022-02,2022-01,1,359,73098.0,73024.03,5.914,700-739,<60%,36-43%,MD,Home Improvement,Primary,Single Family,Servicer_E,Current,0,0,0,0,,2022-02-01,CoreLogic,Complete,Current,0,0,0,0,0,
LN0000281,2,2022-03,2022-01,2,358,73098.0,72949.69,5.914,700-739,<60%,36-43%,MD,Home Improvement,Primary,Single Family,Servicer_E,Current,0,0,0,0,,2022-03-01,CoreLogic,Complete,Current,0,0,0,0,0,
LN0000281,3,2022-04,2022-01,3,357,73098.0,72874.98,5.914,700-739,<60%,36-43%,MD,Home Improvement,Primary,Single Family,Servicer_E,Current,0,0,0,0,,2022-04-01,CoreLogic,Complete,Current,0,0,0,0,0,
LN0000281,4,2022-05,2022-01,4,356,73098.0,72799.91,5.914,700-739,<60%,36-43%,MD,Home Improvement,Primary,Single Family,Servicer_E,Current,0,0,0,0,,2022-05-01,CoreLogic,Complete,Current,0,0,0,0,0,
LN0000281,5,2022-06,2022-01,5,355,73098.0,72724.46,5.914,700-739,<60%,36-43%,MD,Home Improvement,Primary,Single Family,Servicer_E,Current,0,0,0,0,,2022-06-01,CoreLogic,Complete,Current,0,0,0,0,0,
LN0000281,6,2022-07,2022-01,6,354,73098.0,72648.65,5.914,700-739,<60%,36-43%,MD,Home Improvement,Primary,Single Family,Servicer_E,Current,0,0,0,0,,2022-07-01,CoreLogic,Complete,Current,0,0,0,0,0,
LN0000281,7,2022-08,2022-01,7,353,73098.0,72572.46,5.914,700-739,<60%,36-43%,MD,Home Improvement,Primary,Single Family,Servicer_E,Current,0,0,0,0,,2022-08-01,CoreLogic,Complete,Current,0,0,0,0,0,
LN0000281,8,2022-09,2022-01,8,352,73098.0,72495.89,5.914,700-739,<60%,36-43%,MD,Home Improvement,Primary,Single Family,Servicer_E,Current,0,0,0,0,,2022-09-01,CoreLogic,Complete,Current,0,0,0,0,0,
LN0000281,9,2022-10,2022-01,9,351,73098.0,72418.95,5.914,700-739,<60%,36-43%,MD,Home Improvement,Primary,Single Family,Servicer_E,Current,0,0,0,0,,2022-10-01,CoreLogic,Complete,Current,0,0,0,0,0,
LN0000281,10,2022-11,2022-01,10,350,73098.0,72341.63,5.914,700-739,<60%,36-43%,MD,Home Improvement,Primary,Single Family,Servicer_E,Current,0,0,0,0,,2022-11-01,CoreLogic,Complete,Current,0,0,0,0,0,
LN0000281,11,2022-12,2022-01,11,349,73098.0,72263.93,5.914,700-739,<60%,36-43%,MD,Home Improvement,Primary,Single Family,Servicer_E,Current,0,0,0,0,,2022-12-01,CoreLogic,Complete,Current,0,0,0,0,0,
LN0000283,1,2021-10,2021-09,1,359,195349.0,195005.02,2.849,620-659,70-80%,28-36%,IN,Refinance,Primary,Townhouse,Servicer_A,Current,0,0,0,0,,2021-10-01,Ellie Mae,Missing Items,Current,0,0,0,0,0,
LN0000283,2,2021-11,2021-09,2,358,195349.0,194660.21,2.849,620-659,70-80%,28-36%,IN,Refinance,Primary,Townhouse,Servicer_A,Current,0,0,0,0,,2021-11-01,Ellie Mae,Missing Items,Current,0,0,0,0,0,
LN0000283,3,2021-12,2021-09,3,357,195349.0,194314.59,2.849,620-659,70-80%,28-36%,IN,Refinance,Primary,Townhouse,Servicer_A,Current,0,0,0,0,,2021-12-01,Ellie Mae,Missing Items,Current,0,0,0,0,0,
LN0000283,4,2022-01,2021-09,4,356,195349.0,193968.15,2.849,620-659,70-80%,28-36%,IN,Refinance,Primary,Townhouse,Servicer_A,Current,0,0,0,0,,2022-01-01,Ellie Mae,Missing Items,Current,0,0,0,0,0,
LN0000283,5,2022-02,2021-09,5,355,195349.0,193620.89,2.849,620-659,70-80%,28-36%,IN,Refinance,Primary,Townhouse,Servicer_A,Current,0,0,0,0,,2022-02-01,Ellie Mae,Missing Items,Current,0,0,0,0,0,
LN0000283,6,2022-03,2021-09,6,354,195349.0,193272.8,2.849,620-659,70-80%,28-36%,IN,Refinance,Primary,Townhouse,Servicer_A,Current,0,0,0,0,,2022-03-01,Ellie Mae,Missing Items,Current,0,0,0,0,0,
LN0000283,7,2022-04,2021-09,7,353,195349.0,192923.89,2.849,620-659,70-80%,28-36%,IN,Refinance,Primary,Townhouse,Servicer_A,Current,0,0,0,0,,2022-04-01,Ellie Mae,Missing Items,Current,0,0,0,0,0,
LN0000283,8,2022-05,2021-09,8,352,195349.0,192574.14,2.849,620-659,70-80%,28-36%,IN,Refinance,Primary,Townhouse,Servicer_A,Current,0,0,0,0,,2022-05-01,Ellie Mae,Missing Items,Current,0,0,0,0,0,
LN0000283,9,2022-06,2021-09,9,351,195349.0,192223.57,2.849,620-659,70-80%,28-36%,IN,Refinance,Primary,Townhouse,Servicer_A,Current,0,0,0,0,,2022-06-01,Ellie Mae,Missing Items,Current,0,0,0,0,0,
LN0000283,10,2022-07,2021-09,10,350,195349.0,191872.17,2.849,620-659,70-80%,28-36%,IN,Refinance,Primary,Townhouse,Servicer_A,Current,0,0,0,0,,2022-07-01,Ellie Mae,Missing Items,Current,0,0,0,0,0,
LN0000283,11,2022-08,2021-09,11,349,195349.0,191519.93,2.849,620-659,70-80%,28-36%,IN,Refinance,Primary,Townhouse,Servicer_A,Current,0,0,0,0,,2022-08-01,Ellie Mae,Missing Items,Current,0,0,0,0,0,
LN0000283,12,2022-09,2021-09,12,348,195349.0,191166.85,2.849,620-659,70-80%,28-36%,IN,Refinance,Primary,Townhouse,Servicer_A,Current,0,0,0,0,,2022-09-01,Ellie Mae,Missing Items,Current,0,0,0,0,0,
LN0000283,13,2022-10,2021-09,13,347,195349.0,190812.94,2.849,620-659,70-80%,28-36%,IN,Refinance,Primary,Townhouse,Servicer_A,Current,0,0,0,0,,2022-10-01,Ellie Mae,Missing Items,Current,0,0,0,0,0,
LN0000283,14,2022-11,2021-09,14,346,195349.0,190458.18,2.849,620-659,70-80%,28-36%,IN,Refinance,Primary,Townhouse,Servicer_A,Current,0,0,0,0,,2022-11-01,Ellie Mae,Missing Items,Current,0,0,0,0,0,
LN0000283,15,2022-12,2021-09,15,345,195349.0,190102.59,2.849,620-659,70-80%,28-36%,IN,Refinance,Primary,Townhouse,Servicer_A,Current,0,0,0,0,,2022-12-01,Ellie Mae,Missing Items,Current,0,0,0,0,0,
LN0000306,1,2020-11,2020-10,1,359,187091.0,186851.36,4.652,780+,<60%,<20%,IN,Cash-Out Refinance,Primary,Single Family,Servicer_D,Current,0,0,0,0,,2020-11-01,Black Knight,Pending Review,Current,0,0,0,0,0,
LN0000306,2,2020-12,2020-10,2,358,187091.0,186610.78,4.652,780+,<60%,<20%,IN,Cash-Out Refinance,Primary,Single Family,Servicer_D,Current,0,0,0,0,,2020-12-01,Black Knight,Pending Review,Current,0,0,0,0,0,
LN0000306,3,2021-01,2020-10,3,357,187091.0,186369.27,4.652,780+,<60%,<20%,IN,Cash-Out Refinance,Primary,Single Family,Servicer_D,Current,0,0,0,0,,2021-01-01,Black Knight,Pending Review,Current,0,0,0,0,0,
LN0000306,4,2021-02,2020-10,4,356,187091.0,186126.83,4.652,780+,<60%,<20%,IN,Cash-Out Refinance,Primary,Single Family,Servicer_D,Current,0,0,0,0,,2021-02-01,Black Knight,Pending Review,Current,0,0,0,0,0,
LN0000306,5,2021-03,2020-10,5,355,187091.0,185883.45,4.652,780+,<60%,<20%,IN,Cash-Out Refinance,Primary,Single Family,Servicer_D,Current,0,0,0,0,,2021-03-01,Black Knight,Pending Review,Current,0,0,0,0,0,
LN0000306,6,2021-04,2020-10,6,354,187091.0,185639.12,4.652,780+,<60%,<20%,IN,Cash-Out Refinance,Primary,Single Family,Servicer_D,Current,0,0,0,0,,2021-04-01,Black Knight,Pending Review,Current,0,0,0,0,0,
LN0000306,7,2021-05,2020-10,7,353,187091.0,185393.85,4.652,780+,<60%,<20%,IN,Cash-Out Refinance,Primary,Single Family,Servicer_D,Current,0,0,0,0,,2021-05-01,Black Knight,Pending Review,Current,0,0,0,0,0,
LN0000306,8,2021-06,2020-10,8,352,187091.0,185147.63,4.652,780+,<60%,<20%,IN,Cash-Out Refinance,Primary,Single Family,Servicer_D,Current,0,0,0,0,,2021-06-01,Black Knight,Pending Review,Current,0,0,0,0,0,
LN0000306,9,2021-07,2020-10,9,351,187091.0,184900.45,4.652,780+,<60%,<20%,IN,Cash-Out Refinance,Primary,Single Family,Servicer_D,Current,0,0,0,0,,2021-07-01,Black Knight,Pending Review,Current,0,0,0,0,0,
LN0000306,10,2021-08,2020-10,10,350,187091.0,184652.31,4.652,780+,<60%,<20%,IN,Cash-Out Refinance,Primary,Single Family,Servicer_D,Current,0,0,0,0,,2021-08-01,Black Knight,Pending Review,Current,0,0,0,0,0,
LN0000306,11,2021-09,2020-10,11,349,187091.0,184403.21,4.652,780+,<60%,<20%,IN,Cash-Out Refinance,Primary,Single Family,Servicer_D,Current,0,0,0,0,,2021-09-01,Black Knight,Pending Review,Current,0,0,0,0,0,
LN0000306,12,2021-10,2020-10,12,348,187091.0,184153.15,4.652,780+,<60%,<20%,IN,Cash-Out Refinance,Primary,Single Family,Servicer_D,Current,0,0,0,0,,2021-10-01,Black Knight,Pending Review,Current,0,0,0,0,0,
LN0000306,13,2021-11,2020-10,13,347,187091.0,404584.65,4.652,780+,<60%,<20%,IN,Cash-Out Refinance,Primary,Single Family,Servicer_D,Current,0,0,0,0,,2021-11-01,Black Knight,Pending Review,Current,0,0,0,0,1,Valuation Discrepancy
LN0000306,14,2021-12,2020-10,14,346,187091.0,183650.11,4.652,780+,<60%,<20%,IN,Cash-Out Refinance,Primary,Single Family,Servicer_D,Current,0,0,0,0,,2021-12-01,Black Knight,Pending Review,Current,0,0,0,0,0,
LN0000306,15,2022-01,2020-10,15,345,187091.0,183397.12,4.652,780+,<60%,<20%,IN,Cash-Out Refinance,Primary,Single Family,Servicer_D,Current,0,0,0,0,,2022-01-01,Black Knight,Pending Review,Current,0,0,0,0,0,
LN0000306,16,2022-02,2020-10,16,344,187091.0,183143.16,4.652,780+,<60%,<20%,IN,Cash-Out Refinance,Primary,Single Family,Servicer_D,Current,0,0,0,0,,2022-02-01,Black Knight,Pending Review,Current,0,0,0,0,0,
LN0000306,17,2022-03,2020-10,17,343,187091.0,182888.21,4.652,780+,<60%,<20%,IN,Cash-Out Refinance,Primary,Single Family,Servicer_D,Current,0,0,0,0,,2022-03-01,Black Knight,Pending Review,Current,0,0,0,0,0,
LN0000306,18,2022-04,2020-10,18,342,187091.0,182632.27,4.652,780+,<60%,<20%,IN,Cash-Out Refinance,Primary,Single Family,Servicer_D,Current,0,0,0,0,,2022-04-01,Black Knight,Pending Review,Current,0,0,0,0,0,
LN0000306,19,2022-05,2020-10,19,341,187091.0,182375.34,4.652,780+,<60%,<20%,IN,Cash-Out Refinance,Primary,Single Family,Servicer_D,Current,0,0,0,0,,2022-05-01,Black Knight,Pending Review,Current,0,0,0,0,0,
LN0000306,20,2022-06,2020-10,20,340,187091.0,182117.41,4.652,780+,<60%,<20%,IN,Cash-Out Refinance,Primary,Single Family,Servicer_D,Current,0,0,0,0,,2022-06-01,Black Knight,Pending Review,Current,0,0,0,0,0,
LN0000306,21,2022-07,2020-10,21,339,187091.0,181858.49,4.652,780+,<60%,<20%,IN,Cash-Out Refinance,Primary,Single Family,Servicer_D,Current,0,0,0,0,,2022-07-01,Black Knight,Pending Review,Current,0,0,0,0,0,
LN0000306,22,2022-08,2020-10,22,338,187091.0,181598.56,4.652,780+,<60%,<20%,IN,Cash-Out Refinance,Primary,Single Family,Servicer_D,Current,0,0,0,0,,2022-08-01,Black Knight,Pending Review,Current,0,0,0,0,0,
LN0000306,23,2022-09,2020-10,23,337,187091.0,181337.62,4.652,780+,<60%,<20%,IN,Cash-Out Refinance,Primary,Single Family,Servicer_D,Current,0,0,0,0,,2022-09-01,Black Knight,Pending Review,Current,0,0,0,0,0,
LN0000306,24,2022-10,2020-10,24,336,187091.0,181075.67,4.652,780+,<60%,<20%,IN,Cash-Out Refinance,Primary,Single Family,Servicer_D,Current,0,0,0,0,,2022-10-01,Black Knight,Pending Review,Current,0,0,0,0,0,
LN0000306,25,2022-11,2020-10,25,335,187091.0,180812.71,4.652,780+,<60%,<20%,IN,Cash-Out Refinance,Primary,Single Family,Servicer_D,Current,0,0,0,0,,2022-11-01,Black Knight,Pending Review,Current,0,0,0,0,0,
LN0000306,26,2022-12,2020-10,26,334,187091.0,180548.72,4.652,780+,<60%,<20%,IN,Cash-Out Refinance,Primary,Single Family,Servicer_D,Current,0,0,0,0,,2022-12-01,Black Knight,Pending Review,Current,0,0,0,0,0,
LN0000329,1,2022-06,2022-05,1,359,246364.0,246071.52,5.065,700-739,60-70%,<20%,MI,Cash-Out Refinance,Second Home,Manufactured,Servicer_C,Current,0,0,0,0,,2022-06-01,CoreLogic,Complete,Current,0,0,0,0,0,
LN0000329,2,2022-07,2022-05,2,358,246364.0,245777.81,5.065,700-739,60-70%,<20%,MI,Cash-Out Refinance,Second Home,Manufactured,Servicer_C,Current,0,0,0,0,,2022-07-01,CoreLogic,Complete,Current,0,0,0,0,0,
LN0000329,3,2022-08,2022-05,3,357,246364.0,245482.86,5.065,700-739,60-70%,<20%,MI,Cash-Out Refinance,Second Home,Manufactured,Servicer_C,Current,0,0,0,0,,2022-08-01,CoreLogic,Complete,Current,0,0,0,0,0,
LN0000329,4,2022-09,2022-05,4,356,246364.0,245186.66,5.065,700-739,60-70%,<20%,MI,Cash-Out Refinance,Second Home,Manufactured,Servicer_C,Current,0,0,0,0,,2022-09-01,CoreLogic,Complete,Current,0,0,0,0,0,
LN0000329,5,2022-10,2022-05,5,355,246364.0,244889.21,5.065,700-739,60-70%,<20%,MI,Cash-Out Refinance,Second Home,Manufactured,Servicer_C,Current,0,0,0,0,,2022-10-01,CoreLogic,Complete,Current,0,0,0,0,0,
LN0000329,6,2022-11,2022-05,6,354,246364.0,244590.51,5.065,700-739,60-70%,<20%,MI,Cash-Out Refinance,Second Home,Manufactured,Servicer_C,Current,0,0,0,0,,2022-11-01,CoreLogic,Complete,Current,0,0,0,0,0,
LN0000329,7,2022-12,2022-05,7,353,246364.0,244290.55,5.065,700-739,60-70%,<20%,MI,Cash-Out Refinance,Second Home,Manufactured,Servicer_C,Current,0,0,0,0,,2022-12-01,CoreLogic,Complete,Current,0,0,0,0,0,
LN0000340,1,2021-02,2021-01,1,239,87800.0,87583.34,4.877,700-739,80-90%,<20%,MD,Purchase,Primary,Single Family,Servicer_B,Current,0,0,0,0,,2021-02-01,Encompass,Under Exception,Current,0,0,0,0,0,
LN0000340,2,2021-03,2021-01,2,238,87800.0,87365.8,4.877,700-739,80-90%,<20%,MD,Purchase,Primary,Single Family,Servicer_B,Current,0,0,0,0,,2021-03-01,Encompass,Under Exception,Current,0,0,0,0,0,
LN0000340,3,2021-04,2021-01,3,237,87800.0,87147.38,4.877,700-739,80-90%,<20%,MD,Purchase,Primary,Single Family,Servicer_B,Current,0,0,0,0,,2021-04-01,Encompass,Under Exception,Current,0,0,0,0,0,
LN0000340,4,2021-05,2021-01,4,236,87800.0,86928.07,4.877,700-739,80-90%,<20%,MD,Purchase,Primary,Single Family,Servicer_B,Current,0,0,0,0,,2021-05-01,Encompass,Under Exception,Current,0,0,0,0,0,
LN0000340,5,2021-06,2021-01,5,235,87800.0,86707.87,4.877,700-739,80-90%,<20%,MD,Purchase,Primary,Single Family,Servicer_B,Current,0,0,0,0,,2021-06-01,Encompass,Under Exception,Current,0,0,0,0,0,
LN0000340,6,2021-07,2021-01,6,234,87800.0,86486.77,4.877,700-739,80-90%,<20%,MD,Purchase,Primary,Single Family,Servicer_B,Current,0,0,0,0,,2021-07-01,Encompass,Under Exception,Current,0,0,0,0,0,
LN0000340,7,2021-08,2021-01,7,233,87800.0,86264.78,4.877,700-739,80-90%,<20%,MD,Purchase,Primary,Single Family,Servicer_B,Current,0,0,0,0,,2021-08-01,Encompass,Under Exception,Current,0,0,0,0,0,
LN0000340,8,2021-09,2021-01,8,232,87800.0,86041.88,4.877,700-739,80-90%,<20%,MD,Purchase,Primary,Single Family,Servicer_B,Current,0,0,0,0,,2021-09-01,Encompass,Under Exception,Current,0,0,0,0,0,
LN0000340,9,2021-10,2021-01,9,231,87800.0,85818.08,4.877,700-739,80-90%,<20%,MD,Purchase,Primary,Single Family,Servicer_B,Current,0,0,0,0,,2021-10-01,Encompass,Under Exception,Current,0,0,0,0,0,
LN0000340,10,2021-11,2021-01,10,230,87800.0,85593.36,4.877,700-739,80-90%,<20%,MD,Purchase,Primary,Single Family,Servicer_B,Current,0,0,0,0,,2021-11-01,Encompass,Under Exception,Current,0,0,0,0,0,
LN0000340,11,2021-12,2021-01,11,229,87800.0,85367.74,4.877,700-739,80-90%,<20%,MD,Purchase,Primary,Single Family,Servicer_B,Current,0,0,0,0,,2021-12-01,Encompass,Under Exception,Current,0,0,0,0,0,
LN0000340,12,2022-01,2021-01,12,228,87800.0,85141.19,4.877,700-739,80-90%,<20%,MD,Purchase,Primary,Single Family,Servicer_B,Current,0,0,0,0,,2022-01-01,Encompass,Under Exception,Current,0,0,0,0,0,
LN0000340,13,2022-02,2021-01,13,227,87800.0,84913.73,4.877,700-739,80-90%,<20%,MD,Purchase,Primary,Single Family,Servicer_B,Current,0,0,0,0,,2022-02-01,Encompass,Under Exception,Current,0,0,0,0,0,
LN0000340,14,2022-03,2021-01,14,226,87800.0,84685.34,4.877,700-739,80-90%,<20%,MD,Purchase,Primary,Single Family,Servicer_B,Current,0,0,0,0,,2022-03-01,Encompass,Under Exception,Current,0,0,0,0,0,
LN0000340,15,2022-04,2021-01,15,225,87800.0,84456.02,4.877,700-739,80-90%,<20%,MD,Purchase,Primary,Single Family,Servicer_B,Current,0,0,0,0,,2022-04-01,Encompass,Under Exception,Current,0,0,0,0,0,
LN0000340,16,2022-05,2021-01,16,224,87800.0,84225.78,4.877,700-739,80-90%,<20%,MD,Purchase,Primary,Single Family,Servicer_B,Current,0,0,0,0,,2022-05-01,Encompass,Under Exception,Current,0,0,0,0,0,
LN0000340,17,2022-06,2021-01,17,223,87800.0,83994.59,4.877,700-739,80-90%,<20%,MD,Purchase,Primary,Single Family,Servicer_B,Current,0,0,0,0,,2022-06-01,Encompass,Under Exception,Current,0,0,0,0,0,
LN0000340,18,2022-07,2021-01,18,222,87800.0,83762.47,4.877,700-739,80-90%,<20%,MD,Purchase,Primary,Single Family,Servicer_B,Current,0,0,0,0,,2022-07-01,Encompass,Under Exception,Current,0,0,0,0,0,
LN0000340,19,2022-08,2021-01,19,221,87800.0,83529.4,4.877,700-739,80-90%,<20%,MD,Purchase,Primary,Single Family,Servicer_B,Current,0,0,0,0,,2022-08-01,Encompass,Under Exception,Current,0,0,0,0,0,
LN0000340,20,2022-09,2021-01,20,220,87800.0,83295.38,4.877,700-739,80-90%,<20%,MD,Purchase,Primary,Single Family,Servicer_B,Current,0,0,0,0,,2022-09-01,Encompass,Under Exception,Current,0,0,0,0,0,
LN0000340,21,2022-10,2021-01,21,219,87800.0,83060.42,4.877,700-739,80-90%,<20%,MD,Purchase,Primary,Single Family,Servicer_B,Current,0,0,0,0,,2022-10-01,Encompass,Under Exception,Current,0,0,0,0,0,
LN0000340,22,2022-11,2021-01,22,218,87800.0,82824.5,4.877,700-739,80-90%,<20%,MD,Purchase,Primary,Single Family,Servicer_B,Current,0,0,0,0,,2022-11-01,Encompass,Under Exception,Current,0,0,0,0,0,
LN0000340,23,2022-12,2021-01,23,217,87800.0,82587.62,4.877,700-739,80-90%,<20%,MD,Purchase,Primary,Single Family,Servicer_B,Current,0,0,0,0,,2022-12-01,Encompass,Under Exception,Current,0,0,0,0,0,
LN0000344,1,2021-07,2021-06,1,359,235481.0,235223.25,5.5,660-699,60-70%,>43%,TN,Refinance,Primary,Single Family,Servicer_C,Current,0,0,0,0,,2021-07-01,Encompass,Under Exception,Current,0,0,0,0,0,
LN0000344,2,2021-08,2021-06,2,358,235481.0,234964.32,5.5,660-699,60-70%,>43%,TN,Refinance,Primary,Single Family,Servicer_C,Current,0,0,0,0,,2021-08-01,Encompass,Under Exception,Current,0,0,0,0,0,
LN0000344,3,2021-09,2021-06,3,357,235481.0,234704.21,5.5,660-699,60-70%,>43%,TN,Refinance,Primary,Single Family,Servicer_C,Current,0,0,0,0,,2021-09-01,Encompass,Under Exception,Current,0,0,0,0,0,
LN0000344,4,2021-10,2021-06,4,356,235481.0,234442.9,5.5,660-699,60-70%,>43%,TN,Refinance,Primary,Single Family,Servicer_C,Current,0,0,0,0,,2021-10-01,Encompass,Under Exception,Current,0,0,0,0,0,
LN0000344,5,2021-11,2021-06,5,355,235481.0,234180.4,5.5,660-699,60-70%,>43%,TN,Refinance,Primary,Single Family,Servicer_C,Current,0,0,0,0,,2021-11-01,Encompass,Under Exception,Current,0,0,0,0,0,
LN0000344,6,2021-12,2021-06,6,354,235481.0,233916.69,5.5,660-699,60-70%,>43%,TN,Refinance,Primary,Single Family,Servicer_C,Current,0,0,0,0,,2021-12-01,Encompass,Under Exception,Current,0,0,0,0,0,
LN0000344,7,2022-01,2021-06,7,353,235481.0,233651.77,5.5,660-699,60-70%,>43%,TN,Refinance,Primary,Single Family,Servicer_C,Current,0,0,0,0,,2022-01-01,Encompass,Under Exception,Current,0,0,0,0,0,
LN0000344,8,2022-02,2021-06,8,352,235481.0,233385.64,5.5,660-699,60-70%,>43%,TN,Refinance,Primary,Single Family,Servicer_C,Current,0,0,0,0,,2022-02-01,Encompass,Under Exception,Current,0,0,0,0,0,
LN0000344,9,2022-03,2021-06,9,351,235481.0,233118.29,5.5,660-699,60-70%,>43%,TN,Refinance,Primary,Single Family,Servicer_C,Current,0,0,0,0,,2022-03-01,Encompass,Under Exception,Current,0,0,0,0,0,
LN0000344,10,2021-04,2021-06,10,350,235481.0,232849.71,5.5,660-699,60-70%,>43%,TN,Refinance,Primary,Single Family,Servicer_C,Current,0,0,0,0,,2022-04-01,Encompass,Under Exception,Current,0,0,0,0,1,Date Anomaly
LN0000344,11,2022-05,2021-06,11,349,235481.0,232579.9,5.5,660-699,60-70%,>43%,TN,Refinance,Primary,Single Family,Servicer_C,Current,0,0,0,0,,2022-05-01,Encompass,Under Exception,Current,0,0,0,0,0,
LN0000344,12,2022-06,2021-06,12,348,235481.0,232308.86,5.5,660-699,60-70%,>43%,TN,Refinance,Primary,Single Family,Servicer_C,Current,0,0,0,0,,2022-06-01,Encompass,Under Exception,Current,0,0,0,0,0,
LN0000344,13,2022-07,2021-06,13,347,235481.0,232036.57,5.5,660-699,60-70%,>43%,TN,Refinance,Primary,Single Family,Servicer_C,Current,0,0,0,0,,2022-07-01,Encompass,Under Exception,Current,0,0,0,0,0,
LN0000344,14,2022-08,2021-06,14,346,235481.0,231763.04,5.5,660-699,60-70%,>43%,TN,Refinance,Primary,Single Family,Servicer_C,Current,0,0,0,0,,2022-08-01,Encompass,Under Exception,Current,0,0,0,0,0,
LN0000344,15,2022-09,2021-06,15,345,235481.0,231488.25,5.5,660-699,60-70%,>43%,TN,Refinance,Primary,Single Family,Servicer_C,Current,0,0,0,0,,2022-09-01,Encompass,Under Exception,Current,0,0,0,0,0,
LN0000344,16,2022-10,2021-06,16,344,235481.0,231212.2,5.5,660-699,60-70%,>43%,TN,Refinance,Primary,Single Family,Servicer_C,Current,0,0,0,0,,2022-10-01,Encompass,Under Exception,Current,0,0,0,0,0,
LN0000344,17,2022-11,2021-06,17,343,235481.0,230934.89,5.5,660-699,60-70%,>43%,TN,Refinance,Primary,Single Family,Servicer_C,Current,0,0,0,0,,2022-11-01,Encompass,Under Exception,Current,0,0,0,0,0,
LN0000344,18,2022-12,2021-06,18,342,235481.0,230656.31,5.5,660-699,60-70%,>43%,TN,Refinance,Primary,Single Family,Servicer_C,Current,0,0,0,0,,2022-12-01,Encompass,Under Exception,Current,0,0,0,0,0,
LN0000362,1,2022-06,2022-05,1,179,210313.0,209548.2,5.339,740-779,70-80%,28-36%,GA,Refinance,Primary,Manufactured,Servicer_C,Current,0,0,0,0,,2022-06-01,Black Knight,Pending Review,Current,0,0,0,1,0,
LN0000362,2,2022-07,2022-05,2,178,210313.0,208780.0,5.339,740-779,70-80%,28-36%,GA,Refinance,Primary,Manufactured,Servicer_C,Current,0,0,0,0,,2022-07-01,Black Knight,Pending Review,Current,0,0,0,1,0,
LN0000362,3,2022-08,2022-05,3,177,210313.0,208008.38,5.339,740-779,70-80%,28-36%,GA,Refinance,Primary,Manufactured,Servicer_C,Current,0,0,0,0,,2022-08-01,Black Knight,Pending Review,Current,0,0,0,1,0,
LN0000362,4,2022-09,2022-05,4,176,210313.0,207233.32,5.339,740-779,70-80%,28-36%,GA,Refinance,Primary,Manufactured,Servicer_C,Current,0,0,0,0,,2022-09-01,Black Knight,Pending Review,Current,0,0,0,1,0,
LN0000362,5,2022-10,2022-05,5,175,210313.0,206454.82,5.339,740-779,70-80%,28-36%,GA,Refinance,Primary,Manufactured,Servicer_C,Current,0,0,0,0,,2022-10-01,Black Knight,Pending Review,Current,0,0,0,1,0,
LN0000362,6,2022-11,2022-05,6,174,210313.0,205672.86,5.339,740-779,70-80%,28-36%,GA,Refinance,Primary,Manufactured,Servicer_C,Current,0,0,0,0,,2022-11-01,Black Knight,Pending Review,Current,0,0,0,1,0,
LN0000362,7,2022-12,2022-05,7,173,210313.0,204887.41,5.339,740-779,70-80%,28-36%,GA,Refinance,Primary,Manufactured,Servicer_C,Current,0,0,0,0,,2022-12-01,Black Knight,Pending Review,Current,0,0,0,1,0,
LN0000384,1,2021-02,2021-01,1,359,110885.0,110682.43,2.632,620-659,60-70%,20-28%,MO,Purchase,Primary,Condo,Servicer_A,Current,0,0,0,0,,2021-02-01,Encompass,Under Exception,Current,0,0,0,0,0,
LN0000384,2,2021-03,2021-01,2,358,110885.0,110479.42,2.632,620-659,60-70%,20-28%,MO,Purchase,Primary,Condo,Servicer_A,Current,0,0,0,0,,2021-03-01,Encompass,Under Exception,Current,0,0,0,0,0,
LN0000384,3,2021-04,2021-01,3,357,110885.0,110275.96,2.632,620-659,60-70%,20-28%,MO,Purchase,Primary,Condo,Servicer_A,Current,0,0,0,0,,2021-04-01,Encompass,Under Exception,Current,0,0,0,0,0,
LN0000384,4,2021-05,2021-01,4,356,110885.0,110072.05,2.632,620-659,60-70%,20-28%,MO,Purchase,Primary,Condo,Servicer_A,Current,0,0,0,0,,2021-05-01,Encompass,Under Exception,Current,0,0,0,0,0,
LN0000384,5,2021-06,2021-01,5,355,110885.0,109867.7,2.632,620-659,60-70%,20-28%,MO,Purchase,Primary,Condo,Servicer_A,Current,0,0,0,0,,2021-06-01,Encompass,Under Exception,Current,0,0,0,0,0,
LN0000384,6,2021-07,2021-01,6,354,110885.0,109662.9,2.632,620-659,60-70%,20-28%,MO,Purchase,Primary,Condo,Servicer_A,Current,292,0,0,0,,2021-07-01,Encompass,Under Exception,Current,0,0,0,0,0,
LN0000384,7,2021-08,2021-01,7,353,110885.0,109457.65,2.632,620-659,60-70%,20-28%,MO,Purchase,Primary,Condo,Servicer_A,Current,0,0,0,0,,2021-08-01,Encompass,Under Exception,Current,0,0,0,0,0,
LN0000384,8,2021-09,2021-01,8,352,110885.0,109251.95,2.632,620-659,60-70%,20-28%,MO,Purchase,Primary,Condo,Servicer_A,Current,0,0,0,0,,2021-09-01,Encompass,Under Exception,Current,0,0,0,0,0,
LN0000384,9,2021-10,2021-01,9,351,110885.0,109045.79,2.632,620-659,60-70%,20-28%,MO,Purchase,Primary,Condo,Servicer_A,Current,0,0,0,0,,2021-10-01,Encompass,Under Exception,Current,0,0,0,0,0,
LN0000384,10,2021-11,2021-01,10,350,110885.0,108839.19,2.632,620-659,60-70%,20-28%,MO,Purchase,Primary,Condo,Servicer_A,Current,0,0,0,0,,2021-11-01,Encompass,Under Exception,Current,0,0,0,0,0,
LN0000384,11,2021-12,2021-01,11,349,110885.0,108632.13,2.632,620-659,60-70%,20-28%,MO,Purchase,Primary,Condo,Servicer_A,Current,0,0,0,0,,2021-12-01,Encompass,Under Exception,Current,0,0,0,0,0,
LN0000384,12,2022-01,2021-01,12,348,110885.0,108424.62,2.632,620-659,60-70%,20-28%,MO,Purchase,Primary,Condo,Servicer_A,Current,0,0,0,0,,2022-01-01,Encompass,Under Exception,Current,0,0,0,0,0,
LN0000384,13,2022-02,2021-01,13,347,110885.0,108216.66,2.632,620-659,60-70%,20-28%,MO,Purchase,Primary,Condo,Servicer_A,Current,0,0,0,0,,2022-02-01,Encompass,Under Exception,Current,0,0,0,0,0,
LN0000384,14,2022-03,2021-01,14,346,110885.0,108008.23,2.632,620-659,60-70%,20-28%,MO,Purchase,Primary,Condo,Servicer_A,Current,0,0,0,0,,2022-03-01,Encompass,Under Exception,Current,0,0,0,0,0,
LN0000384,15,2022-04,2021-01,15,345,110885.0,107799.35,2.632,620-659,60-70%,20-28%,MO,Purchase,Primary,Condo,Servicer_A,Current,0,0,0,0,,2022-04-01,Encompass,Under Exception,Current,0,0,0,0,0,
LN0000384,16,2022-05,2021-01,16,344,110885.0,107590.02,2.632,620-659,60-70%,20-28%,MO,Purchase,Primary,Condo,Servicer_A,Current,0,0,0,0,,2022-05-01,Encompass,Under Exception,Current,0,0,0,0,0,
LN0000384,17,2022-06,2021-01,17,343,110885.0,107380.22,2.632,620-659,60-70%,20-28%,MO,Purchase,Primary,Condo,Servicer_A,Current,0,0,0,0,,2022-06-01,Encompass,Under Exception,Current,0,0,0,0,0,
LN0000384,18,2022-07,2021-01,18,342,110885.0,107169.96,2.632,620-659,60-70%,20-28%,MO,Purchase,Primary,Condo,Servicer_A,Current,0,0,0,0,,2022-07-01,Encompass,Under Exception,Current,0,0,0,0,0,
LN0000384,19,2022-08,2021-01,19,341,110885.0,106959.24,2.632,620-659,60-70%,20-28%,MO,Purchase,Primary,Condo,Servicer_A,Current,0,0,0,0,,2022-08-01,Encompass,Under Exception,Current,0,0,0,0,0,
LN0000384,20,2022-09,2021-01,20,340,110885.0,106748.06,2.632,620-659,60-70%,20-28%,MO,Purchase,Primary,Condo,Servicer_A,Current,0,0,0,0,,2022-09-01,Encompass,Under Exception,Current,0,0,0,0,0,
LN0000384,21,2022-10,2021-01,21,339,110885.0,106536.42,2.632,620-659,60-70%,20-28%,MO,Purchase,Primary,Condo,Servicer_A,Current,0,0,0,0,,2022-10-01,Encompass,Under Exception,Current,0,0,0,0,0,
LN0000384,22,2022-11,2021-01,22,338,110885.0,106324.31,2.632,620-659,60-70%,20-28%,MO,Purchase,Primary,Condo,Servicer_A,Current,0,0,0,0,,2022-11-01,Encompass,Under Exception,Current,0,0,0,0,0,
LN0000384,23,2022-12,2021-01,23,337,110885.0,106111.74,2.632,620-659,60-70%,20-28%,MO,Purchase,Primary,Condo,Servicer_A,Current,0,0,0,0,,2022-12-01,Encompass,Under Exception,Current,0,0,0,0,0,
LN0000398,1,2022-01,2021-12,1,179,194724.0,194022.24,5.446,780+,70-80%,20-28%,WI,Purchase,Primary,Single Family,Servicer_A,Current,0,0,0,0,,2022-01-01,Black Knight,Pending Review,Current,0,0,0,0,0,
LN0000398,2,2022-02,2021-12,2,178,194724.0,193317.29,5.446,780+,70-80%,20-28%,WI,Purchase,Primary,Single Family,Servicer_A,Current,0,0,0,0,,2022-02-01,Black Knight,Pending Review,Current,0,0,0,0,0,
LN0000398,3,2022-03,2021-12,3,177,194724.0,192609.15,5.446,780+,70-80%,20-28%,WI,Purchase,Primary,Single Family,Servicer_A,Current,0,0,0,0,,2022-03-01,Black Knight,Pending Review,Current,0,0,0,1,0,
LN0000398,4,2022-04,2021-12,4,176,194724.0,191897.79,5.446,780+,70-80%,20-28%,WI,Purchase,Primary,Single Family,Servicer_A,Current,0,0,0,0,,2022-04-01,Black Knight,Pending Review,Current,0,0,0,1,0,
LN0000398,5,2022-05,2021-12,5,175,194724.0,191183.2,5.446,780+,70-80%,20-28%,WI,Purchase,Primary,Single Family,Servicer_A,Current,0,0,0,0,,2022-05-01,Black Knight,Pending Review,Current,0,0,0,1,0,
LN0000398,6,2022-06,2021-12,6,174,194724.0,190465.37,5.446,780+,70-80%,20-28%,WI,Purchase,Primary,Single Family,Servicer_A,Current,0,0,0,0,,2022-06-01,Black Knight,Pending Review,Current,0,0,0,1,0,
LN0000398,7,2022-07,2021-12,7,173,194724.0,189744.28,5.446,780+,70-80%,20-28%,WI,Purchase,Primary,Single Family,Servicer_A,Current,0,0,0,0,,2022-07-01,Black Knight,Pending Review,Current,0,0,0,1,0,
LN0000398,8,2022-08,2021-12,8,172,194724.0,189019.92,5.446,780+,70-80%,20-28%,WI,Purchase,Primary,Single Family,Servicer_A,Current,0,0,0,0,,2022-08-01,Black Knight,Pending Review,Current,0,0,0,1,0,
LN0000398,9,2022-09,2021-12,9,171,194724.0,188292.28,5.446,780+,70-80%,20-28%,WI,Purchase,Primary,Single Family,Servicer_A,Current,0,0,0,0,,2022-09-01,Black Knight,Pending Review,Current,0,0,0,1,0,
LN0000398,10,2022-10,2021-12,10,170,194724.0,187561.33,5.446,780+,70-80%,20-28%,WI,Purchase,Primary,Single Family,Servicer_A,Current,0,0,0,0,,2022-10-01,Black Knight,Pending Review,Current,0,0,0,1,0,
LN0000398,11,2022-11,2021-12,11,169,194724.0,186827.06,5.446,780+,70-80%,20-28%,WI,Purchase,Primary,Single Family,Servicer_A,Current,0,0,0,0,,2022-11-01,Black Knight,Pending Review,Current,0,0,0,1,0,
LN0000398,12,2022-12,2021-12,12,168,194724.0,186089.46,5.446,780+,70-80%,20-28%,WI,Purchase,Primary,Single Family,Servicer_A,Current,0,0,0,0,,2022-12-01,Black Knight,Pending Review,Current,0,0,0,1,0,
LN0000420,1,2022-11,2022-10,1,359,217077.0,216733.39,3.467,660-699,>95%,28-36%,NJ,Cash-Out Refinance,Second Home,Single Family,Servicer_C,Current,0,0,0,0,,2022-11-01,Encompass,Under Exception,Current,0,0,0,0,0,
LN0000420,2,2022-12,2022-10,2,358,217077.0,216388.79,3.467,660-699,>95%,28-36%,NJ,Cash-Out Refinance,Second Home,Single Family,Servicer_C,Current,0,0,0,0,,2022-12-01,Encompass,Under Exception,Current,0,0,0,0,0,
LN0000423,1,2022-03,2022-02,1,359,194042.0,193762.12,3.994,620-659,<60%,>43%,MA,Refinance,Investment,Single Family,Servicer_B,Current,348,0,0,0,,2022-03-01,Ellie Mae,Missing Items,Current,0,0,0,0,0,
LN0000423,2,2022-04,2022-02,2,358,194042.0,193481.31,3.994,620-659,<60%,>43%,MA,Refinance,Investment,Single Family,Servicer_B,Current,0,0,0,0,,2022-04-01,Ellie Mae,Missing Items,Current,0,0,0,0,0,
LN0000423,3,2022-05,2022-02,3,357,194042.0,193199.57,3.994,620-659,<60%,>43%,MA,Refinance,Investment,Single Family,Servicer_B,Current,0,0,0,0,,2022-05-01,Ellie Mae,Missing Items,Current,0,0,0,0,0,
LN0000423,4,2022-06,2022-02,4,356,194042.0,192916.88,3.994,620-659,<60%,>43%,MA,Refinance,Investment,Single Family,Servicer_B,Current,0,0,0,0,,2022-06-01,Ellie Mae,Missing Items,Current,0,0,0,0,0,
LN0000423,5,2022-07,2022-02,5,355,194042.0,192633.26,3.994,620-659,<60%,>43%,MA,Refinance,Investment,Single Family,Servicer_B,Current,0,0,0,0,,2022-07-01,Ellie Mae,Missing Items,Current,0,0,0,0,0,
LN0000423,6,2022-08,2022-02,6,354,194042.0,192348.69,3.994,620-659,<60%,>43%,MA,Refinance,Investment,Single Family,Servicer_B,Current,0,0,0,0,,2022-08-01,Ellie Mae,Missing Items,Current,0,0,0,0,0,
LN0000423,7,2022-09,2022-02,7,353,194042.0,192063.18,3.994,620-659,<60%,>43%,MA,Refinance,Investment,Single Family,Servicer_B,Current,0,0,0,0,,2022-09-01,Ellie Mae,Missing Items,Current,0,0,0,0,0,
LN0000423,8,2022-10,2022-02,8,352,194042.0,191776.71,3.994,620-659,<60%,>43%,MA,Refinance,Investment,Single Family,Servicer_B,Current,0,0,0,0,,2022-10-01,Ellie Mae,Missing Items,Current,0,0,0,0,0,
LN0000423,9,2022-11,2022-02,9,351,194042.0,191489.3,3.994,620-659,<60%,>43%,MA,Refinance,Investment,Single Family,Servicer_B,Current,0,0,0,0,,2022-11-01,Ellie Mae,Missing Items,Current,0,0,0,0,0,
LN0000423,10,2022-12,2022-02,10,350,194042.0,191200.92,3.994,620-659,<60%,>43%,MA,Refinance,Investment,Single Family,Servicer_B,Current,0,0,0,0,,2022-12-01,Ellie Mae,Missing Items,Current,0,0,0,0,0,
LN0000430,1,2021-11,2021-10,1,359,198165.0,197988.49,6.576,700-739,70-80%,36-43%,CA,Refinance,Primary,Multi-Family,Servicer_B,Current,0,0,0,0,,2021-11-01,Black Knight,Pending Review,Current,0,0,0,0,0,
LN0000430,2,2021-12,2021-10,2,358,198165.0,197811.0,6.576,700-739,70-80%,36-43%,CA,Refinance,Primary,Multi-Family,Servicer_B,Current,0,0,0,0,,2021-12-01,Black Knight,Pending Review,Current,0,0,0,0,0,
LN0000430,3,2022-01,2021-10,3,357,198165.0,197632.55,6.576,700-739,70-80%,36-43%,CA,Refinance,Primary,Multi-Family,Servicer_B,Current,0,0,0,0,,2022-01-01,Black Knight,Pending Review,Current,0,0,0,0,0,
LN0000430,4,2022-02,2021-10,4,356,198165.0,197453.12,6.576,700-739,70-80%,36-43%,CA,Refinance,Primary,Multi-Family,Servicer_B,Current,0,0,0,0,,2022-02-01,Black Knight,Pending Review,Current,0,0,0,0,0,
LN0000430,5,2022-03,2021-10,5,355,198165.0,197272.7,6.576,700-739,70-80%,36-43%,CA,Refinance,Primary,Multi-Family,Servicer_B,Current,0,0,0,0,,2022-03-01,Black Knight,Pending Review,Current,0,0,0,0,0,
LN0000430,6,2022-04,2021-10,6,354,198165.0,197091.3,6.576,700-739,70-80%,36-43%,CA,Refinance,Primary,Multi-Family,Servicer_B,Current,0,0,0,0,,2022-04-01,Black Knight,Pending Review,Current,0,0,0,0,0,
LN0000430,7,2022-05,2021-10,7,353,198165.0,196908.9,6.576,700-739,70-80%,36-43%,CA,Refinance,Primary,Multi-Family,Servicer_B,Current,0,0,0,0,,2022-05-01,Black Knight,Pending Review,Current,0,0,0,0,0,
LN0000430,8,2022-06,2021-10,8,352,198165.0,196725.5,6.576,700-739,70-80%,36-43%,CA,Refinance,Primary,Multi-Family,Servicer_B,Current,0,0,0,0,,2022-06-01,Black Knight,Pending Review,Current,0,0,0,0,0,
LN0000430,9,2022-07,2021-10,9,351,198165.0,196541.1,6.576,700-739,70-80%,36-43%,CA,Refinance,Primary,Multi-Family,Servicer_B,Current,0,0,0,0,,2022-07-01,Black Knight,Pending Review,Current,0,0,0,0,0,
LN0000430,10,2022-08,2021-10,10,350,198165.0,196355.69,6.576,700-739,70-80%,36-43%,CA,Refinance,Primary,Multi-Family,Servicer_B,Current,0,0,0,0,,2022-08-01,Black Knight,Pending Review,Current,0,0,0,0,0,
LN0000430,11,2022-09,2021-10,11,349,198165.0,196169.26,6.576,700-739,70-80%,36-43%,CA,Refinance,Primary,Multi-Family,Servicer_B,Current,0,0,0,0,,2022-09-01,Black Knight,Pending Review,Current,0,0,0,0,0,
LN0000430,12,2022-10,2021-10,12,348,198165.0,195981.81,6.576,700-739,70-80%,36-43%,CA,Refinance,Primary,Multi-Family,Servicer_B,Current,0,0,0,0,,2022-10-01,Black Knight,Pending Review,Current,0,0,0,0,0,
LN0000430,13,2022-11,2021-10,13,347,198165.0,195793.33,6.576,700-739,70-80%,36-43%,CA,Refinance,Primary,Multi-Family,Servicer_B,Current,0,0,0,0,,2022-11-01,Black Knight,Pending Review,Current,0,0,0,0,0,
LN0000430,14,2022-12,2021-10,14,346,198165.0,195603.82,6.576,700-739,70-80%,36-43%,CA,Refinance,Primary,Multi-Family,Servicer_B,Current,0,0,0,0,,2022-12-01,Black Knight,Pending Review,Current,0,0,0,0,0,
LN0000437,1,2021-10,2021-09,1,359,398667.0,398074.87,3.829,620-659,70-80%,28-36%,TX,Home Improvement,Second Home,Single Family,Servicer_B,Current,0,0,0,0,,2021-10-01,CoreLogic,Complete,Current,0,0,0,0,0,
LN0000437,2,2021-11,2021-09,2,358,398667.0,397480.86,3.829,620-659,70-80%,28-36%,TX,Home Improvement,Second Home,Single Family,Servicer_B,Current,0,0,0,0,,2021-11-01,CoreLogic,Complete,Current,0,0,0,0,0,
LN0000437,3,2021-12,2021-09,3,357,398667.0,396884.95,3.829,620-659,70-80%,28-36%,TX,Home Improvement,Second Home,Single Family,Servicer_B,Current,0,0,0,0,,2021-12-01,CoreLogic,Complete,Current,0,0,0,0,0,
LN0000437,4,2022-01,2021-09,4,356,398667.0,396287.14,3.829,620-659,70-80%,28-36%,TX,Home Improvement,Second Home,Single Family,Servicer_B,Current,0,0,0,0,,2022-01-01,CoreLogic,Complete,Current,0,0,0,0,0,
LN0000437,5,2022-02,2021-09,5,355,398667.0,395687.42,3.829,620-659,70-80%,28-36%,TX,Home Improvement,Second Home,Single Family,Servicer_B,Current,0,0,0,0,,2022-02-01,CoreLogic,Complete,Current,0,0,0,0,0,
LN0000437,6,2022-03,2021-09,6,354,398667.0,395085.78,3.829,620-659,70-80%,28-36%,TX,Home Improvement,Second Home,Single Family,Servicer_B,Current,0,0,0,0,,2022-03-01,CoreLogic,Complete,Current,0,0,0,0,0,
LN0000437,7,2022-04,2021-09,7,353,398667.0,394482.23,3.829,620-659,70-80%,28-36%,TX,Home Improvement,Second Home,Single Family,Servicer_B,Current,0,0,0,0,,2022-04-01,CoreLogic,Complete,Current,0,0,0,0,0,
LN0000437,8,2022-05,2021-09,8,352,398667.0,393876.75,3.829,620-659,70-80%,28-36%,TX,Home Improvement,Second Home,Single Family,Servicer_B,Current,0,0,0,0,,2022-05-01,CoreLogic,Complete,Current,0,0,0,0,0,
LN0000437,9,2022-06,2021-09,9,351,398667.0,393269.34,3.829,620-659,70-80%,28-36%,TX,Home Improvement,Second Home,Single Family,Servicer_B,Current,0,0,0,0,,2022-06-01,CoreLogic,Complete,Current,0,0,0,0,0,
LN0000437,10,2022-07,2021-09,10,350,398667.0,392659.99,3.829,620-659,70-80%,28-36%,TX,Home Improvement,Second Home,Single Family,Servicer_B,Current,0,0,0,0,,2022-07-01,CoreLogic,Complete,Current,0,0,0,0,0,
LN0000437,11,2022-08,2021-09,11,349,398667.0,392048.7,3.829,620-659,70-80%,28-36%,TX,Home Improvement,Second Home,Single Family,Servicer_B,Current,0,0,0,0,,2022-08-01,CoreLogic,Complete,Current,0,0,0,0,0,
LN0000437,12,2022-09,2021-09,12,348,398667.0,391435.46,3.829,620-659,70-80%,28-36%,TX,Home Improvement,Second Home,Single Family,Servicer_B,Current,0,0,0,0,,2022-09-01,CoreLogic,Complete,Current,0,0,0,0,0,
LN0000437,13,2022-10,2021-09,13,347,398667.0,390820.26,3.829,620-659,70-80%,28-36%,TX,Home Improvement,Second Home,Single Family,Servicer_B,Current,0,0,0,0,,2022-10-01,CoreLogic,Complete,Current,0,0,0,0,0,
LN0000437,14,2022-11,2021-09,14,346,398667.0,390203.09,3.829,620-659,70-80%,28-36%,TX,Home Improvement,Second Home,Single Family,Servicer_B,Current,0,0,0,0,,2022-11-01,CoreLogic,Complete,Current,0,0,0,0,0,
LN0000437,15,2022-12,2021-09,15,345,398667.0,389583.96,3.829,620-659,70-80%,28-36%,TX,Home Improvement,Second Home,Single Family,Servicer_B,Current,0,0,0,0,,2022-12-01,CoreLogic,Complete,Current,0,0,0,0,0,
LN0000456,1,2022-06,2022-05,1,179,226953.0,226078.53,4.646,660-699,90-95%,20-28%,GA,Refinance,Second Home,Multi-Family,Servicer_A,Current,0,0,0,0,,2022-06-01,Encompass,Under Exception,Current,0,0,0,0,0,
LN0000456,2,2022-07,2022-05,2,178,226953.0,225200.67,4.646,660-699,90-95%,20-28%,GA,Refinance,Second Home,Multi-Family,Servicer_A,Current,0,0,0,0,,2022-07-01,Encompass,Under Exception,Current,0,0,0,0,0,
LN0000456,3,2022-08,2022-05,3,177,226953.0,224319.42,4.646,660-699,90-95%,20-28%,GA,Refinance,Second Home,Multi-Family,Servicer_A,Current,0,0,0,0,,2022-08-01,Encompass,Under Exception,Current,0,0,0,0,0,
LN0000456,4,2022-09,2022-05,4,176,226953.0,223434.75,4.646,660-699,90-95%,20-28%,GA,Refinance,Second Home,Multi-Family,Servicer_A,Current,0,0,0,0,,2022-09-01,Encompass,Under Exception,Current,0,0,0,0,0,
LN0000456,5,2022-10,2022-05,5,175,226953.0,222546.66,4.646,660-699,90-95%,20-28%,GA,Refinance,Second Home,Multi-Family,Servicer_A,Current,0,0,0,0,,2022-10-01,Encompass,Under Exception,Current,0,0,0,0,0,
LN0000456,6,2022-11,2022-05,6,174,226953.0,221655.12,4.646,660-699,90-95%,20-28%,GA,Refinance,Second Home,Multi-Family,Servicer_A,Current,0,0,0,0,,2022-11-01,Encompass,Under Exception,Current,0,0,0,0,0,
LN0000456,7,2022-12,2022-05,7,173,226953.0,220760.14,4.646,660-699,90-95%,20-28%,GA,Refinance,Second Home,Multi-Family,Servicer_A,Current,0,0,0,0,,2022-12-01,Encompass,Under Exception,Current,0,0,0,0,0,
LN0000466,1,2021-10,2021-09,1,359,180051.0,179914.3,7.386,740-779,60-70%,20-28%,AZ,Cash-Out Refinance,Primary,Single Family,Servicer_C,Current,0,0,0,0,,2021-10-01,Black Knight,Pending Review,Current,0,0,0,0,0,
LN0000466,2,2021-11,2021-09,2,358,180051.0,179776.75,7.386,740-779,60-70%,20-28%,AZ,Cash-Out Refinance,Primary,Single Family,Servicer_C,Current,0,0,0,0,,2021-11-01,Black Knight,Pending Review,Current,0,0,0,0,0,
LN0000466,3,2021-12,2021-09,3,357,180051.0,179638.36,7.386,740-779,60-70%,20-28%,AZ,Cash-Out Refinance,Primary,Single Family,Servicer_C,Current,0,0,0,0,,2021-12-01,Black Knight,Pending Review,Current,0,0,0,0,0,
LN0000466,4,2022-01,2021-09,4,356,180051.0,179499.12,7.386,740-779,60-70%,20-28%,AZ,Cash-Out Refinance,Primary,Single Family,Servicer_C,Current,0,0,0,0,,2022-01-01,Black Knight,Pending Review,Current,0,0,0,0,0,
LN0000466,5,2022-02,2021-09,5,355,180051.0,179359.02,7.386,740-779,60-70%,20-28%,AZ,Cash-Out Refinance,Primary,Single Family,Servicer_C,Current,0,0,0,0,,2022-02-01,Black Knight,Pending Review,Current,0,0,0,0,0,
LN0000466,6,2022-03,2021-09,6,354,180051.0,179218.05,7.386,740-779,60-70%,20-28%,AZ,Cash-Out Refinance,Primary,Single Family,Servicer_C,Current,0,0,0,0,,2022-03-01,Black Knight,Pending Review,Current,0,0,0,0,0,
LN0000466,7,2022-04,2021-09,7,353,180051.0,179076.22,7.386,740-779,60-70%,20-28%,AZ,Cash-Out Refinance,Primary,Single Family,Servicer_C,Current,0,0,0,0,,2022-04-01,Black Knight,Pending Review,Current,0,0,0,0,0,
LN0000466,8,2022-05,2021-09,8,352,180051.0,178933.52,7.386,740-779,60-70%,20-28%,AZ,Cash-Out Refinance,Primary,Single Family,Servicer_C,Current,0,0,0,0,,2022-05-01,Black Knight,Pending Review,Current,0,0,0,0,0,
LN0000466,9,2022-06,2021-09,9,351,180051.0,178789.94,7.386,740-779,60-70%,20-28%,AZ,Cash-Out Refinance,Primary,Single Family,Servicer_C,Current,0,0,0,0,,2022-06-01,Black Knight,Pending Review,Current,0,0,0,0,0,
LN0000466,10,2022-07,2021-09,10,350,180051.0,178645.47,7.386,740-779,60-70%,20-28%,AZ,Cash-Out Refinance,Primary,Single Family,Servicer_C,Current,0,0,0,0,,2022-07-01,Black Knight,Pending Review,Current,0,0,0,0,0,
LN0000466,11,2022-08,2021-09,11,349,180051.0,178500.12,7.386,740-779,60-70%,20-28%,AZ,Cash-Out Refinance,Primary,Single Family,Servicer_C,Current,0,0,0,0,,2022-08-01,Black Knight,Pending Review,Current,0,0,0,0,0,
LN0000466,12,2022-09,2021-09,12,348,180051.0,178353.87,7.386,740-779,60-70%,20-28%,AZ,Cash-Out Refinance,Primary,Single Family,Servicer_C,Current,0,0,0,0,,2022-09-01,Black Knight,Pending Review,Current,0,0,0,0,0,
LN0000466,13,2022-10,2021-09,13,347,180051.0,178206.72,7.386,740-779,60-70%,20-28%,AZ,Cash-Out Refinance,Primary,Single Family,Servicer_C,Current,0,0,0,0,,2022-10-01,Black Knight,Pending Review,Current,0,0,0,0,0,
LN0000466,14,2022-11,2021-09,14,346,180051.0,178058.66,7.386,740-779,60-70%,20-28%,AZ,Cash-Out Refinance,Primary,Single Family,Servicer_C,Current,0,0,0,0,,2022-11-01,Black Knight,Pending Review,Current,0,0,0,0,0,
LN0000466,15,2022-12,2021-09,15,345,180051.0,177909.7,7.386,740-779,60-70%,20-28%,AZ,Cash-Out Refinance,Primary,Single Family,Servicer_C,Current,0,0,0,0,,2022-12-01,Black Knight,Pending Review,Current,0,0,0,0,0,
LN0000477,1,2022-07,2022-06,1,359,163099.0,162892.37,4.712,740-779,90-95%,28-36%,MO,Refinance,Primary,Condo,Servicer_D,Current,0,0,0,0,,2022-07-01,CoreLogic,Complete,Current,0,0,0,0,0,
LN0000477,2,2022-08,2022-06,2,358,163099.0,162684.92,4.712,740-779,90-95%,28-36%,MO,Refinance,Primary,Condo,Servicer_D,Current,0,0,0,0,,2022-08-01,CoreLogic,Complete,Current,0,0,0,0,0,
LN0000477,3,2022-09,2022-06,3,357,163099.0,162476.66,4.712,740-779,90-95%,28-36%,MO,Refinance,Primary,Condo,Servicer_D,Current,0,0,0,0,,2022-09-01,CoreLogic,Complete,Current,0,0,0,0,0,
LN0000477,4,2022-10,2022-06,4,356,163099.0,162267.58,4.712,740-779,90-95%,28-36%,MO,Refinance,Primary,Condo,Servicer_D,Current,0,0,0,0,,2022-10-01,CoreLogic,Complete,Current,0,0,0,0,0,
LN0000477,5,2022-11,2022-06,5,355,163099.0,162057.68,4.712,740-779,90-95%,28-36%,MO,Refinance,Primary,Condo,Servicer_D,Current,0,0,0,0,,2022-11-01,CoreLogic,Complete,Current,0,0,0,0,0,
LN0000477,6,2022-12,2022-06,6,354,163099.0,161846.96,4.712,740-779,90-95%,28-36%,MO,Refinance,Primary,Condo,Servicer_D,Current,0,0,0,0,,2022-12-01,CoreLogic,Complete,Current,0,0,0,0,0,
LN0000478,1,2021-08,2021-07,1,359,112146.0,112012.27,5.041,700-739,80-90%,28-36%,NC,Home Improvement,Primary,Single Family,Servicer_B,Current,0,0,0,0,,2021-08-01,Black Knight,Pending Review,Current,0,0,0,0,0,
LN0000478,2,2021-09,2021-07,2,358,112146.0,111877.98,5.041,700-739,80-90%,28-36%,NC,Home Improvement,Primary,Single Family,Servicer_B,Current,0,0,0,0,,2021-09-01,Black Knight,Pending Review,Current,0,0,0,0,0,
LN0000478,3,2021-10,2021-07,3,357,112146.0,111743.12,5.041,700-739,80-90%,28-36%,NC,Home Improvement,Primary,Single Family,Servicer_B,Current,0,0,0,0,,2021-10-01,Black Knight,Pending Review,Current,0,0,0,0,0,
LN0000478,4,2021-11,2021-07,4,356,112146.0,111607.7,5.041,700-739,80-90%,28-36%,NC,Home Improvement,Primary,Single Family,Servicer_B,Current,0,0,0,0,,2021-11-01,Black Knight,Pending Review,Current,0,0,0,0,0,
LN0000478,5,2021-12,2021-07,5,355,112146.0,111471.71,5.041,700-739,80-90%,28-36%,NC,Home Improvement,Primary,Single Family,Servicer_B,Current,0,0,0,0,,2021-12-01,Black Knight,Pending Review,Current,0,0,0,0,0,
LN0000478,6,2022-01,2021-07,6,354,112146.0,111335.14,5.041,700-739,80-90%,28-36%,NC,Home Improvement,Primary,Single Family,Servicer_B,Current,0,0,0,0,,2022-01-01,Black Knight,Pending Review,Current,0,0,0,0,0,
LN0000478,7,2022-02,2021-07,7,353,112146.0,111198.01,5.041,700-739,80-90%,28-36%,NC,Home Improvement,Primary,Single Family,Servicer_B,Current,0,0,0,0,,2022-02-01,Black Knight,Pending Review,Current,0,0,0,0,0,
LN0000478,8,2022-03,2021-07,8,352,112146.0,111060.29,5.041,700-739,80-90%,28-36%,NC,Home Improvement,Primary,Single Family,Servicer_B,Current,0,0,0,0,,2022-03-01,Black Knight,Pending Review,Current,0,0,0,0,0,
LN0000478,9,2022-04,2021-07,9,351,112146.0,110922.0,5.041,700-739,80-90%,28-36%,NC,Home Improvement,Primary,Single Family,Servicer_B,Current,0,0,0,0,,2022-04-01,Black Knight,Pending Review,Current,0,0,0,0,0,
LN0000478,10,2022-05,2021-07,10,350,112146.0,110783.13,5.041,700-739,80-90%,28-36%,NC,Home Improvement,Primary,Single Family,Servicer_B,Current,0,0,0,0,,2022-05-01,Black Knight,Pending Review,Current,0,0,0,0,0,
LN0000478,11,2022-06,2021-07,11,349,112146.0,110643.67,5.041,700-739,80-90%,28-36%,NC,Home Improvement,Primary,Single Family,Servicer_B,Current,0,0,0,0,,2022-06-01,Black Knight,Pending Review,Current,0,0,0,0,0,
LN0000478,12,2022-07,2021-07,12,348,112146.0,110503.63,5.041,700-739,80-90%,28-36%,NC,Home Improvement,Primary,Single Family,Servicer_B,Current,0,0,0,0,,2022-07-01,Black Knight,Pending Review,Current,0,0,0,0,0,
LN0000478,13,2022-08,2021-07,13,347,112146.0,110363.0,5.041,700-739,80-90%,28-36%,NC,Home Improvement,Primary,Single Family,Servicer_B,Current,0,0,0,0,,2022-08-01,Black Knight,Pending Review,Current,0,0,0,0,0,
LN0000478,14,2022-09,2021-07,14,346,112146.0,110221.78,5.041,700-739,80-90%,28-36%,NC,Home Improvement,Primary,Single Family,Servicer_B,Current,0,0,0,0,,2022-09-01,Black Knight,Pending Review,Current,0,0,0,0,0,
LN0000478,15,2022-10,2021-07,15,345,112146.0,110079.97,5.041,700-739,80-90%,28-36%,NC,Home Improvement,Primary,Single Family,Servicer_B,Current,0,0,0,0,,2022-10-01,Black Knight,Pending Review,Current,0,0,0,0,0,
LN0000478,16,2022-11,2021-07,16,344,112146.0,109937.56,5.041,700-739,80-90%,28-36%,NC,Home Improvement,Primary,Single Family,Servicer_B,Current,0,0,0,0,,2022-11-01,Black Knight,Pending Review,Current,0,0,0,0,0,
LN0000478,17,2022-12,2021-07,17,343,112146.0,109794.55,5.041,700-739,80-90%,28-36%,NC,Home Improvement,Primary,Single Family,Servicer_B,Current,0,0,0,0,,2022-12-01,Black Knight,Pending Review,Current,0,0,0,0,0,
LN0000493,1,2022-07,2022-06,1,179,67161.0,66879.44,3.617,660-699,70-80%,20-28%,FL,Refinance,Primary,Single Family,Servicer_B,Current,0,0,0,0,,2022-07-01,CoreLogic,Complete,Current,0,0,0,0,0,
LN0000493,2,2022-08,2022-06,2,178,67161.0,66597.04,3.617,660-699,70-80%,20-28%,FL,Refinance,Primary,Single Family,Servicer_B,Current,0,0,0,0,,2022-08-01,CoreLogic,Complete,Current,0,0,0,0,0,
LN0000493,3,2022-09,2022-06,3,177,67161.0,66313.78,3.617,660-699,70-80%,20-28%,FL,Refinance,Primary,Single Family,Servicer_B,Current,0,0,0,0,,2022-09-01,CoreLogic,Complete,Current,0,0,0,0,0,
LN0000493,4,2022-10,2022-06,4,176,67161.0,66029.67,3.617,660-699,70-80%,20-28%,FL,Refinance,Primary,Single Family,Servicer_B,Current,0,0,0,0,,2022-10-01,CoreLogic,Complete,Current,0,0,0,0,0,
LN0000493,5,2022-11,2022-06,5,175,67161.0,65744.71,3.617,660-699,70-80%,20-28%,FL,Refinance,Primary,Single Family,Servicer_B,Current,0,0,0,0,,2022-11-01,CoreLogic,Complete,Current,0,0,0,0,0,
LN0000493,6,2022-12,2022-06,6,174,67161.0,65458.88,3.617,660-699,70-80%,20-28%,FL,Refinance,Primary,Single Family,Servicer_B,Current,0,0,0,0,,2022-12-01,CoreLogic,Complete,Current,0,0,0,0,0,
LN0000504,1,2021-06,2021-05,1,179,420266.0,418883.38,6.516,660-699,80-90%,36-43%,CA,Purchase,Primary,Single Family,Servicer_B,Current,0,0,0,0,,2021-06-01,Encompass,Under Exception,Current,0,0,0,0,0,
LN0000504,2,2021-07,2021-05,2,178,420266.0,417493.25,6.516,660-699,80-90%,36-43%,CA,Purchase,Primary,Single Family,Servicer_B,Current,0,0,0,0,,2021-07-01,Encompass,Under Exception,Current,0,0,0,0,0,
LN0000504,3,2021-08,2021-05,3,177,420266.0,416095.57,6.516,660-699,80-90%,36-43%,CA,Purchase,Primary,Single Family,Servicer_B,Current,0,0,0,0,,2021-08-01,Encompass,Under Exception,Current,0,0,0,0,0,
LN0000504,4,2021-09,2021-05,4,176,420266.0,414690.31,6.516,660-699,80-90%,36-43%,CA,Purchase,Primary,Single Family,Servicer_B,Current,0,0,0,0,,2021-09-01,Encompass,Under Exception,Current,0,0,0,0,0,
LN0000504,5,2021-10,2021-05,5,175,420266.0,413277.41,6.516,660-699,80-90%,36-43%,CA,Purchase,Primary,Single Family,Servicer_B,Current,0,0,0,0,,2021-10-01,Encompass,Under Exception,Current,0,0,0,0,0,
LN0000504,6,2021-11,2021-05,6,174,420266.0,411856.84,6.516,660-699,80-90%,36-43%,CA,Purchase,Primary,Single Family,Servicer_B,Current,0,0,0,0,,2021-11-01,Encompass,Under Exception,Current,0,0,0,0,0,
LN0000504,7,2021-12,2021-05,7,173,420266.0,410428.56,6.516,660-699,80-90%,36-43%,CA,Purchase,Primary,Single Family,Servicer_B,Current,0,0,0,0,,2021-12-01,Encompass,Under Exception,Current,0,0,0,0,0,
LN0000504,8,2022-01,2021-05,8,172,420266.0,408992.52,6.516,660-699,80-90%,36-43%,CA,Purchase,Primary,Single Family,Servicer_B,Current,0,0,0,0,,2022-01-01,Encompass,Under Exception,Current,0,0,0,0,0,
LN0000504,9,2022-02,2021-05,9,171,420266.0,407548.68,6.516,660-699,80-90%,36-43%,CA,Purchase,Primary,Single Family,Servicer_B,Current,0,0,0,0,,2022-02-01,Encompass,Under Exception,Current,0,0,0,0,0,
LN0000504,10,2022-03,2021-05,10,170,420266.0,406097.0,6.516,660-699,80-90%,36-43%,CA,Purchase,Primary,Single Family,Servicer_B,Current,0,0,0,0,,2022-03-01,Encompass,Under Exception,Current,0,0,0,0,0,
LN0000504,11,2022-04,2021-05,11,169,420266.0,404637.45,6.516,660-699,80-90%,36-43%,CA,Purchase,Primary,Single Family,Servicer_B,Current,0,0,0,0,,2022-04-01,Encompass,Under Exception,Current,0,0,0,0,0,
LN0000504,12,2022-05,2021-05,12,168,420266.0,403169.96,6.516,660-699,80-90%,36-43%,CA,Purchase,Primary,Single Family,Servicer_B,Current,0,0,0,0,,2022-05-01,Encompass,Under Exception,Current,0,0,0,0,0,
LN0000504,13,2022-06,2021-05,13,167,420266.0,401694.51,6.516,660-699,80-90%,36-43%,CA,Purchase,Primary,Single Family,Servicer_B,Current,0,0,0,0,,2022-06-01,Encompass,Under Exception,Current,0,0,0,0,0,
LN0000504,14,2022-07,2021-05,14,166,420266.0,400211.04,6.516,660-699,80-90%,36-43%,CA,Purchase,Primary,Single Family,Servicer_B,Current,0,0,0,0,,2022-07-01,Encompass,Under Exception,Current,0,0,0,0,0,
LN0000504,15,2022-08,2021-05,15,165,420266.0,398719.52,6.516,660-699,80-90%,36-43%,CA,Purchase,Primary,Single Family,Servicer_B,Current,0,0,0,0,,2022-08-01,Encompass,Under Exception,Current,0,0,0,0,0,
LN0000504,16,2022-09,2021-05,16,164,420266.0,397219.91,6.516,660-699,80-90%,36-43%,CA,Purchase,Primary,Single Family,Servicer_B,Current,0,0,0,0,,2022-09-01,Encompass,Under Exception,Current,0,0,0,0,0,
LN0000504,17,2022-10,2021-05,17,163,420266.0,395712.14,6.516,660-699,80-90%,36-43%,CA,Purchase,Primary,Single Family,Servicer_B,Current,0,0,0,0,,2022-10-01,Encompass,Under Exception,Current,0,0,1,0,0,
LN0000504,18,2022-11,2021-05,18,162,420266.0,394196.2,6.516,660-699,80-90%,36-43%,CA,Purchase,Primary,Single Family,Servicer_B,Current,0,0,0,0,,2022-11-01,Encompass,Under Exception,Current,0,0,1,0,0,
LN0000504,19,2022-12,2021-05,19,161,420266.0,392672.02,6.516,660-699,80-90%,36-43%,CA,Purchase,Primary,Single Family,Servicer_B,Current,0,0,0,0,,2022-12-01,Encompass,Under Exception,Current,0,0,1,0,0,
LN0000520,1,2022-11,2022-10,1,179,106462.0,105971.4,2.435,<620,70-80%,36-43%,VA,Purchase,Primary,Manufactured,Servicer_E,Current,0,0,0,0,,2022-11-01,Encompass,Under Exception,Current,0,0,0,0,0,
LN0000520,2,2022-12,2022-10,2,178,106462.0,105479.81,2.435,<620,70-80%,36-43%,VA,Purchase,Primary,Manufactured,Servicer_E,Current,0,0,0,0,,2022-12-01,Encompass,Under Exception,Current,0,0,0,0,0,
LN0000550,1,2022-08,2022-07,1,359,50000.0,49924.12,3.707,740-779,80-90%,28-36%,WI,Refinance,Second Home,Single Family,Servicer_A,Current,0,0,0,0,,2022-08-01,Black Knight,Pending Review,Current,0,0,0,0,0,
LN0000550,2,2022-09,2022-07,2,358,50000.0,49848.0,3.707,740-779,80-90%,28-36%,WI,Refinance,Second Home,Single Family,Servicer_A,Current,0,0,0,0,,2022-09-01,Black Knight,Pending Review,Current,0,0,0,0,0,
LN0000550,3,2022-10,2022-07,3,357,50000.0,49771.65,3.707,740-779,80-90%,28-36%,WI,Refinance,Second Home,Single Family,Servicer_A,Current,0,0,0,0,,2022-10-01,Black Knight,Pending Review,Current,0,0,0,0,0,
LN0000550,4,2022-11,2022-07,4,356,50000.0,49695.07,3.707,740-779,80-90%,28-36%,WI,Refinance,Second Home,Single Family,Servicer_A,Current,0,0,0,0,,2022-11-01,Black Knight,Pending Review,Current,0,0,0,0,0,
LN0000550,5,2022-12,2022-07,5,355,50000.0,49618.24,3.707,740-779,80-90%,28-36%,WI,Refinance,Second Home,Single Family,Servicer_A,Current,0,0,0,0,,2022-12-01,Black Knight,Pending Review,Current,0,0,0,0,0,
LN0000553,1,2021-10,2021-09,1,359,257826.0,257553.89,5.693,<620,80-90%,28-36%,WA,Home Improvement,Second Home,Single Family,Servicer_A,Current,0,0,0,0,,2021-10-01,CoreLogic,Complete,Current,0,0,0,0,0,
LN0000553,2,2021-11,2021-09,2,358,257826.0,257280.49,5.693,<620,80-90%,28-36%,WA,Home Improvement,Second Home,Single Family,Servicer_A,Current,0,0,0,0,,2021-11-01,CoreLogic,Complete,Current,0,0,0,0,0,
LN0000553,3,2021-12,2021-09,3,357,257826.0,257005.79,5.693,<620,80-90%,28-36%,WA,Home Improvement,Second Home,Single Family,Servicer_A,Current,0,0,0,0,,2021-12-01,CoreLogic,Complete,Current,0,0,0,0,0,
LN0000553,4,2022-01,2021-09,4,356,257826.0,256729.79,5.693,<620,80-90%,28-36%,WA,Home Improvement,Second Home,Single Family,Servicer_A,Current,0,0,0,0,,2022-01-01,CoreLogic,Complete,Current,0,0,0,0,0,
LN0000553,5,2022-02,2021-09,5,355,257826.0,256452.48,5.693,<620,80-90%,28-36%,WA,Home Improvement,Second Home,Single Family,Servicer_A,Current,0,0,0,0,,2022-02-01,CoreLogic,Complete,Current,0,0,0,0,0,
LN0000553,6,2022-03,2021-09,6,354,257826.0,256173.85,5.693,<620,80-90%,28-36%,WA,Home Improvement,Second Home,Single Family,Servicer_A,Current,0,0,0,0,,2022-03-01,CoreLogic,Complete,Current,0,0,0,0,0,
LN0000553,7,2022-04,2021-09,7,353,257826.0,255893.9,5.693,<620,80-90%,28-36%,WA,Home Improvement,Second Home,Single Family,Servicer_A,Current,0,0,0,0,,2022-04-01,CoreLogic,Complete,Current,0,0,0,0,0,
LN0000553,8,2022-05,2021-09,8,352,257826.0,255612.63,5.693,<620,80-90%,28-36%,WA,Home Improvement,Second Home,Single Family,Servicer_A,Current,0,0,0,0,,2022-05-01,CoreLogic,Complete,Current,0,0,0,0,0,
LN0000553,9,2022-06,2021-09,9,351,257826.0,255330.02,5.693,<620,80-90%,28-36%,WA,Home Improvement,Second Home,Single Family,Servicer_A,Current,0,0,0,0,,2022-06-01,CoreLogic,Complete,Current,0,0,0,0,0,
LN0000553,10,2022-07,2021-09,10,350,257826.0,255046.06,5.693,<620,80-90%,28-36%,WA,Home Improvement,Second Home,Single Family,Servicer_A,Current,0,0,0,0,,2022-07-01,CoreLogic,Complete,Current,0,0,0,0,0,
LN0000553,11,2022-08,2021-09,11,349,257826.0,254760.77,5.693,<620,80-90%,28-36%,WA,Home Improvement,Second Home,Single Family,Servicer_A,Current,0,0,0,0,,2022-08-01,CoreLogic,Complete,Current,0,0,0,0,0,
LN0000553,12,2022-09,2021-09,12,348,257826.0,254474.11,5.693,<620,80-90%,28-36%,WA,Home Improvement,Second Home,Single Family,Servicer_A,Current,0,0,0,0,,2022-09-01,CoreLogic,Complete,Current,0,0,0,0,0,
LN0000553,13,2022-10,2021-09,13,347,257826.0,254186.1,5.693,<620,80-90%,28-36%,WA,Home Improvement,Second Home,Single Family,Servicer_A,Current,0,0,0,0,,2022-10-01,CoreLogic,Complete,Current,0,0,0,0,0,
LN0000553,14,2022-11,2021-09,14,346,257826.0,253896.72,5.693,<620,80-90%,28-36%,WA,Home Improvement,Second Home,Single Family,Servicer_A,Current,0,0,0,0,,2022-11-01,CoreLogic,Complete,Current,0,0,0,0,0,
LN0000553,15,2022-12,2021-09,15,345,257826.0,253605.97,5.693,<620,80-90%,28-36%,WA,Home Improvement,Second Home,Single Family,Servicer_A,Current,0,0,0,0,,2022-12-01,CoreLogic,Complete,Current,0,0,0,0,0,
LN0000557,1,2022-09,2022-08,1,359,93953.0,93841.81,5.082,700-739,70-80%,20-28%,TX,Purchase,Primary,Condo,Servicer_D,Current,0,0,0,0,,2022-09-01,CoreLogic,Complete,Current,0,0,0,0,0,
LN0000557,2,2022-10,2022-08,2,358,93953.0,93730.15,5.082,700-739,70-80%,20-28%,TX,Purchase,Primary,Condo,Servicer_D,Current,0,0,0,0,,2022-10-01,CoreLogic,Complete,Current,0,0,0,0,0,
LN0000557,3,2022-11,2022-08,3,357,93953.0,93618.02,5.082,700-739,70-80%,20-28%,TX,Purchase,Primary,Condo,Servicer_D,Current,0,0,0,0,,2022-11-01,CoreLogic,Complete,Current,0,0,0,0,0,
LN0000557,4,2022-12,2022-08,4,356,93953.0,93505.41,5.082,700-739,70-80%,20-28%,TX,Purchase,Primary,Condo,Servicer_D,Current,0,0,0,0,,2022-12-01,CoreLogic,Complete,Current,0,0,0,0,0,
LN0000587,1,2022-02,2022-01,1,359,148525.0,148367.2,5.658,660-699,70-80%,>43%,NJ,Refinance,Primary,Single Family,Servicer_A,Current,0,0,0,0,,2022-02-01,Ellie Mae,Missing Items,Current,0,0,0,0,0,
LN0000587,2,2022-03,2022-01,2,358,148525.0,148208.67,5.658,660-699,70-80%,>43%,NJ,Refinance,Primary,Single Family,Servicer_A,Current,0,0,0,0,,2022-03-01,Ellie Mae,Missing Items,Current,0,0,0,0,0,
LN0000587,3,2022-04,2022-01,3,357,148525.0,148049.38,5.658,660-699,70-80%,>43%,NJ,Refinance,Primary,Single Family,Servicer_A,Current,0,0,0,0,,2022-04-01,Ellie Mae,Missing Items,Current,0,0,0,0,0,
LN0000587,4,2022-05,2022-01,4,356,148525.0,147889.34,5.658,660-699,70-80%,>43%,NJ,Refinance,Primary,Single Family,Servicer_A,Current,0,0,0,0,,2022-05-01,Ellie Mae,Missing Items,Current,0,0,0,0,0,
LN0000587,5,2022-06,2022-01,5,355,148525.0,147728.55,5.658,660-699,70-80%,>43%,NJ,Refinance,Primary,Single Family,Servicer_A,Current,0,0,0,0,,2022-06-01,Ellie Mae,Missing Items,Current,0,0,0,0,0,
LN0000587,6,2022-07,2022-01,6,354,148525.0,147567.0,5.658,660-699,70-80%,>43%,NJ,Refinance,Primary,Single Family,Servicer_A,Current,0,0,0,0,,2022-07-01,Ellie Mae,Missing Items,Current,0,0,0,0,0,
LN0000587,7,2022-08,2022-01,7,353,148525.0,147404.69,5.658,660-699,70-80%,>43%,NJ,Refinance,Primary,Single Family,Servicer_A,Current,0,0,0,0,,2022-08-01,Ellie Mae,Missing Items,Current,0,0,0,0,0,
LN0000587,8,2022-09,2022-01,8,352,148525.0,147241.61,5.658,660-699,70-80%,>43%,NJ,Refinance,Primary,Single Family,Servicer_A,Current,0,0,0,0,,2022-09-01,Ellie Mae,Missing Items,Current,0,0,0,0,0,
LN0000587,9,2022-10,2022-01,9,351,148525.0,147077.76,5.658,660-699,70-80%,>43%,NJ,Refinance,Primary,Single Family,Servicer_A,Current,0,0,0,0,,2022-10-01,Ellie Mae,Missing Items,Current,0,0,0,0,0,
LN0000587,10,2022-11,2022-01,10,350,148525.0,146913.14,5.658,660-699,70-80%,>43%,NJ,Refinance,Primary,Single Family,Servicer_A,Current,0,0,0,0,,2022-11-01,Ellie Mae,Missing Items,Current,0,0,0,0,0,
LN0000587,11,2022-12,2022-01,11,349,148525.0,146747.75,5.658,660-699,70-80%,>43%,NJ,Refinance,Primary,Single Family,Servicer_A,Current,0,0,0,0,,2022-12-01,Ellie Mae,Missing Items,Current,0,0,0,0,0,
LN0000600,1,2022-12,2022-11,1,359,86541.0,86412.65,3.837,700-739,60-70%,>43%,CA,Cash-Out Refinance,Primary,Condo,Servicer_A,Current,0,0,0,0,,2022-12-01,Encompass,Under Exception,Current,0,0,0,0,0,
LN0000607,1,2022-05,2022-04,1,359,176475.0,176239.38,4.424,700-739,60-70%,20-28%,FL,Refinance,Investment,Multi-Family,Servicer_E,Current,0,0,0,0,,2022-05-01,Ellie Mae,Missing Items,Current,0,0,0,0,0,
LN0000607,2,2022-06,2022-04,2,358,176475.0,176002.9,4.424,700-739,60-70%,20-28%,FL,Refinance,Investment,Multi-Family,Servicer_E,Current,0,0,0,0,,2022-06-01,Ellie Mae,Missing Items,Current,0,0,0,0,0,
LN0000607,3,2022-07,2022-04,3,357,176475.0,175765.54,4.424,700-739,60-70%,20-28%,FL,Refinance,Investment,Multi-Family,Servicer_E,Current,0,0,0,0,,2022-07-01,Ellie Mae,Missing Items,Current,0,0,0,0,0,
LN0000607,4,2022-08,2022-04,4,356,176475.0,175527.31,4.424,700-739,60-70%,20-28%,FL,Refinance,Investment,Multi-Family,Servicer_E,Current,0,0,0,0,,2022-08-01,Ellie Mae,Missing Items,Current,0,0,0,0,0,
LN0000607,5,2022-09,2022-04,5,355,176475.0,175288.2,4.424,700-739,60-70%,20-28%,FL,Refinance,Investment,Multi-Family,Servicer_E,Current,0,0,0,0,,2022-09-01,Ellie Mae,Missing Items,Current,0,0,0,0,0,
LN0000607,6,2022-10,2022-04,6,354,176475.0,175048.2,4.424,700-739,60-70%,20-28%,FL,Refinance,Investment,Multi-Family,Servicer_E,Current,0,0,0,0,,2022-10-01,Ellie Mae,Missing Items,Current,0,0,0,0,0,
LN0000607,7,2022-11,2022-04,7,353,176475.0,174807.33,4.424,700-739,60-70%,20-28%,FL,Refinance,Investment,Multi-Family,Servicer_E,Current,0,0,0,0,,2022-11-01,Ellie Mae,Missing Items,Current,0,0,0,0,0,
LN0000607,8,2022-12,2022-04,8,352,176475.0,174565.56,4.424,700-739,60-70%,20-28%,FL,Refinance,Investment,Multi-Family,Servicer_E,Current,0,0,0,0,,2022-12-01,Ellie Mae,Missing Items,Current,0,0,0,0,0,
LN0000608,1,2022-10,2022-09,1,359,234877.0,234598.88,5.079,740-779,70-80%,36-43%,MO,Purchase,Primary,Single Family,Servicer_B,Current,0,0,0,0,,2022-10-01,Encompass,Under Exception,Current,0,0,0,0,0,
LN0000608,2,2022-11,2022-09,2,358,234877.0,234319.59,5.079,740-779,70-80%,36-43%,MO,Purchase,Primary,Single Family,Servicer_B,Current,0,0,0,0,,2022-11-01,Encompass,Under Exception,Current,0,0,0,0,0,
LN0000608,3,2022-12,2022-09,3,357,234877.0,234039.11,5.079,740-779,70-80%,36-43%,MO,Purchase,Primary,Single Family,Servicer_B,Current,0,0,0,0,,2022-12-01,Encompass,Under Exception,Current,0,0,0,0,0,
LN0000613,1,2022-04,2022-03,1,359,146460.0,146297.02,5.412,660-699,90-95%,36-43%,MI,Purchase,Primary,Townhouse,Servicer_D,Current,0,0,0,0,,2022-04-01,CoreLogic,Complete,Current,0,0,0,0,0,
LN0000613,2,2022-05,2022-03,2,358,146460.0,146133.3,5.412,660-699,90-95%,36-43%,MI,Purchase,Primary,Townhouse,Servicer_D,Current,0,0,0,0,,2022-05-01,CoreLogic,Complete,Current,0,0,0,0,0,
LN0000613,3,2022-06,2022-03,3,357,146460.0,145968.85,5.412,660-699,90-95%,36-43%,MI,Purchase,Primary,Townhouse,Servicer_D,Current,0,0,0,0,,2022-06-01,CoreLogic,Complete,Current,0,0,0,0,0,
LN0000613,4,2022-07,2022-03,4,356,146460.0,145803.65,5.412,660-699,90-95%,36-43%,MI,Purchase,Primary,Townhouse,Servicer_D,Current,0,0,0,0,,2022-07-01,CoreLogic,Complete,Current,0,0,0,0,0,
LN0000613,5,2022-08,2022-03,5,355,146460.0,145637.71,5.412,660-699,90-95%,36-43%,MI,Purchase,Primary,Townhouse,Servicer_D,Current,0,0,0,0,,2022-08-01,CoreLogic,Complete,Current,0,0,0,0,0,
LN0000613,6,2022-09,2022-03,6,354,146460.0,145471.02,5.412,660-699,90-95%,36-43%,MI,Purchase,Primary,Townhouse,Servicer_D,Current,0,0,0,0,,2022-09-01,CoreLogic,Complete,Current,0,0,0,0,0,
LN0000613,7,2022-10,2022-03,7,353,146460.0,145303.58,5.412,660-699,90-95%,36-43%,MI,Purchase,Primary,Townhouse,Servicer_D,Current,0,0,0,0,,2022-10-01,CoreLogic,Complete,Current,0,0,0,0,0,
LN0000613,8,2022-11,2022-03,8,352,146460.0,145135.39,5.412,660-699,90-95%,36-43%,MI,Purchase,Primary,Townhouse,Servicer_D,Current,0,0,0,0,,2022-11-01,CoreLogic,Complete,Current,0,0,0,0,0,
LN0000613,9,2022-12,2022-03,9,351,146460.0,144966.43,5.412,660-699,90-95%,36-43%,MI,Purchase,Primary,Townhouse,Servicer_D,Current,0,0,0,0,,2022-12-01,CoreLogic,Complete,Current,0,0,0,0,0,
LN0000624,1,2022-02,2022-01,1,359,187981.0,187731.2,4.45,740-779,70-80%,20-28%,CA,Purchase,Primary,Condo,Servicer_B,Current,0,0,0,0,,2022-02-01,Encompass,Under Exception,Current,0,0,0,0,0,
LN0000624,2,2022-03,2022-01,2,358,187981.0,187480.47,4.45,740-779,70-80%,20-28%,CA,Purchase,Primary,Condo,Servicer_B,Current,0,0,0,0,,2022-03-01,Encompass,Under Exception,Current,0,0,0,0,0,
LN0000624,3,2022-04,2022-01,3,357,187981.0,187228.82,4.45,740-779,70-80%,20-28%,CA,Purchase,Primary,Condo,Servicer_B,Current,0,0,0,0,,2022-04-01,Encompass,Under Exception,Current,0,0,0,0,0,
LN0000624,4,2022-05,2022-01,4,356,187981.0,186976.23,4.45,740-779,70-80%,20-28%,CA,Purchase,Primary,Condo,Servicer_B,Current,0,0,0,0,,2022-05-01,Encompass,Under Exception,Current,0,0,0,0,0,
LN0000624,5,2022-06,2022-01,5,355,187981.0,186722.71,4.45,740-779,70-80%,20-28%,CA,Purchase,Primary,Condo,Servicer_B,Current,0,0,0,0,,2022-06-01,Encompass,Under Exception,Current,0,0,0,0,0,
LN0000624,6,2022-07,2022-01,6,354,187981.0,186468.24,4.45,740-779,70-80%,20-28%,CA,Purchase,Primary,Condo,Servicer_B,Current,0,0,0,0,,2022-07-01,Encompass,Under Exception,Current,0,0,0,0,0,
LN0000624,7,2022-08,2022-01,7,353,187981.0,186212.83,4.45,740-779,70-80%,20-28%,CA,Purchase,Primary,Condo,Servicer_B,Current,0,0,0,0,,2022-08-01,Encompass,Under Exception,Current,0,0,0,0,0,
LN0000624,8,2022-09,2022-01,8,352,187981.0,185956.47,4.45,740-779,70-80%,20-28%,CA,Purchase,Primary,Condo,Servicer_B,Current,0,0,0,0,,2022-09-01,Encompass,Under Exception,Current,0,0,0,0,0,
LN0000624,9,2022-10,2022-01,9,351,187981.0,185699.17,4.45,740-779,70-80%,20-28%,CA,Purchase,Primary,Condo,Servicer_B,Current,0,0,0,0,,2022-10-01,Encompass,Under Exception,Current,0,0,0,0,0,
LN0000624,10,2022-11,2022-01,10,350,187981.0,185440.91,4.45,740-779,70-80%,20-28%,CA,Purchase,Primary,Condo,Servicer_B,Current,0,0,0,0,,2022-11-01,Encompass,Under Exception,Current,0,0,0,0,0,
LN0000624,11,2022-12,2022-01,11,349,187981.0,185181.69,4.45,740-779,70-80%,20-28%,CA,Purchase,Primary,Condo,Servicer_B,Current,0,0,0,0,,2022-12-01,Encompass,Under Exception,Current,0,0,0,0,0,
LN0000628,1,2020-03,2020-02,1,179,99075.0,98677.38,4.152,780+,90-95%,36-43%,MA,Refinance,Primary,Condo,Servicer_C,Current,0,0,0,0,,2020-03-01,Encompass,Under Exception,Current,0,0,0,0,0,
LN0000628,2,2020-04,2020-02,2,178,99075.0,98278.39,4.152,780+,90-95%,36-43%,MA,Refinance,Primary,Condo,Servicer_C,Current,0,0,0,0,,2020-04-01,Encompass,Under Exception,Current,0,0,0,0,0,
LN0000628,3,2020-05,2020-02,3,177,99075.0,97878.02,4.152,780+,90-95%,36-43%,MA,Refinance,Primary,Condo,Servicer_C,Current,0,0,0,0,,2020-05-01,Encompass,Under Exception,Current,0,0,0,0,0,
LN0000628,4,2020-06,2020-02,4,176,99075.0,97476.26,4.152,780+,90-95%,36-43%,MA,Refinance,Primary,Condo,Servicer_C,Current,0,0,0,0,,2020-06-01,Encompass,Under Exception,Current,0,0,0,0,0,
LN0000628,5,2020-07,2020-02,5,175,99075.0,97073.12,4.152,780+,90-95%,36-43%,MA,Refinance,Primary,Condo,Servicer_C,Current,0,0,0,0,,2020-07-01,Encompass,Under Exception,Current,0,0,0,0,0,
LN0000628,6,2020-08,2020-02,6,174,99075.0,96668.57,4.152,780+,90-95%,36-43%,MA,Refinance,Primary,Condo,Servicer_C,Current,0,0,0,0,,2020-08-01,Encompass,Under Exception,Current,0,0,0,0,0,
LN0000628,7,2020-09,2020-02,7,173,99075.0,96262.63,4.152,780+,90-95%,36-43%,MA,Refinance,Primary,Condo,Servicer_C,Current,0,0,0,0,,2020-09-01,Encompass,Under Exception,Current,0,0,0,0,0,
LN0000628,8,2020-10,2020-02,8,172,99075.0,95855.28,4.152,780+,90-95%,36-43%,MA,Refinance,Primary,Condo,Servicer_C,Current,0,0,0,0,,2020-10-01,Encompass,Under Exception,Current,0,0,0,0,0,
LN0000628,9,2020-11,2020-02,9,171,99075.0,95446.53,4.152,780+,90-95%,36-43%,MA,Refinance,Primary,Condo,Servicer_C,Current,0,0,0,0,,2020-11-01,Encompass,Under Exception,Current,0,0,0,0,0,
LN0000628,10,2020-12,2020-02,10,170,99075.0,95036.36,4.152,780+,90-95%,36-43%,MA,Refinance,Primary,Condo,Servicer_C,Current,0,0,0,0,,2020-12-01,Encompass,Under Exception,Current,0,0,0,0,0,
LN0000628,11,2021-01,2020-02,11,169,99075.0,94624.77,4.152,780+,90-95%,36-43%,MA,Refinance,Primary,Condo,Servicer_C,Current,0,0,0,0,,2021-01-01,Encompass,Under Exception,Current,0,0,0,0,0,
LN0000628,12,2021-02,2020-02,12,168,99075.0,94211.76,4.152,780+,90-95%,36-43%,MA,Refinance,Primary,Condo,Servicer_C,Current,0,0,0,0,,2021-02-01,Encompass,Under Exception,Current,0,0,0,0,0,
LN0000628,13,2021-03,2020-02,13,167,99075.0,93797.31,4.152,780+,90-95%,36-43%,MA,Refinance,Primary,Condo,Servicer_C,Current,0,0,0,0,,2021-03-01,Encompass,Under Exception,Current,0,0,0,0,0,
LN0000628,14,2021-04,2020-02,14,166,99075.0,93381.44,4.152,780+,90-95%,36-43%,MA,Refinance,Primary,Condo,Servicer_C,Current,0,0,0,0,,2021-04-01,Encompass,Under Exception,Current,0,0,0,0,0,
LN0000628,15,2021-05,2020-02,15,165,99075.0,92964.12,4.152,780+,90-95%,36-43%,MA,Refinance,Primary,Condo,Servicer_C,Current,0,0,0,0,,2021-05-01,Encompass,Under Exception,Current,0,0,0,0,0,
LN0000628,16,2021-06,2020-02,16,164,99075.0,92545.36,4.152,780+,90-95%,36-43%,MA,Refinance,Primary,Condo,Servicer_C,Current,0,0,0,0,,2021-06-01,Encompass,Under Exception,Current,0,0,0,0,0,
LN0000628,17,2021-07,2020-02,17,163,99075.0,92125.15,4.152,780+,90-95%,36-43%,MA,Refinance,Primary,Condo,Servicer_C,Current,0,0,0,0,,2021-07-01,Encompass,Under Exception,Current,0,0,0,0,0,
LN0000628,18,2021-08,2020-02,18,162,99075.0,91703.49,4.152,780+,90-95%,36-43%,MA,Refinance,Primary,Condo,Servicer_C,Current,0,0,0,0,,2021-08-01,Encompass,Under Exception,Current,0,0,0,0,0,
LN0000628,19,2021-09,2020-02,19,161,99075.0,91280.37,4.152,780+,90-95%,36-43%,MA,Refinance,Primary,Condo,Servicer_C,Current,0,0,0,0,,2021-09-01,Encompass,Under Exception,Current,0,0,0,0,0,
LN0000628,20,2021-10,2020-02,20,160,99075.0,90855.78,4.152,780+,90-95%,36-43%,MA,Refinance,Primary,Condo,Servicer_C,Current,0,0,0,0,,2021-10-01,Encompass,Under Exception,Current,0,0,0,0,0,
LN0000628,21,2021-11,2020-02,21,159,99075.0,90429.73,4.152,780+,90-95%,36-43%,MA,Refinance,Primary,Condo,Servicer_C,Current,0,0,0,0,,2021-11-01,Encompass,Under Exception,Current,0,0,0,0,0,
LN0000628,22,2021-12,2020-02,22,158,99075.0,90002.2,4.152,780+,90-95%,36-43%,MA,Refinance,Primary,Condo,Servicer_C,Current,0,0,0,0,,2021-12-01,Encompass,Under Exception,Current,0,0,0,0,0,
LN0000628,23,2022-01,2020-02,23,157,99075.0,89573.19,4.152,780+,90-95%,36-43%,MA,Refinance,Primary,Condo,Servicer_C,Current,0,0,0,0,,2022-01-01,Encompass,Under Exception,Current,0,0,0,0,0,
LN0000628,24,2022-02,2020-02,24,156,99075.0,89142.7,4.152,780+,90-95%,36-43%,MA,Refinance,Primary,Condo,Servicer_C,Current,0,0,0,0,,2022-02-01,Encompass,Under Exception,Current,0,0,0,0,0,
LN0000628,25,2022-03,2020-02,25,155,99075.0,88710.72,4.152,780+,90-95%,36-43%,MA,Refinance,Primary,Condo,Servicer_C,Current,0,0,0,0,,2022-03-01,Encompass,Under Exception,Current,0,0,0,0,0,
LN0000628,26,2022-04,2020-02,26,154,99075.0,88277.24,4.152,780+,90-95%,36-43%,MA,Refinance,Primary,Condo,Servicer_C,Current,0,0,0,0,,2022-04-01,Encompass,Under Exception,Current,0,0,0,0,0,
LN0000628,27,2022-05,2020-02,27,153,99075.0,87842.27,4.152,780+,90-95%,36-43%,MA,Refinance,Primary,Condo,Servicer_C,Current,0,0,0,0,,2022-05-01,Encompass,Under Exception,Current,0,0,0,0,0,
LN0000628,28,2022-06,2020-02,28,152,99075.0,87405.79,4.152,780+,90-95%,36-43%,MA,Refinance,Primary,Condo,Servicer_C,Current,0,0,0,0,,2022-06-01,Encompass,Under Exception,Current,0,0,0,0,0,
LN0000628,29,2022-07,2020-02,29,151,99075.0,86967.8,4.152,780+,90-95%,36-43%,MA,Refinance,Primary,Condo,Servicer_C,Current,0,0,0,0,,2022-07-01,Encompass,Under Exception,Current,0,0,0,0,0,
LN0000628,30,2022-08,2020-02,30,150,99075.0,86528.29,4.152,780+,90-95%,36-43%,MA,Refinance,Primary,Condo,Servicer_C,Current,0,0,0,0,,2022-08-01,Encompass,Under Exception,Current,0,0,0,0,0,
LN0000628,31,2022-09,2020-02,31,149,99075.0,86087.26,4.152,780+,90-95%,36-43%,MA,Refinance,Primary,Condo,Servicer_C,Current,0,0,0,0,,2022-09-01,Encompass,Under Exception,Current,0,0,0,0,0,
LN0000628,32,2022-10,2020-02,32,148,99075.0,85644.71,4.152,780+,90-95%,36-43%,MA,Refinance,Primary,Condo,Servicer_C,Current,0,0,0,0,,2022-10-01,Encompass,Under Exception,Current,0,0,0,0,0,
LN0000628,33,2022-11,2020-02,33,147,99075.0,85200.62,4.152,780+,90-95%,36-43%,MA,Refinance,Primary,Condo,Servicer_C,Current,0,0,0,0,,2022-11-01,Encompass,Under Exception,Current,0,0,0,0,0,
LN0000628,34,2022-12,2020-02,34,146,99075.0,84755.0,4.152,780+,90-95%,36-43%,MA,Refinance,Primary,Condo,Servicer_C,Current,0,0,0,0,,2022-12-01,Encompass,Under Exception,Current,0,0,0,0,0,
LN0000629,1,2021-05,2021-04,1,359,76519.0,76398.45,3.494,620-659,90-95%,28-36%,TN,Purchase,Primary,Condo,Servicer_B,Current,0,0,0,0,,2021-05-01,CoreLogic,Complete,Current,0,0,0,0,0,
LN0000629,2,2021-06,2021-04,2,358,76519.0,76277.55,3.494,620-659,90-95%,28-36%,TN,Purchase,Primary,Condo,Servicer_B,Current,0,0,0,0,,2021-06-01,CoreLogic,Complete,Current,0,0,0,0,0,
LN0000629,3,2021-07,2021-04,3,357,76519.0,76156.29,3.494,620-659,90-95%,28-36%,TN,Purchase,Primary,Condo,Servicer_B,Current,0,0,0,0,,2021-07-01,CoreLogic,Complete,Current,0,0,0,0,0,
LN0000629,4,2021-08,2021-04,4,356,76519.0,76034.69,3.494,620-659,90-95%,28-36%,TN,Purchase,Primary,Condo,Servicer_B,Current,0,0,0,0,,2021-08-01,CoreLogic,Complete,Current,0,0,0,0,0,
LN0000629,5,2021-09,2021-04,5,355,76519.0,75912.73,3.494,620-659,90-95%,28-36%,TN,Purchase,Primary,Condo,Servicer_B,Current,0,0,0,0,,2021-09-01,CoreLogic,Complete,Current,0,0,0,0,0,
LN0000629,6,2021-10,2021-04,6,354,76519.0,75790.41,3.494,620-659,90-95%,28-36%,TN,Purchase,Primary,Condo,Servicer_B,Current,0,0,0,0,,2021-10-01,CoreLogic,Complete,Current,0,0,0,0,0,
LN0000629,7,2021-11,2021-04,7,353,76519.0,75667.74,3.494,620-659,90-95%,28-36%,TN,Purchase,Primary,Condo,Servicer_B,Current,0,0,0,0,,2021-11-01,CoreLogic,Complete,Current,0,0,0,0,0,
LN0000629,8,2021-12,2021-04,8,352,76519.0,75544.71,3.494,620-659,90-95%,28-36%,TN,Purchase,Primary,Condo,Servicer_B,Current,0,0,0,0,,2021-12-01,CoreLogic,Complete,Current,0,0,0,0,0,
LN0000629,9,2022-01,2021-04,9,351,76519.0,75421.32,3.494,620-659,90-95%,28-36%,TN,Purchase,Primary,Condo,Servicer_B,Current,0,0,0,0,,2022-01-01,CoreLogic,Complete,Current,0,0,0,0,0,
LN0000629,10,2022-02,2021-04,10,350,76519.0,75297.58,3.494,620-659,90-95%,28-36%,TN,Purchase,Primary,Condo,Servicer_B,Current,0,0,0,0,,2022-02-01,CoreLogic,Complete,Current,0,0,0,0,0,
LN0000629,11,2022-03,2021-04,11,349,76519.0,75173.47,3.494,620-659,90-95%,28-36%,TN,Purchase,Primary,Condo,Servicer_B,Current,0,0,0,0,,2022-03-01,CoreLogic,Complete,Current,0,0,0,0,0,
LN0000629,12,2022-04,2021-04,12,348,76519.0,75049.0,3.494,620-659,90-95%,28-36%,TN,Purchase,Primary,Condo,Servicer_B,Current,0,0,0,0,,2022-04-01,CoreLogic,Complete,Current,0,0,0,0,0,
LN0000629,13,2022-05,2021-04,13,347,76519.0,74924.17,3.494,620-659,90-95%,28-36%,TN,Purchase,Primary,Condo,Servicer_B,Current,0,0,0,0,,2022-05-01,CoreLogic,Complete,Current,0,0,0,0,0,
LN0000629,14,2022-06,2021-04,14,346,76519.0,74798.98,3.494,620-659,90-95%,28-36%,TN,Purchase,Primary,Condo,Servicer_B,Current,0,0,0,0,,2022-06-01,CoreLogic,Complete,Current,0,0,0,0,0,
LN0000629,15,2022-07,2021-04,15,345,76519.0,74673.42,3.494,620-659,90-95%,28-36%,TN,Purchase,Primary,Condo,Servicer_B,Current,0,0,0,0,,2022-07-01,CoreLogic,Complete,Current,0,0,0,0,0,
LN0000629,16,2022-08,2021-04,16,344,76519.0,74547.49,3.494,620-659,90-95%,28-36%,TN,Purchase,Primary,Condo,Servicer_B,Current,0,0,0,0,,2022-08-01,CoreLogic,Complete,Current,0,0,0,0,0,
LN0000629,17,2022-09,2021-04,17,343,76519.0,74421.2,3.494,620-659,90-95%,28-36%,TN,Purchase,Primary,Condo,Servicer_B,Current,0,0,0,0,,2022-09-01,CoreLogic,Complete,Current,0,0,0,0,0,
LN0000629,18,2022-10,2021-04,18,342,76519.0,74294.55,3.494,620-659,90-95%,28-36%,TN,Purchase,Primary,Condo,Servicer_B,Current,0,0,0,0,,2022-10-01,CoreLogic,Complete,Current,0,0,0,0,0,
LN0000629,19,2022-11,2021-04,19,341,76519.0,74167.52,3.494,620-659,90-95%,28-36%,TN,Purchase,Primary,Condo,Servicer_B,Current,0,0,0,0,,2022-11-01,CoreLogic,Complete,Current,0,0,0,0,0,
LN0000629,20,2022-12,2021-04,20,340,76519.0,74040.12,3.494,620-659,90-95%,28-36%,TN,Purchase,Primary,Condo,Servicer_B,Current,0,0,0,0,,2022-12-01,CoreLogic,Complete,Current,0,0,1,0,0,
LN0000634,1,2022-11,2022-10,1,359,115278.0,115094.95,3.449,740-779,<60%,20-28%,NY,Refinance,Primary,Condo,Servicer_A,Current,0,0,0,0,,2022-11-01,Black Knight,Pending Review,Current,0,0,0,0,0,
LN0000634,2,2022-12,2022-10,2,358,115278.0,114911.38,3.449,740-779,<60%,20-28%,NY,Refinance,Primary,Condo,Servicer_A,Current,0,0,0,0,,2022-12-01,Black Knight,Pending Review,Current,0,0,0,0,0,
LN0000641,1,2021-03,2021-02,1,359,172490.0,172237.01,3.9,780+,70-80%,20-28%,TX,Home Improvement,Primary,Manufactured,Servicer_C,Current,0,0,0,0,,2021-03-01,CoreLogic,Complete,Current,0,0,0,0,0,
LN0000641,2,2021-04,2021-02,2,358,172490.0,171983.2,3.9,780+,70-80%,20-28%,TX,Home Improvement,Primary,Manufactured,Servicer_C,Current,0,0,0,0,,2021-04-01,CoreLogic,Complete,Current,0,0,0,0,0,
LN0000641,3,2021-05,2021-02,3,357,172490.0,171728.57,3.9,780+,70-80%,20-28%,TX,Home Improvement,Primary,Manufactured,Servicer_C,Current,0,0,0,0,,2021-05-01,CoreLogic,Complete,Current,0,0,0,0,0,
LN0000641,4,2021-06,2021-02,4,356,172490.0,171473.1,3.9,780+,70-80%,20-28%,TX,Home Improvement,Primary,Manufactured,Servicer_C,Current,0,0,0,0,,2021-06-01,CoreLogic,Complete,Current,0,0,0,0,0,
LN0000641,5,2021-07,2021-02,5,355,172490.0,171216.81,3.9,780+,70-80%,20-28%,TX,Home Improvement,Primary,Manufactured,Servicer_C,Current,0,0,0,0,,2021-07-01,CoreLogic,Complete,Current,0,0,0,0,0,
LN0000641,6,2021-08,2021-02,6,354,172490.0,170959.69,3.9,780+,70-80%,20-28%,TX,Home Improvement,Primary,Manufactured,Servicer_C,Current,0,0,0,0,,2021-08-01,CoreLogic,Complete,Current,0,0,0,0,0,
LN0000641,7,2021-09,2021-02,7,353,172490.0,170701.72,3.9,780+,70-80%,20-28%,TX,Home Improvement,Primary,Manufactured,Servicer_C,Current,0,0,0,0,,2021-09-01,CoreLogic,Complete,Current,0,0,0,0,0,
LN0000641,8,2021-10,2021-02,8,352,172490.0,170442.92,3.9,780+,70-80%,20-28%,TX,Home Improvement,Primary,Manufactured,Servicer_C,Current,0,0,0,0,,2021-10-01,CoreLogic,Complete,Current,0,0,0,0,0,
LN0000641,9,2021-11,2021-02,9,351,172490.0,170183.28,3.9,780+,70-80%,20-28%,TX,Home Improvement,Primary,Manufactured,Servicer_C,Current,0,0,0,0,,2021-11-01,CoreLogic,Complete,Current,0,0,0,0,0,
LN0000641,10,2021-12,2021-02,10,350,172490.0,169922.8,3.9,780+,70-80%,20-28%,TX,Home Improvement,Primary,Manufactured,Servicer_C,Current,0,0,0,0,,2021-12-01,CoreLogic,Complete,Current,0,0,0,0,0,
LN0000641,11,2022-01,2021-02,11,349,172490.0,169661.47,3.9,780+,70-80%,20-28%,TX,Home Improvement,Primary,Manufactured,Servicer_C,Current,0,0,0,0,,2022-01-01,CoreLogic,Complete,Current,0,0,0,0,0,
LN0000641,12,2022-02,2021-02,12,348,172490.0,169399.29,3.9,780+,70-80%,20-28%,TX,Home Improvement,Primary,Manufactured,Servicer_C,Current,0,0,0,0,,2022-02-01,CoreLogic,Complete,Current,0,0,0,0,0,
LN0000641,13,2022-03,2021-02,13,347,172490.0,169136.25,3.9,780+,70-80%,20-28%,TX,Home Improvement,Primary,Manufactured,Servicer_C,Current,0,0,0,0,,2022-03-01,CoreLogic,Complete,Current,0,0,0,0,0,
LN0000641,14,2022-04,2021-02,14,346,172490.0,168872.37,3.9,780+,70-80%,20-28%,TX,Home Improvement,Primary,Manufactured,Servicer_C,Current,0,0,0,0,,2022-04-01,CoreLogic,Complete,Current,0,0,0,0,0,
LN0000641,15,2022-05,2021-02,15,345,172490.0,168607.62,3.9,780+,70-80%,20-28%,TX,Home Improvement,Primary,Manufactured,Servicer_C,Current,0,0,0,0,,2022-05-01,CoreLogic,Complete,Current,0,0,0,0,0,
LN0000641,16,2022-06,2021-02,16,344,172490.0,168342.01,3.9,780+,70-80%,20-28%,TX,Home Improvement,Primary,Manufactured,Servicer_C,Current,0,0,0,0,,2022-06-01,CoreLogic,Complete,Current,0,0,0,0,0,
LN0000641,17,2022-07,2021-02,17,343,172490.0,168075.55,3.9,780+,70-80%,20-28%,TX,Home Improvement,Primary,Manufactured,Servicer_C,Current,0,0,0,0,,2022-07-01,CoreLogic,Complete,Current,0,0,0,0,0,
LN0000641,18,2022-08,2021-02,18,342,172490.0,167808.21,3.9,780+,70-80%,20-28%,TX,Home Improvement,Primary,Manufactured,Servicer_C,Current,0,0,0,0,,2022-08-01,CoreLogic,Complete,Current,0,0,0,0,0,
LN0000641,19,2022-09,2021-02,19,341,172490.0,167540.01,3.9,780+,70-80%,20-28%,TX,Home Improvement,Primary,Manufactured,Servicer_C,Current,0,0,0,0,,2022-09-01,CoreLogic,Complete,Current,0,0,0,0,0,
LN0000641,20,2022-10,2021-02,20,340,172490.0,167270.93,3.9,780+,70-80%,20-28%,TX,Home Improvement,Primary,Manufactured,Servicer_C,Current,0,0,0,0,,2022-10-01,CoreLogic,Complete,Current,0,0,0,0,0,
LN0000641,21,2022-11,2021-02,21,339,172490.0,167000.98,3.9,780+,70-80%,20-28%,TX,Home Improvement,Primary,Manufactured,Servicer_C,Current,0,0,0,0,,2022-11-01,CoreLogic,Complete,Current,0,0,0,0,0,
LN0000641,22,2022-12,2021-02,22,338,172490.0,166730.15,3.9,780+,70-80%,20-28%,TX,Home Improvement,Primary,Manufactured,Servicer_C,Current,0,0,0,0,,2022-12-01,CoreLogic,Complete,Current,0,0,0,0,0,
LN0000663,1,2022-10,2022-09,1,359,109833.0,109663.98,3.628,620-659,70-80%,36-43%,CA,Purchase,Second Home,Townhouse,Servicer_C,Current,0,0,0,0,,2022-10-01,Ellie Mae,Missing Items,Current,0,0,0,0,0,
LN0000663,2,2022-11,2022-09,2,358,109833.0,109494.45,3.628,620-659,70-80%,36-43%,CA,Purchase,Second Home,Townhouse,Servicer_C,Current,0,0,0,0,,2022-11-01,Ellie Mae,Missing Items,Current,0,0,0,0,0,
LN0000663,3,2022-12,2022-09,3,357,109833.0,109324.41,3.628,620-659,70-80%,36-43%,CA,Purchase,Second Home,Townhouse,Servicer_C,Current,0,0,0,0,,2022-12-01,Ellie Mae,Missing Items,Current,0,0,0,0,0,
LN0000703,1,2020-12,2020-11,1,179,164798.0,164200.58,5.376,620-659,90-95%,20-28%,MI,Cash-Out Refinance,Primary,Condo,Servicer_B,Current,0,0,0,0,,2020-12-01,Ellie Mae,Missing Items,Current,0,0,0,0,0,
LN0000703,2,2021-01,2020-11,2,178,164798.0,163600.48,5.376,620-659,90-95%,20-28%,MI,Cash-Out Refinance,Primary,Condo,Servicer_B,Current,0,0,0,0,,2021-01-01,Ellie Mae,Missing Items,Current,0,0,0,0,0,
LN0000703,3,2021-02,2020-11,3,177,164798.0,162997.69,5.376,620-659,90-95%,20-28%,MI,Cash-Out Refinance,Primary,Condo,Servicer_B,Current,0,0,0,0,,2021-02-01,Ellie Mae,Missing Items,Current,0,0,0,0,0,
LN0000703,4,2021-03,2020-11,4,176,164798.0,162392.2,5.376,620-659,90-95%,20-28%,MI,Cash-Out Refinance,Primary,Condo,Servicer_B,Current,0,0,0,0,,2021-03-01,Ellie Mae,Missing Items,Current,0,0,0,0,0,
LN0000703,5,2021-04,2020-11,5,175,164798.0,161784.0,5.376,620-659,90-95%,20-28%,MI,Cash-Out Refinance,Primary,Condo,Servicer_B,Current,0,0,0,0,,2021-04-01,Ellie Mae,Missing Items,Current,0,0,0,0,0,
LN0000703,6,2021-05,2020-11,6,174,164798.0,161173.08,5.376,620-659,90-95%,20-28%,MI,Cash-Out Refinance,Primary,Condo,Servicer_B,Current,0,0,0,0,,2021-05-01,Ellie Mae,Missing Items,Current,0,0,0,0,0,
LN0000703,7,2021-06,2020-11,7,173,164798.0,160559.41,5.376,620-659,90-95%,20-28%,MI,Cash-Out Refinance,Primary,Condo,Servicer_B,Current,0,0,0,0,,2021-06-01,Ellie Mae,Missing Items,Current,0,0,0,0,0,
LN0000703,8,2021-07,2020-11,8,172,164798.0,159943.0,5.376,620-659,90-95%,20-28%,MI,Cash-Out Refinance,Primary,Condo,Servicer_B,Current,0,0,0,0,,2021-07-01,Ellie Mae,Missing Items,Current,0,0,0,0,0,
LN0000703,9,2021-08,2020-11,9,171,164798.0,159323.83,5.376,620-659,90-95%,20-28%,MI,Cash-Out Refinance,Primary,Condo,Servicer_B,Current,0,0,0,0,,2021-08-01,Ellie Mae,Missing Items,Current,0,0,0,0,0,
LN0000703,10,2021-09,2020-11,10,170,164798.0,158701.88,5.376,620-659,90-95%,20-28%,MI,Cash-Out Refinance,Primary,Condo,Servicer_B,Current,0,0,0,0,,2021-09-01,Ellie Mae,Missing Items,Current,0,0,0,0,0,
LN0000703,11,2021-10,2020-11,11,169,164798.0,158077.15,5.376,620-659,90-95%,20-28%,MI,Cash-Out Refinance,Primary,Condo,Servicer_B,Current,0,0,0,0,,2021-10-01,Ellie Mae,Missing Items,Current,0,0,0,0,0,
LN0000703,12,2021-11,2020-11,12,168,164798.0,157449.62,5.376,620-659,90-95%,20-28%,MI,Cash-Out Refinance,Primary,Condo,Servicer_B,Current,0,0,0,0,,2021-11-01,Ellie Mae,Missing Items,Current,0,0,0,0,0,
LN0000703,13,2021-12,2020-11,13,167,164798.0,156819.27,5.376,620-659,90-95%,20-28%,MI,Cash-Out Refinance,Primary,Condo,Servicer_B,Current,0,0,0,0,,2021-12-01,Ellie Mae,Missing Items,Current,0,0,0,0,0,
LN0000703,14,2022-01,2020-11,14,166,164798.0,156186.1,5.376,620-659,90-95%,20-28%,MI,Cash-Out Refinance,Primary,Condo,Servicer_B,Current,0,0,0,0,,2022-01-01,Ellie Mae,Missing Items,Current,0,0,0,0,0,
LN0000703,15,2022-02,2020-11,15,165,164798.0,155550.1,5.376,620-659,90-95%,20-28%,MI,Cash-Out Refinance,Primary,Condo,Servicer_B,Current,0,0,0,0,,2022-02-01,Ellie Mae,Missing Items,Current,0,0,0,0,0,
LN0000703,16,2022-03,2020-11,16,164,164798.0,154911.25,5.376,620-659,90-95%,20-28%,MI,Cash-Out Refinance,Primary,Condo,Servicer_B,Current,0,0,0,0,,2022-03-01,Ellie Mae,Missing Items,Current,0,0,0,0,0,
LN0000703,17,2022-04,2020-11,17,163,164798.0,154269.53,5.376,620-659,90-95%,20-28%,MI,Cash-Out Refinance,Primary,Condo,Servicer_B,Current,0,0,0,0,,2022-04-01,Ellie Mae,Missing Items,Current,0,0,0,0,0,
LN0000703,18,2022-05,2020-11,18,162,164798.0,153624.94,5.376,620-659,90-95%,20-28%,MI,Cash-Out Refinance,Primary,Condo,Servicer_B,Current,0,0,0,0,,2022-05-01,Ellie Mae,Missing Items,Current,0,0,0,0,0,
LN0000703,19,2022-06,2020-11,19,161,164798.0,152977.46,5.376,620-659,90-95%,20-28%,MI,Cash-Out Refinance,Primary,Condo,Servicer_B,Current,0,0,0,0,,2022-06-01,Ellie Mae,Missing Items,Current,0,0,0,0,0,
LN0000703,20,2022-07,2020-11,20,160,164798.0,152327.08,5.376,620-659,90-95%,20-28%,MI,Cash-Out Refinance,Primary,Condo,Servicer_B,Current,0,0,0,0,,2022-07-01,Ellie Mae,Missing Items,Current,0,0,0,0,0,
LN0000703,21,2022-08,2020-11,21,159,164798.0,151673.79,5.376,620-659,90-95%,20-28%,MI,Cash-Out Refinance,Primary,Condo,Servicer_B,Current,0,0,0,0,,2022-08-01,Ellie Mae,Missing Items,Current,0,0,0,0,0,
LN0000703,22,2022-09,2020-11,22,158,164798.0,151017.57,5.376,620-659,90-95%,20-28%,MI,Cash-Out Refinance,Primary,Condo,Servicer_B,Current,0,0,0,0,,2022-09-01,Ellie Mae,Missing Items,Current,0,0,0,0,0,
LN0000703,23,2022-10,2020-11,23,157,164798.0,150358.41,5.376,620-659,90-95%,20-28%,MI,Cash-Out Refinance,Primary,Condo,Servicer_B,Current,0,0,0,0,,2022-10-01,Ellie Mae,Missing Items,Current,0,0,0,0,0,
LN0000703,24,2022-11,2020-11,24,156,164798.0,149696.3,5.376,620-659,90-95%,20-28%,MI,Cash-Out Refinance,Primary,Condo,Servicer_B,Current,0,0,0,0,,2022-11-01,Ellie Mae,Missing Items,Current,0,0,0,0,0,
LN0000703,25,2022-12,2020-11,25,155,164798.0,149031.22,5.376,620-659,90-95%,20-28%,MI,Cash-Out Refinance,Primary,Condo,Servicer_B,Current,0,0,0,0,,2022-12-01,Ellie Mae,Missing Items,Current,0,0,0,0,0,
LN0000719,1,2022-10,2022-09,1,359,153160.0,153014.98,6.261,660-699,70-80%,20-28%,MO,Cash-Out Refinance,Primary,Single Family,Servicer_E,Current,0,0,0,0,,2022-10-01,Ellie Mae,Missing Items,Current,0,0,0,0,0,
LN0000719,2,2022-11,2022-09,2,358,153160.0,152869.21,6.261,660-699,70-80%,20-28%,MO,Cash-Out Refinance,Primary,Single Family,Servicer_E,Current,0,0,0,0,,2022-11-01,Ellie Mae,Missing Items,Current,0,0,0,0,0,
LN0000719,3,2022-12,2022-09,3,357,153160.0,152722.68,6.261,660-699,70-80%,20-28%,MO,Cash-Out Refinance,Primary,Single Family,Servicer_E,Current,0,0,0,0,,2022-12-01,Ellie Mae,Missing Items,Current,0,0,0,0,0,
LN0000724,1,2021-02,2021-01,1,359,119604.0,119482.64,5.9,780+,<60%,20-28%,MD,Purchase,Primary,Townhouse,Servicer_E,Current,0,0,0,0,,2021-02-01,Encompass,Under Exception,Current,0,0,0,0,0,
LN0000724,2,2021-03,2021-01,2,358,119604.0,119360.68,5.9,780+,<60%,20-28%,MD,Purchase,Primary,Townhouse,Servicer_E,Current,0,0,0,0,,2021-03-01,Encompass,Under Exception,Current,0,0,0,0,0,
LN0000724,3,2021-04,2021-01,3,357,119604.0,119238.12,5.9,780+,<60%,20-28%,MD,Purchase,Primary,Townhouse,Servicer_E,Current,0,0,0,0,,2021-04-01,Encompass,Under Exception,Current,0,0,0,0,0,
LN0000724,4,2021-05,2021-01,4,356,119604.0,119114.96,5.9,780+,<60%,20-28%,MD,Purchase,Primary,Townhouse,Servicer_E,Current,0,0,0,0,,2021-05-01,Encompass,Under Exception,Current,0,0,0,0,0,
LN0000724,5,2021-06,2021-01,5,355,119604.0,118991.19,5.9,780+,<60%,20-28%,MD,Purchase,Primary,Townhouse,Servicer_E,Current,0,0,0,0,,2021-06-01,Encompass,Under Exception,Current,0,0,0,0,0,
LN0000724,6,2021-07,2021-01,6,354,119604.0,118866.82,5.9,780+,<60%,20-28%,MD,Purchase,Primary,Townhouse,Servicer_E,Current,0,0,0,0,,2021-07-01,Encompass,Under Exception,Current,0,0,0,0,0,
LN0000724,7,2021-08,2021-01,7,353,119604.0,118741.83,5.9,780+,<60%,20-28%,MD,Purchase,Primary,Townhouse,Servicer_E,Current,0,0,0,0,,2021-08-01,Encompass,Under Exception,Current,0,0,0,0,0,
LN0000724,8,2021-09,2021-01,8,352,119604.0,118616.23,5.9,780+,<60%,20-28%,MD,Purchase,Primary,Townhouse,Servicer_E,Current,0,0,0,0,,2021-09-01,Encompass,Under Exception,Current,0,0,0,0,0,
LN0000724,9,2021-10,2021-01,9,351,119604.0,118490.01,5.9,780+,<60%,20-28%,MD,Purchase,Primary,Townhouse,Servicer_E,Current,0,0,0,0,,2021-10-01,Encompass,Under Exception,Current,0,0,0,0,0,
LN0000724,10,2021-11,2021-01,10,350,119604.0,118363.17,5.9,780+,<60%,20-28%,MD,Purchase,Primary,Townhouse,Servicer_E,Current,0,0,0,0,,2021-11-01,Encompass,Under Exception,Current,0,0,0,0,0,
LN0000724,11,2021-12,2021-01,11,349,119604.0,118235.71,5.9,780+,<60%,20-28%,MD,Purchase,Primary,Townhouse,Servicer_E,Current,0,0,0,0,,2021-12-01,Encompass,Under Exception,Current,0,0,0,0,0,
LN0000724,12,2022-01,2021-01,12,348,119604.0,118107.62,5.9,780+,<60%,20-28%,MD,Purchase,Primary,Townhouse,Servicer_E,Current,0,0,0,0,,2022-01-01,Encompass,Under Exception,Current,0,0,0,0,0,
LN0000724,13,2022-02,2021-01,13,347,119604.0,117978.9,5.9,780+,<60%,20-28%,MD,Purchase,Primary,Townhouse,Servicer_E,Current,0,0,0,0,,2022-02-01,Encompass,Under Exception,Current,0,0,0,0,0,
LN0000724,14,2022-03,2021-01,14,346,119604.0,117849.55,5.9,780+,<60%,20-28%,MD,Purchase,Primary,Townhouse,Servicer_E,Current,0,0,0,0,,2022-03-01,Encompass,Under Exception,Current,0,0,0,0,0,
LN0000724,15,2022-04,2021-01,15,345,119604.0,117719.56,5.9,780+,<60%,20-28%,MD,Purchase,Primary,Townhouse,Servicer_E,Current,0,0,0,0,,2022-04-01,Encompass,Under Exception,Current,0,0,0,0,0,
LN0000724,16,2022-05,2021-01,16,344,119604.0,117588.94,5.9,780+,<60%,20-28%,MD,Purchase,Primary,Townhouse,Servicer_E,Current,0,0,0,0,,2022-05-01,Encompass,Under Exception,Current,0,0,0,0,0,
LN0000724,17,2022-06,2021-01,17,343,119604.0,117457.67,5.9,780+,<60%,20-28%,MD,Purchase,Primary,Townhouse,Servicer_E,Current,0,0,0,0,,2022-06-01,Encompass,Under Exception,Current,0,0,0,0,0,
LN0000724,18,2022-07,2021-01,18,342,119604.0,117325.75,5.9,780+,<60%,20-28%,MD,Purchase,Primary,Townhouse,Servicer_E,Current,0,0,0,0,,2022-07-01,Encompass,Under Exception,Current,0,0,0,0,0,
LN0000724,19,2022-08,2021-01,19,341,119604.0,117193.19,5.9,780+,<60%,20-28%,MD,Purchase,Primary,Townhouse,Servicer_E,Current,0,0,0,0,,2022-08-01,Encompass,Under Exception,Current,0,0,0,0,0,
LN0000724,20,2022-09,2021-01,20,340,119604.0,117059.97,5.9,780+,<60%,20-28%,MD,Purchase,Primary,Townhouse,Servicer_E,Current,0,0,0,0,,2022-09-01,Encompass,Under Exception,Current,0,0,0,0,0,
LN0000724,21,2022-10,2021-01,21,339,119604.0,116926.1,5.9,780+,<60%,20-28%,MD,Purchase,Primary,Townhouse,Servicer_E,Current,0,0,0,0,,2022-10-01,Encompass,Under Exception,Current,0,0,0,0,0,
LN0000724,22,2022-11,2021-01,22,338,119604.0,116791.57,5.9,780+,<60%,20-28%,MD,Purchase,Primary,Townhouse,Servicer_E,Current,0,0,0,0,,2022-11-01,Encompass,Under Exception,Current,0,0,0,0,0,
LN0000724,23,2022-12,2021-01,23,337,119604.0,116656.38,5.9,780+,<60%,20-28%,MD,Purchase,Primary,Townhouse,Servicer_E,Current,0,0,0,0,,2022-12-01,Encompass,Under Exception,Current,0,0,0,0,0,
LN0000732,1,2021-12,2021-11,1,359,116678.0,116487.11,3.277,700-739,90-95%,>43%,VA,Purchase,Investment,Single Family,Servicer_C,Current,0,0,0,0,,2021-12-01,Encompass,Under Exception,Current,0,0,0,0,0,
LN0000732,2,2022-01,2021-11,2,358,116678.0,116295.69,3.277,700-739,90-95%,>43%,VA,Purchase,Investment,Single Family,Servicer_C,Current,0,0,0,0,,2022-01-01,Encompass,Under Exception,Current,0,0,0,0,0,
LN0000732,3,2022-02,2021-11,3,357,116678.0,116103.76,3.277,700-739,90-95%,>43%,VA,Purchase,Investment,Single Family,Servicer_C,Current,327,0,0,0,,2022-02-01,Encompass,Under Exception,Current,0,0,0,0,0,
LN0000732,4,2022-03,2021-11,4,356,116678.0,115911.3,3.277,700-739,90-95%,>43%,VA,Purchase,Investment,Single Family,Servicer_C,Current,0,0,0,0,,2022-03-01,Encompass,Under Exception,Current,0,0,0,0,0,
LN0000732,5,2022-04,2021-11,5,355,116678.0,115718.31,3.277,700-739,90-95%,>43%,VA,Purchase,Investment,Single Family,Servicer_C,Current,0,0,0,0,,2022-04-01,Encompass,Under Exception,Current,0,0,0,0,0,
LN0000732,6,2022-05,2021-11,6,354,116678.0,115524.8,3.277,700-739,90-95%,>43%,VA,Purchase,Investment,Single Family,Servicer_C,Current,0,0,0,0,,2022-05-01,Encompass,Under Exception,Current,0,0,0,0,0,
LN0000732,7,2022-06,2021-11,7,353,116678.0,115330.76,3.277,700-739,90-95%,>43%,VA,Purchase,Investment,Single Family,Servicer_C,Current,0,0,0,0,,2022-06-01,Encompass,Under Exception,Current,0,0,0,0,0,
LN0000732,8,2022-07,2021-11,8,352,116678.0,115136.18,3.277,700-739,90-95%,>43%,VA,Purchase,Investment,Single Family,Servicer_C,Current,0,0,0,0,,2022-07-01,Encompass,Under Exception,Current,0,0,0,0,0,
LN0000732,9,2022-08,2021-11,9,351,116678.0,114941.08,3.277,700-739,90-95%,>43%,VA,Purchase,Investment,Single Family,Servicer_C,Current,0,0,0,0,,2022-08-01,Encompass,Under Exception,Current,0,0,0,0,0,
LN0000732,10,2022-09,2021-11,10,350,116678.0,114745.45,3.277,700-739,90-95%,>43%,VA,Purchase,Investment,Single Family,Servicer_C,Current,0,0,0,0,,2022-09-01,Encompass,Under Exception,Current,0,0,0,0,0,
LN0000732,11,2022-10,2021-11,11,349,116678.0,114549.28,3.277,700-739,90-95%,>43%,VA,Purchase,Investment,Single Family,Servicer_C,Current,0,0,0,0,,2022-10-01,Encompass,Under Exception,Current,0,0,0,0,0,
LN0000732,12,2022-11,2021-11,12,348,116678.0,114352.57,3.277,700-739,90-95%,>43%,VA,Purchase,Investment,Single Family,Servicer_C,Current,0,0,0,0,,2022-11-01,Encompass,Under Exception,Current,0,0,0,0,0,
LN0000732,13,2022-12,2021-11,13,347,116678.0,114155.33,3.277,700-739,90-95%,>43%,VA,Purchase,Investment,Single Family,Servicer_C,Current,0,0,0,0,,2022-12-01,Encompass,Under Exception,Current,0,0,0,0,0,
LN0000739,1,2022-04,2022-03,1,359,101929.0,101800.34,4.732,660-699,>95%,20-28%,TX,Home Improvement,Second Home,Single Family,Servicer_D,Current,0,0,0,0,,2022-04-01,Ellie Mae,Missing Items,Current,0,0,0,0,0,
LN0000739,2,2022-05,2022-03,2,358,101929.0,101671.16,4.732,660-699,>95%,20-28%,TX,Home Improvement,Second Home,Single Family,Servicer_D,Current,0,0,0,0,,2022-05-01,Ellie Mae,Missing Items,Current,0,0,0,0,0,
LN0000739,3,2022-06,2022-03,3,357,101929.0,101541.48,4.732,660-699,>95%,20-28%,TX,Home Improvement,Second Home,Single Family,Servicer_D,Current,0,0,0,0,,2022-06-01,Ellie Mae,Missing Items,Current,0,0,0,0,0,
LN0000739,4,2022-07,2022-03,4,356,101929.0,101411.29,4.732,660-699,>95%,20-28%,TX,Home Improvement,Second Home,Single Family,Servicer_D,Current,0,0,0,0,,2022-07-01,Ellie Mae,Missing Items,Current,0,0,0,0,0,
LN0000739,5,2022-08,2022-03,5,355,101929.0,101280.58,4.732,660-699,>95%,20-28%,TX,Home Improvement,Second Home,Single Family,Servicer_D,Current,0,0,0,0,,2022-08-01,Ellie Mae,Missing Items,Current,0,0,0,0,0,
LN0000739,6,2022-09,2022-03,6,354,101929.0,101149.36,4.732,660-699,>95%,20-28%,TX,Home Improvement,Second Home,Single Family,Servicer_D,Current,0,0,0,0,,2022-09-01,Ellie Mae,Missing Items,Current,0,0,0,0,0,
LN0000739,7,2022-10,2022-03,7,353,101929.0,101017.62,4.732,660-699,>95%,20-28%,TX,Home Improvement,Second Home,Single Family,Servicer_D,Current,0,0,0,0,,2022-10-01,Ellie Mae,Missing Items,Current,0,0,0,0,0,
LN0000739,8,2022-11,2022-03,8,352,101929.0,100885.36,4.732,660-699,>95%,20-28%,TX,Home Improvement,Second Home,Single Family,Servicer_D,Current,0,0,0,0,,2022-11-01,Ellie Mae,Missing Items,Current,0,0,0,0,0,
LN0000739,9,2022-12,2022-03,9,351,101929.0,100752.58,4.732,660-699,>95%,20-28%,TX,Home Improvement,Second Home,Single Family,Servicer_D,Current,0,0,0,0,,2022-12-01,Ellie Mae,Missing Items,Current,0,0,0,0,0,
LN0000744,1,2021-09,2021-08,1,359,147234.0,147083.26,5.853,660-699,80-90%,28-36%,MI,Cash-Out Refinance,Investment,Single Family,Servicer_A,Current,0,0,0,0,,2021-09-01,Encompass,Under Exception,Current,0,0,0,0,0,
LN0000744,2,2021-10,2021-08,2,358,147234.0,146931.78,5.853,660-699,80-90%,28-36%,MI,Cash-Out Refinance,Investment,Single Family,Servicer_A,Current,0,0,0,0,,2021-10-01,Encompass,Under Exception,Current,0,0,0,0,0,
LN0000744,3,2021-11,2021-08,3,357,147234.0,146779.57,5.853,660-699,80-90%,28-36%,MI,Cash-Out Refinance,Investment,Single Family,Servicer_A,Current,0,0,0,0,,2021-11-01,Encompass,Under Exception,Current,0,0,0,0,0,
LN0000744,4,2021-12,2021-08,4,356,147234.0,146626.61,5.853,660-699,80-90%,28-36%,MI,Cash-Out Refinance,Investment,Single Family,Servicer_A,Current,0,0,0,0,,2021-12-01,Encompass,Under Exception,Current,0,0,0,0,0,
LN0000744,5,2022-01,2021-08,5,355,147234.0,146472.9,5.853,660-699,80-90%,28-36%,MI,Cash-Out Refinance,Investment,Single Family,Servicer_A,Current,0,0,0,0,,2022-01-01,Encompass,Under Exception,Current,0,0,0,0,0,
LN0000744,6,2022-02,2021-08,6,354,147234.0,146318.45,5.853,660-699,80-90%,28-36%,MI,Cash-Out Refinance,Investment,Single Family,Servicer_A,Current,0,0,0,0,,2022-02-01,Encompass,Under Exception,Current,0,0,0,0,0,
LN0000744,7,2022-03,2021-08,7,353,147234.0,146163.24,5.853,660-699,80-90%,28-36%,MI,Cash-Out Refinance,Investment,Single Family,Servicer_A,Current,0,0,0,0,,2022-03-01,Encompass,Under Exception,Current,0,0,0,0,0,
LN0000744,8,2022-04,2021-08,8,352,147234.0,146007.28,5.853,660-699,80-90%,28-36%,MI,Cash-Out Refinance,Investment,Single Family,Servicer_A,Current,0,0,0,0,,2022-04-01,Encompass,Under Exception,Current,0,0,0,0,0,
LN0000744,9,2022-05,2021-08,9,351,147234.0,145850.55,5.853,660-699,80-90%,28-36%,MI,Cash-Out Refinance,Investment,Single Family,Servicer_A,Current,0,0,0,0,,2022-05-01,Encompass,Under Exception,Current,0,0,0,0,0,
LN0000744,10,2022-06,2021-08,10,350,147234.0,145693.06,5.853,660-699,80-90%,28-36%,MI,Cash-Out Refinance,Investment,Single Family,Servicer_A,Current,0,0,0,0,,2022-06-01,Encompass,Under Exception,Current,0,0,0,0,0,
LN0000744,11,2022-07,2021-08,11,349,147234.0,145534.8,5.853,660-699,80-90%,28-36%,MI,Cash-Out Refinance,Investment,Single Family,Servicer_A,Current,0,0,0,0,,2022-07-01,Encompass,Under Exception,Current,0,0,0,0,0,
LN0000744,12,2022-08,2021-08,12,348,147234.0,145375.77,5.853,660-699,80-90%,28-36%,MI,Cash-Out Refinance,Investment,Single Family,Servicer_A,Current,0,0,0,0,,2022-08-01,Encompass,Under Exception,Current,0,0,0,0,0,
LN0000744,13,2022-09,2021-08,13,347,147234.0,145215.97,5.853,660-699,80-90%,28-36%,MI,Cash-Out Refinance,Investment,Single Family,Servicer_A,Current,0,0,0,0,,2022-09-01,Encompass,Under Exception,Current,0,0,0,0,0,
LN0000744,14,2022-10,2021-08,14,346,147234.0,145055.38,5.853,660-699,80-90%,28-36%,MI,Cash-Out Refinance,Investment,Single Family,Servicer_A,Current,0,0,0,0,,2022-10-01,Encompass,Under Exception,Current,0,0,0,0,0,
LN0000744,15,2022-11,2021-08,15,345,147234.0,144894.02,5.853,660-699,80-90%,28-36%,MI,Cash-Out Refinance,Investment,Single Family,Servicer_A,Current,0,0,0,0,,2022-11-01,Encompass,Under Exception,Current,0,0,0,0,0,
LN0000744,16,2022-12,2021-08,16,344,147234.0,144731.86,5.853,660-699,80-90%,28-36%,MI,Cash-Out Refinance,Investment,Single Family,Servicer_A,Current,0,0,0,0,,2022-12-01,Encompass,Under Exception,Current,0,0,0,0,0,
LN0000751,1,2021-02,2021-01,1,359,182630.0,182310.71,2.891,780+,90-95%,28-36%,NY,Home Improvement,Primary,Single Family,Servicer_D,Current,0,0,0,0,,2021-02-01,Ellie Mae,Missing Items,Current,0,0,0,0,0,
LN0000751,2,2021-03,2021-01,2,358,182630.0,181990.64,2.891,780+,90-95%,28-36%,NY,Home Improvement,Primary,Single Family,Servicer_D,Current,0,0,0,0,,2021-03-01,Ellie Mae,Missing Items,Current,0,0,0,0,0,
LN0000751,3,2021-04,2021-01,3,357,182630.0,181669.81,2.891,780+,90-95%,28-36%,NY,Home Improvement,Primary,Single Family,Servicer_D,Current,0,0,0,0,,2021-04-01,Ellie Mae,Missing Items,Current,0,0,0,0,0,
LN0000751,4,2021-05,2021-01,4,356,182630.0,181348.2,2.891,780+,90-95%,28-36%,NY,Home Improvement,Primary,Single Family,Servicer_D,Current,0,0,0,0,,2021-05-01,Ellie Mae,Missing Items,Current,0,0,0,0,0,
LN0000751,5,2021-06,2021-01,5,355,182630.0,181025.81,2.891,780+,90-95%,28-36%,NY,Home Improvement,Primary,Single Family,Servicer_D,Current,0,0,0,0,,2021-06-01,Ellie Mae,Missing Items,Current,0,0,0,0,0,
LN0000751,6,2021-07,2021-01,6,354,182630.0,180702.66,2.891,780+,90-95%,28-36%,NY,Home Improvement,Primary,Single Family,Servicer_D,Current,0,0,0,0,,2021-07-01,Ellie Mae,Missing Items,Current,0,0,0,0,0,
LN0000751,7,2021-08,2021-01,7,353,182630.0,180378.72,2.891,780+,90-95%,28-36%,NY,Home Improvement,Primary,Single Family,Servicer_D,Current,0,0,0,0,,2021-08-01,Ellie Mae,Missing Items,Current,0,0,0,0,0,
LN0000751,8,2021-09,2021-01,8,352,182630.0,180054.0,2.891,780+,90-95%,28-36%,NY,Home Improvement,Primary,Single Family,Servicer_D,Current,0,0,0,0,,2021-09-01,Ellie Mae,Missing Items,Current,0,0,0,0,0,
LN0000751,9,2021-10,2021-01,9,351,182630.0,179728.5,2.891,780+,90-95%,28-36%,NY,Home Improvement,Primary,Single Family,Servicer_D,Current,0,0,0,0,,2021-10-01,Ellie Mae,Missing Items,Current,0,0,0,0,0,
LN0000751,10,2021-11,2021-01,10,350,182630.0,179402.21,2.891,780+,90-95%,28-36%,NY,Home Improvement,Primary,Single Family,Servicer_D,Current,0,0,0,0,,2021-11-01,Ellie Mae,Missing Items,Current,0,0,0,0,0,
LN0000751,11,2021-12,2021-01,11,349,182630.0,179075.14,2.891,780+,90-95%,28-36%,NY,Home Improvement,Primary,Single Family,Servicer_D,Current,0,0,0,0,,2021-12-01,Ellie Mae,Missing Items,Current,0,0,0,0,0,
LN0000751,12,2022-01,2021-01,12,348,182630.0,178747.28,2.891,780+,90-95%,28-36%,NY,Home Improvement,Primary,Single Family,Servicer_D,Current,0,0,0,0,,2022-01-01,Ellie Mae,Missing Items,Current,0,0,0,0,0,
LN0000751,13,2022-02,2021-01,13,347,182630.0,178418.63,2.891,780+,90-95%,28-36%,NY,Home Improvement,Primary,Single Family,Servicer_D,Current,0,0,0,0,,2022-02-01,Ellie Mae,Missing Items,Current,0,0,0,0,0,
LN0000751,14,2022-03,2021-01,14,346,182630.0,178089.19,2.891,780+,90-95%,28-36%,NY,Home Improvement,Primary,Single Family,Servicer_D,Current,0,0,0,0,,2022-03-01,Ellie Mae,Missing Items,Current,0,0,0,0,0,
LN0000751,15,2022-04,2021-01,15,345,182630.0,177758.96,2.891,780+,90-95%,28-36%,NY,Home Improvement,Primary,Single Family,Servicer_D,Current,0,0,0,0,,2022-04-01,Ellie Mae,Missing Items,Current,0,0,0,0,0,
LN0000751,16,2022-05,2021-01,16,344,182630.0,177427.93,2.891,780+,90-95%,28-36%,NY,Home Improvement,Primary,Single Family,Servicer_D,Current,0,0,0,0,,2022-05-01,Ellie Mae,Missing Items,Current,0,0,0,0,0,
LN0000751,17,2022-06,2021-01,17,343,182630.0,177096.1,2.891,780+,90-95%,28-36%,NY,Home Improvement,Primary,Single Family,Servicer_D,Current,0,0,0,0,,2022-06-01,Ellie Mae,Missing Items,Current,0,0,0,0,0,
LN0000751,18,2022-07,2021-01,18,342,182630.0,176763.47,2.891,780+,90-95%,28-36%,NY,Home Improvement,Primary,Single Family,Servicer_D,Current,0,0,0,0,,2022-07-01,Ellie Mae,Missing Items,Current,0,0,0,0,0,
LN0000751,19,2022-08,2021-01,19,341,182630.0,176430.05,2.891,780+,90-95%,28-36%,NY,Home Improvement,Primary,Single Family,Servicer_D,Current,0,0,0,0,,2022-08-01,Ellie Mae,Missing Items,Current,0,0,0,0,0,
LN0000751,20,2022-09,2021-01,20,340,182630.0,176095.81,2.891,780+,90-95%,28-36%,NY,Home Improvement,Primary,Single Family,Servicer_D,Current,0,0,0,0,,2022-09-01,Ellie Mae,Missing Items,Current,0,0,0,0,0,
LN0000751,21,2022-10,2021-01,21,339,182630.0,175760.78,2.891,780+,90-95%,28-36%,NY,Home Improvement,Primary,Single Family,Servicer_D,Current,0,0,0,0,,2022-10-01,Ellie Mae,Missing Items,Current,0,0,0,0,0,
LN0000751,22,2022-11,2021-01,22,338,182630.0,175424.93,2.891,780+,90-95%,28-36%,NY,Home Improvement,Primary,Single Family,Servicer_D,Current,0,0,0,0,,2022-11-01,Ellie Mae,Missing Items,Current,0,0,0,0,0,
LN0000751,23,2022-12,2021-01,23,337,182630.0,175088.28,2.891,780+,90-95%,28-36%,NY,Home Improvement,Primary,Single Family,Servicer_D,Current,0,0,0,0,,2022-12-01,Ellie Mae,Missing Items,Current,0,0,0,0,0,
LN0000760,1,2021-02,2021-01,1,359,50164.0,50089.56,3.834,660-699,70-80%,28-36%,NY,Cash-Out Refinance,Investment,Single Family,Servicer_E,Current,232,0,0,0,,2021-02-01,Encompass,Under Exception,Current,0,0,0,0,0,
LN0000760,2,2021-03,2021-01,2,358,50164.0,50014.88,3.834,660-699,70-80%,28-36%,NY,Cash-Out Refinance,Investment,Single Family,Servicer_E,Current,0,0,0,0,,2021-03-01,Encompass,Under Exception,Current,0,0,0,0,0,
LN0000760,3,2021-04,2021-01,3,357,50164.0,49939.96,3.834,660-699,70-80%,28-36%,NY,Cash-Out Refinance,Investment,Single Family,Servicer_E,Current,0,0,0,0,,2021-04-01,Encompass,Under Exception,Current,0,0,0,0,0,
LN0000760,4,2021-05,2021-01,4,356,50164.0,49864.81,3.834,660-699,70-80%,28-36%,NY,Cash-Out Refinance,Investment,Single Family,Servicer_E,Current,0,0,0,0,,2021-05-01,Encompass,Under Exception,Current,0,0,0,0,0,
LN0000760,5,2021-06,2021-01,5,355,50164.0,49789.41,3.834,660-699,70-80%,28-36%,NY,Cash-Out Refinance,Investment,Single Family,Servicer_E,Current,0,0,0,0,,2021-06-01,Encompass,Under Exception,Current,0,0,0,0,0,
LN0000760,6,2021-07,2021-01,6,354,50164.0,49713.77,3.834,660-699,70-80%,28-36%,NY,Cash-Out Refinance,Investment,Single Family,Servicer_E,Current,0,0,0,0,,2021-07-01,Encompass,Under Exception,Current,0,0,0,0,0,
LN0000760,7,2021-08,2021-01,7,353,50164.0,49637.89,3.834,660-699,70-80%,28-36%,NY,Cash-Out Refinance,Investment,Single Family,Servicer_E,Current,0,0,0,0,,2021-08-01,Encompass,Under Exception,Current,0,0,0,0,0,
LN0000760,8,2021-09,2021-01,8,352,50164.0,49561.77,3.834,660-699,70-80%,28-36%,NY,Cash-Out Refinance,Investment,Single Family,Servicer_E,Current,0,0,0,0,,2021-09-01,Encompass,Under Exception,Current,0,0,0,0,0,
LN0000760,9,2021-10,2021-01,9,351,50164.0,49485.41,3.834,660-699,70-80%,28-36%,NY,Cash-Out Refinance,Investment,Single Family,Servicer_E,Current,0,0,0,0,,2021-10-01,Encompass,Under Exception,Current,0,0,0,0,0,
LN0000760,10,2021-11,2021-01,10,350,50164.0,49408.8,3.834,660-699,70-80%,28-36%,NY,Cash-Out Refinance,Investment,Single Family,Servicer_E,Current,0,0,0,0,,2021-11-01,Encompass,Under Exception,Current,0,0,0,0,0,
LN0000760,11,2021-12,2021-01,11,349,50164.0,49331.94,3.834,660-699,70-80%,28-36%,NY,Cash-Out Refinance,Investment,Single Family,Servicer_E,Current,0,0,0,0,,2021-12-01,Encompass,Under Exception,Current,0,0,0,0,0,
LN0000760,12,2022-01,2021-01,12,348,50164.0,49254.84,3.834,660-699,70-80%,28-36%,NY,Cash-Out Refinance,Investment,Single Family,Servicer_E,Current,0,0,0,0,,2022-01-01,Encompass,Under Exception,Current,0,0,0,0,0,
LN0000760,13,2022-02,2021-01,13,347,50164.0,49177.5,3.834,660-699,70-80%,28-36%,NY,Cash-Out Refinance,Investment,Single Family,Servicer_E,Current,0,0,0,0,,2022-02-01,Encompass,Under Exception,Current,0,0,0,0,0,
LN0000760,14,2022-03,2021-01,14,346,50164.0,49099.91,3.834,660-699,70-80%,28-36%,NY,Cash-Out Refinance,Investment,Single Family,Servicer_E,Current,0,0,0,0,,2022-03-01,Encompass,Under Exception,Current,0,0,0,0,0,
LN0000760,15,2022-04,2021-01,15,345,50164.0,49022.07,3.834,660-699,70-80%,28-36%,NY,Cash-Out Refinance,Investment,Single Family,Servicer_E,Current,0,0,0,0,,2022-04-01,Encompass,Under Exception,Current,0,0,0,0,0,
LN0000760,16,2022-05,2021-01,16,344,50164.0,48943.98,3.834,660-699,70-80%,28-36%,NY,Cash-Out Refinance,Investment,Single Family,Servicer_E,Current,0,0,0,0,,2022-05-01,Encompass,Under Exception,Current,0,0,0,0,0,
LN0000760,17,2022-06,2021-01,17,343,50164.0,48865.64,3.834,660-699,70-80%,28-36%,NY,Cash-Out Refinance,Investment,Single Family,Servicer_E,Current,0,0,0,0,,2022-06-01,Encompass,Under Exception,Current,0,0,0,0,0,
LN0000760,18,2022-07,2021-01,18,342,50164.0,48787.05,3.834,660-699,70-80%,28-36%,NY,Cash-Out Refinance,Investment,Single Family,Servicer_E,Current,0,0,0,0,,2022-07-01,Encompass,Under Exception,Current,0,0,0,0,0,
LN0000760,19,2022-08,2021-01,19,341,50164.0,48708.21,3.834,660-699,70-80%,28-36%,NY,Cash-Out Refinance,Investment,Single Family,Servicer_E,Current,0,0,0,0,,2022-08-01,Encompass,Under Exception,Current,0,0,0,0,0,
LN0000760,20,2022-09,2021-01,20,340,50164.0,48629.12,3.834,660-699,70-80%,28-36%,NY,Cash-Out Refinance,Investment,Single Family,Servicer_E,Current,0,0,0,0,,2022-09-01,Encompass,Under Exception,Current,0,0,0,0,0,
LN0000760,21,2022-10,2021-01,21,339,50164.0,48549.77,3.834,660-699,70-80%,28-36%,NY,Cash-Out Refinance,Investment,Single Family,Servicer_E,Current,0,0,0,0,,2022-10-01,Encompass,Under Exception,Current,0,0,0,0,0,
LN0000760,22,2022-11,2021-01,22,338,50164.0,48470.17,3.834,660-699,70-80%,28-36%,NY,Cash-Out Refinance,Investment,Single Family,Servicer_E,Current,0,0,0,0,,2022-11-01,Encompass,Under Exception,Current,0,0,0,0,0,
LN0000760,23,2022-12,2021-01,23,337,50164.0,48390.32,3.834,660-699,70-80%,28-36%,NY,Cash-Out Refinance,Investment,Single Family,Servicer_E,Current,0,0,0,0,,2022-12-01,Encompass,Under Exception,Current,0,0,0,0,0,
LN0000769,1,2022-06,2022-05,1,359,365092.0,364623.41,4.641,<620,90-95%,36-43%,AZ,Purchase,Primary,Condo,Servicer_D,Current,0,0,0,0,,2022-06-01,CoreLogic,Complete,Current,0,0,0,0,0,
LN0000769,2,2022-07,2022-05,2,358,365092.0,364153.01,4.641,<620,90-95%,36-43%,AZ,Purchase,Primary,Condo,Servicer_D,Current,0,0,0,0,,2022-07-01,CoreLogic,Complete,Current,0,0,0,0,0,
LN0000769,3,2022-08,2022-05,3,357,365092.0,363680.8,4.641,<620,90-95%,36-43%,AZ,Purchase,Primary,Condo,Servicer_D,Current,0,0,0,0,,2022-08-01,CoreLogic,Complete,Current,0,0,0,0,0,
LN0000769,4,2022-09,2022-05,4,356,365092.0,363206.75,4.641,<620,90-95%,36-43%,AZ,Purchase,Primary,Condo,Servicer_D,Current,0,0,0,0,,2022-09-01,CoreLogic,Complete,Current,0,0,0,0,0,
LN0000769,5,2022-10,2022-05,5,355,365092.0,362730.87,4.641,<620,90-95%,36-43%,AZ,Purchase,Primary,Condo,Servicer_D,Current,0,0,0,0,,2022-10-01,CoreLogic,Complete,Current,0,0,0,0,0,
LN0000769,6,2022-11,2022-05,6,354,365092.0,362253.16,4.641,<620,90-95%,36-43%,AZ,Purchase,Primary,Condo,Servicer_D,Current,0,0,0,0,,2022-11-01,CoreLogic,Complete,Current,0,0,0,0,0,
LN0000769,7,2022-12,2022-05,7,353,365092.0,361773.59,4.641,<620,90-95%,36-43%,AZ,Purchase,Primary,Condo,Servicer_D,Current,0,0,0,0,,2022-12-01,CoreLogic,Complete,Current,0,0,0,0,0,
LN0000776,1,2021-08,2021-07,1,359,212105.0,211873.89,5.524,620-659,80-90%,28-36%,NC,Refinance,Investment,Single Family,Servicer_D,Current,0,0,0,0,,2021-08-01,Encompass,Under Exception,Current,0,0,0,0,0,
LN0000776,2,2021-09,2021-07,2,358,212105.0,211641.71,5.524,620-659,80-90%,28-36%,NC,Refinance,Investment,Single Family,Servicer_D,Current,0,0,0,0,,2021-09-01,Encompass,Under Exception,Current,0,0,0,0,0,
LN0000776,3,2021-10,2021-07,3,357,212105.0,211408.46,5.524,620-659,80-90%,28-36%,NC,Refinance,Investment,Single Family,Servicer_D,Current,0,0,0,0,,2021-10-01,Encompass,Under Exception,Current,0,0,0,0,0,
LN0000776,4,2021-11,2021-07,4,356,212105.0,211174.14,5.524,620-659,80-90%,28-36%,NC,Refinance,Investment,Single Family,Servicer_D,Current,0,0,0,0,,2021-11-01,Encompass,Under Exception,Current,0,0,0,0,0,
LN0000776,5,2021-12,2021-07,5,355,212105.0,210938.74,5.524,620-659,80-90%,28-36%,NC,Refinance,Investment,Single Family,Servicer_D,Current,0,0,0,0,,2021-12-01,Encompass,Under Exception,Current,0,0,0,0,0,
LN0000776,6,2022-01,2021-07,6,354,212105.0,210702.26,5.524,620-659,80-90%,28-36%,NC,Refinance,Investment,Single Family,Servicer_D,Current,0,0,0,0,,2022-01-01,Encompass,Under Exception,Current,0,0,0,0,0,
LN0000776,7,2022-02,2021-07,7,353,212105.0,210464.68,5.524,620-659,80-90%,28-36%,NC,Refinance,Investment,Single Family,Servicer_D,Current,0,0,0,0,,2022-02-01,Encompass,Under Exception,Current,0,0,0,0,0,
LN0000776,8,2022-03,2021-07,8,352,212105.0,210226.02,5.524,620-659,80-90%,28-36%,NC,Refinance,Investment,Single Family,Servicer_D,Current,0,0,0,0,,2022-03-01,Encompass,Under Exception,Current,0,0,0,0,0,
LN0000776,9,2022-04,2021-07,9,351,212105.0,209986.25,5.524,620-659,80-90%,28-36%,NC,Refinance,Investment,Single Family,Servicer_D,Current,0,0,0,0,,2022-04-01,Encompass,Under Exception,Current,0,0,0,0,0,
LN0000776,10,2022-05,2021-07,10,350,212105.0,209745.39,5.524,620-659,80-90%,28-36%,NC,Refinance,Investment,Single Family,Servicer_D,Current,0,0,0,0,,2022-05-01,Encompass,Under Exception,Current,0,0,0,0,0,
LN0000776,11,2022-06,2021-07,11,349,212105.0,209503.41,5.524,620-659,80-90%,28-36%,NC,Refinance,Investment,Single Family,Servicer_D,Current,0,0,0,0,,2022-06-01,Encompass,Under Exception,Current,0,0,0,0,0,
LN0000776,12,2022-07,2021-07,12,348,212105.0,209260.32,5.524,620-659,80-90%,28-36%,NC,Refinance,Investment,Single Family,Servicer_D,Current,0,0,0,0,,2022-07-01,Encompass,Under Exception,Current,0,0,0,0,0,
LN0000776,13,2022-08,2021-07,13,347,212105.0,209016.11,5.524,620-659,80-90%,28-36%,NC,Refinance,Investment,Single Family,Servicer_D,Current,0,0,0,0,,2022-08-01,Encompass,Under Exception,Current,0,0,0,0,0,
LN0000776,14,2022-09,2021-07,14,346,212105.0,208770.77,5.524,620-659,80-90%,28-36%,NC,Refinance,Investment,Single Family,Servicer_D,Current,0,0,0,0,,2022-09-01,Encompass,Under Exception,Current,0,0,0,0,0,
LN0000776,15,2022-10,2021-07,15,345,212105.0,208524.31,5.524,620-659,80-90%,28-36%,NC,Refinance,Investment,Single Family,Servicer_D,Current,0,0,0,0,,2022-10-01,Encompass,Under Exception,Current,0,0,1,0,0,
LN0000776,16,2022-11,2021-07,16,344,212105.0,208276.71,5.524,620-659,80-90%,28-36%,NC,Refinance,Investment,Single Family,Servicer_D,Current,0,0,0,0,,2022-11-01,Encompass,Under Exception,Current,0,0,1,0,0,
LN0000776,17,2022-12,2021-07,17,343,212105.0,208027.98,5.524,620-659,80-90%,28-36%,NC,Refinance,Investment,Single Family,Servicer_D,Current,0,0,0,0,,2022-12-01,Encompass,Under Exception,Current,0,0,1,0,0,
LN0000789,1,2020-10,2020-09,1,359,116557.0,116410.65,4.761,660-699,70-80%,36-43%,CA,Home Improvement,Investment,Single Family,Servicer_A,Current,0,0,0,0,,2020-10-01,CoreLogic,Complete,Current,0,0,0,0,0,
LN0000789,2,2020-11,2020-09,2,358,116557.0,116263.72,4.761,660-699,70-80%,36-43%,CA,Home Improvement,Investment,Single Family,Servicer_A,Current,0,0,0,0,,2020-11-01,CoreLogic,Complete,Current,0,0,0,0,0,
LN0000789,3,2020-12,2020-09,3,357,116557.0,116116.21,4.761,660-699,70-80%,36-43%,CA,Home Improvement,Investment,Single Family,Servicer_A,Current,0,0,0,0,,2020-12-01,CoreLogic,Complete,Current,0,0,0,0,0,
LN0000789,4,2021-01,2020-09,4,356,116557.0,115968.11,4.761,660-699,70-80%,36-43%,CA,Home Improvement,Investment,Single Family,Servicer_A,Current,0,0,0,0,,2021-01-01,CoreLogic,Complete,Current,0,0,0,0,0,
LN0000789,5,2021-02,2020-09,5,355,116557.0,115819.42,4.761,660-699,70-80%,36-43%,CA,Home Improvement,Investment,Single Family,Servicer_A,Current,0,0,0,0,,2021-02-01,CoreLogic,Complete,Current,0,0,0,0,0,
LN0000789,6,2021-03,2020-09,6,354,116557.0,115670.15,4.761,660-699,70-80%,36-43%,CA,Home Improvement,Investment,Single Family,Servicer_A,Current,0,0,0,0,,2021-03-01,CoreLogic,Complete,Current,0,0,0,0,0,
LN0000789,7,2021-04,2020-09,7,353,116557.0,115520.28,4.761,660-699,70-80%,36-43%,CA,Home Improvement,Investment,Single Family,Servicer_A,Current,0,0,0,0,,2021-04-01,CoreLogic,Complete,Current,0,0,0,0,0,
LN0000789,8,2021-05,2020-09,8,352,116557.0,115369.82,4.761,660-699,70-80%,36-43%,CA,Home Improvement,Investment,Single Family,Servicer_A,Current,0,0,0,0,,2021-05-01,CoreLogic,Complete,Current,0,0,0,0,0,
LN0000789,9,2021-06,2020-09,9,351,116557.0,115218.76,4.761,660-699,70-80%,36-43%,CA,Home Improvement,Investment,Single Family,Servicer_A,Current,0,0,0,0,,2021-06-01,CoreLogic,Complete,Current,0,0,0,0,0,
LN0000789,10,2021-07,2020-09,10,350,116557.0,115067.1,4.761,660-699,70-80%,36-43%,CA,Home Improvement,Investment,Single Family,Servicer_A,Current,0,0,0,0,,2021-07-01,CoreLogic,Complete,Current,0,0,0,0,0,
LN0000789,11,2021-08,2020-09,11,349,116557.0,114914.84,4.761,660-699,70-80%,36-43%,CA,Home Improvement,Investment,Single Family,Servicer_A,Current,0,0,0,0,,2021-08-01,CoreLogic,Complete,Current,0,0,0,0,0,
LN0000789,12,2021-09,2020-09,12,348,116557.0,114761.97,4.761,660-699,70-80%,36-43%,CA,Home Improvement,Investment,Single Family,Servicer_A,Current,0,0,0,0,,2021-09-01,CoreLogic,Complete,Current,0,0,0,0,0,
LN0000789,13,2021-10,2020-09,13,347,116557.0,114608.5,4.761,660-699,70-80%,36-43%,CA,Home Improvement,Investment,Single Family,Servicer_A,Current,0,0,0,0,,2021-10-01,CoreLogic,Complete,Current,0,0,0,0,0,
LN0000789,14,2021-11,2020-09,14,346,116557.0,114454.42,4.761,660-699,70-80%,36-43%,CA,Home Improvement,Investment,Single Family,Servicer_A,Current,0,0,0,0,,2021-11-01,CoreLogic,Complete,Current,0,0,0,0,0,
LN0000789,15,2021-12,2020-09,15,345,116557.0,114299.73,4.761,660-699,70-80%,36-43%,CA,Home Improvement,Investment,Single Family,Servicer_A,Current,0,0,0,0,,2021-12-01,CoreLogic,Complete,Current,0,0,0,0,0,
LN0000789,16,2022-01,2020-09,16,344,116557.0,114144.42,4.761,660-699,70-80%,36-43%,CA,Home Improvement,Investment,Single Family,Servicer_A,Current,0,0,0,0,,2022-01-01,CoreLogic,Complete,Current,0,0,0,0,0,
LN0000789,17,2022-02,2020-09,17,343,116557.0,113988.5,4.761,660-699,70-80%,36-43%,CA,Home Improvement,Investment,Single Family,Servicer_A,Current,0,0,0,0,,2022-02-01,CoreLogic,Complete,Current,0,0,0,0,0,
LN0000789,18,2022-03,2020-09,18,342,116557.0,113831.96,4.761,660-699,70-80%,36-43%,CA,Home Improvement,Investment,Single Family,Servicer_A,Current,0,0,0,0,,2022-03-01,CoreLogic,Complete,Current,0,0,0,0,0,
LN0000789,19,2022-04,2020-09,19,341,116557.0,113674.8,4.761,660-699,70-80%,36-43%,CA,Home Improvement,Investment,Single Family,Servicer_A,Current,0,0,0,0,,2022-04-01,CoreLogic,Complete,Current,0,0,0,0,0,
LN0000789,20,2022-05,2020-09,20,340,116557.0,113517.01,4.761,660-699,70-80%,36-43%,CA,Home Improvement,Investment,Single Family,Servicer_A,Current,0,0,0,0,,2022-05-01,CoreLogic,Complete,Current,0,0,0,0,0,
LN0000789,21,2022-06,2020-09,21,339,116557.0,113358.6,4.761,660-699,70-80%,36-43%,CA,Home Improvement,Investment,Single Family,Servicer_A,Current,0,0,0,0,,2022-06-01,CoreLogic,Complete,Current,0,0,0,0,0,
LN0000789,22,2022-07,2020-09,22,338,116557.0,113199.56,4.761,660-699,70-80%,36-43%,CA,Home Improvement,Investment,Single Family,Servicer_A,Current,0,0,0,0,,2022-07-01,CoreLogic,Complete,Current,0,0,0,0,0,
LN0000789,23,2022-08,2020-09,23,337,116557.0,113039.89,4.761,660-699,70-80%,36-43%,CA,Home Improvement,Investment,Single Family,Servicer_A,Current,0,0,0,0,,2022-08-01,CoreLogic,Complete,Current,0,0,0,0,0,
LN0000789,24,2022-09,2020-09,24,336,116557.0,248335.1,4.761,660-699,70-80%,36-43%,CA,Home Improvement,Investment,Single Family,Servicer_A,Current,0,0,0,0,,2022-09-01,CoreLogic,Complete,Current,0,0,0,0,1,Valuation Discrepancy
LN0000789,25,2022-10,2020-09,25,335,116557.0,112718.65,4.761,660-699,70-80%,36-43%,CA,Home Improvement,Investment,Single Family,Servicer_A,Current,0,0,0,0,,2022-10-01,CoreLogic,Complete,Current,0,0,0,0,0,
LN0000789,26,2022-11,2020-09,26,334,116557.0,112557.07,4.761,660-699,70-80%,36-43%,CA,Home Improvement,Investment,Single Family,Servicer_A,Current,0,0,0,0,,2022-11-01,CoreLogic,Complete,Current,0,0,0,0,0,
LN0000789,27,2022-12,2020-09,27,333,116557.0,112394.85,4.761,660-699,70-80%,36-43%,CA,Home Improvement,Investment,Single Family,Servicer_A,Current,0,0,0,0,,2022-12-01,CoreLogic,Complete,Current,0,0,0,0,0,
LN0000790,1,2022-01,2021-12,1,179,112993.0,112515.18,3.51,700-739,80-90%,>43%,NY,Cash-Out Refinance,Investment,Multi-Family,Servicer_E,Current,0,0,0,0,,2022-01-01,Black Knight,Pending Review,Current,0,1,0,0,0,
LN0000790,2,2022-02,2021-12,2,178,112993.0,112035.97,3.51,700-739,80-90%,>43%,NY,Cash-Out Refinance,Investment,Multi-Family,Servicer_E,Current,0,0,0,0,,2022-02-01,Black Knight,Pending Review,Current,0,1,0,0,0,
LN0000790,3,2022-03,2021-12,3,177,112993.0,111555.35,3.51,700-739,80-90%,>43%,NY,Cash-Out Refinance,Investment,Multi-Family,Servicer_E,Current,0,0,0,0,,2022-03-01,Black Knight,Pending Review,Current,1,1,0,0,0,
LN0000790,4,2022-04,2021-12,4,176,112993.0,111073.33,3.51,700-739,80-90%,>43%,NY,Cash-Out Refinance,Investment,Multi-Family,Servicer_E,Current,0,0,0,0,,2022-04-01,Black Knight,Pending Review,Current,1,1,0,0,0,
LN0000790,5,2022-05,2021-12,5,175,112993.0,110589.89,3.51,700-739,80-90%,>43%,NY,Cash-Out Refinance,Investment,Multi-Family,Servicer_E,Current,0,0,0,0,,2022-05-01,Black Knight,Pending Review,30-59 DPD,1,1,0,0,0,
LN0000790,6,2022-06,2021-12,6,174,112993.0,110105.05,3.51,700-739,80-90%,>43%,NY,Cash-Out Refinance,Investment,Multi-Family,Servicer_E,30-59 DPD,0,0,0,0,,2022-06-01,Black Knight,Pending Review,60-89 DPD,1,1,0,0,0,
LN0000790,7,2022-07,2021-12,7,173,112993.0,109618.78,3.51,700-739,80-90%,>43%,NY,Cash-Out Refinance,Investment,Multi-Family,Servicer_E,60-89 DPD,30,0,0,0,,2022-07-01,Black Knight,Pending Review,Current,0,0,0,0,0,
LN0000790,8,2022-08,2021-12,8,172,112993.0,109131.1,3.51,700-739,80-90%,>43%,NY,Cash-Out Refinance,Investment,Multi-Family,Servicer_E,Current,60,0,0,0,,2022-08-01,Black Knight,Pending Review,Current,0,0,0,0,0,
LN0000790,9,2022-09,2021-12,9,171,112993.0,108641.98,3.51,700-739,80-90%,>43%,NY,Cash-Out Refinance,Investment,Multi-Family,Servicer_E,Current,0,0,0,0,,2022-09-01,Black Knight,Pending Review,Current,0,0,0,0,0,
LN0000790,10,2022-10,2021-12,10,170,112993.0,108151.44,3.51,700-739,80-90%,>43%,NY,Cash-Out Refinance,Investment,Multi-Family,Servicer_E,Current,0,0,0,0,,2022-10-01,Black Knight,Pending Review,Current,0,0,0,0,0,
LN0000790,11,2022-11,2021-12,11,169,112993.0,107659.46,3.51,700-739,80-90%,>43%,NY,Cash-Out Refinance,Investment,Multi-Family,Servicer_E,Current,0,0,0,0,,2022-11-01,Black Knight,Pending Review,Current,0,0,0,0,0,
LN0000790,12,2022-12,2021-12,12,168,112993.0,107166.04,3.51,700-739,80-90%,>43%,NY,Cash-Out Refinance,Investment,Multi-Family,Servicer_E,Current,0,0,0,0,,2022-12-01,Black Knight,Pending Review,Current,0,1,0,0,0,
LN0000808,1,2022-08,2022-07,1,359,150436.0,150260.2,5.15,740-779,70-80%,<20%,MI,Purchase,Second Home,Single Family,Servicer_E,Current,0,0,0,0,,2022-08-01,Encompass,Under Exception,Current,0,0,0,0,0,
LN0000808,2,2022-09,2022-07,2,358,150436.0,150083.65,5.15,740-779,70-80%,<20%,MI,Purchase,Second Home,Single Family,Servicer_E,Current,0,0,0,0,,2022-09-01,Encompass,Under Exception,Current,0,0,0,0,0,
LN0000808,3,2022-10,2022-07,3,357,150436.0,149906.34,5.15,740-779,70-80%,<20%,MI,Purchase,Second Home,Single Family,Servicer_E,Current,0,0,0,0,,2022-10-01,Encompass,Under Exception,Current,0,0,0,0,0,
LN0000808,4,2022-11,2022-07,4,356,150436.0,149728.26,5.15,740-779,70-80%,<20%,MI,Purchase,Second Home,Single Family,Servicer_E,Current,0,0,0,0,,2022-11-01,Encompass,Under Exception,Current,0,0,0,0,0,
LN0000808,5,2022-12,2022-07,5,355,150436.0,149549.43,5.15,740-779,70-80%,<20%,MI,Purchase,Second Home,Single Family,Servicer_E,Current,0,0,0,0,,2022-12-01,Encompass,Under Exception,Current,0,0,0,0,0,
LN0000811,1,2022-12,2022-11,1,359,89782.0,89629.32,3.053,700-739,90-95%,20-28%,NY,Refinance,Primary,Single Family,Servicer_B,Current,0,0,0,0,,2022-12-01,Ellie Mae,Missing Items,Current,0,1,1,0,0,
LN0000816,1,2022-09,2022-08,1,239,173881.0,173441.96,4.677,780+,70-80%,20-28%,GA,Purchase,Second Home,Single Family,Servicer_C,Current,0,0,0,0,,2022-09-01,Encompass,Under Exception,Current,0,0,0,0,0,
LN0000816,2,2022-10,2022-08,2,238,173881.0,173001.21,4.677,780+,70-80%,20-28%,GA,Purchase,Second Home,Single Family,Servicer_C,Current,0,0,0,0,,2022-10-01,Encompass,Under Exception,Current,0,0,0,0,0,
LN0000816,3,2022-11,2022-08,3,237,173881.0,172558.74,4.677,780+,70-80%,20-28%,GA,Purchase,Second Home,Single Family,Servicer_C,Current,0,0,0,0,,2022-11-01,Encompass,Under Exception,Current,0,0,0,0,0,
LN0000816,4,2022-12,2022-08,4,236,173881.0,172114.55,4.677,780+,70-80%,20-28%,GA,Purchase,Second Home,Single Family,Servicer_C,Current,0,0,0,0,,2022-12-01,Encompass,Under Exception,Current,0,0,0,0,0,
LN0000818,1,2022-03,2022-02,1,179,193832.0,193026.76,3.729,740-779,>95%,28-36%,TX,Home Improvement,Primary,Townhouse,Servicer_E,Current,0,0,0,0,,2022-03-01,Black Knight,Pending Review,Current,0,0,0,0,0,
LN0000818,2,2022-04,2022-02,2,178,193832.0,192219.02,3.729,740-779,>95%,28-36%,TX,Home Improvement,Primary,Townhouse,Servicer_E,Current,0,0,0,0,,2022-04-01,Black Knight,Pending Review,Current,0,0,0,0,0,
LN0000818,3,2022-05,2022-02,3,177,193832.0,191408.77,3.729,740-779,>95%,28-36%,TX,Home Improvement,Primary,Townhouse,Servicer_E,Current,0,0,0,0,,2022-05-01,Black Knight,Pending Review,Current,0,0,0,0,0,
LN0000818,4,2022-06,2022-02,4,176,193832.0,190596.0,3.729,740-779,>95%,28-36%,TX,Home Improvement,Primary,Townhouse,Servicer_E,Current,0,0,0,0,,2022-06-01,Black Knight,Pending Review,Current,0,0,0,0,0,
LN0000818,5,2022-07,2022-02,5,175,193832.0,189780.71,3.729,740-779,>95%,28-36%,TX,Home Improvement,Primary,Townhouse,Servicer_E,Current,0,0,0,0,,2022-07-01,Black Knight,Pending Review,Current,0,0,0,0,0,
LN0000818,6,2022-08,2022-02,6,174,193832.0,188962.88,3.729,740-779,>95%,28-36%,TX,Home Improvement,Primary,Townhouse,Servicer_E,Current,0,0,0,0,,2022-08-01,Black Knight,Pending Review,Current,0,0,0,0,0,
LN0000818,7,2022-09,2022-02,7,173,193832.0,188142.51,3.729,740-779,>95%,28-36%,TX,Home Improvement,Primary,Townhouse,Servicer_E,Current,0,0,0,0,,2022-09-01,Black Knight,Pending Review,Current,0,0,0,0,0,
LN0000818,8,2022-10,2022-02,8,172,193832.0,187319.59,3.729,740-779,>95%,28-36%,TX,Home Improvement,Primary,Townhouse,Servicer_E,Current,0,0,0,0,,2022-10-01,Black Knight,Pending Review,Current,0,0,0,0,0,
LN0000818,9,2022-11,2022-02,9,171,193832.0,186494.12,3.729,740-779,>95%,28-36%,TX,Home Improvement,Primary,Townhouse,Servicer_E,Current,0,0,0,0,,2022-11-01,Black Knight,Pending Review,Current,0,0,0,0,0,
LN0000818,10,2022-12,2022-02,10,170,193832.0,185666.08,3.729,740-779,>95%,28-36%,TX,Home Improvement,Primary,Townhouse,Servicer_E,Current,0,0,0,0,,2022-12-01,Black Knight,Pending Review,Current,0,0,0,0,0,
LN0000863,1,2021-05,2021-04,1,359,104036.0,103920.55,5.427,620-659,90-95%,36-43%,MI,Refinance,Primary,Condo,Servicer_D,Current,0,0,0,0,,2021-05-01,Ellie Mae,Missing Items,Current,0,0,0,0,0,
LN0000863,2,2021-06,2021-04,2,358,104036.0,103804.59,5.427,620-659,90-95%,36-43%,MI,Refinance,Primary,Condo,Servicer_D,Current,0,0,0,0,,2021-06-01,Ellie Mae,Missing Items,Current,0,0,0,0,0,
LN0000863,3,2021-07,2021-04,3,357,104036.0,103688.09,5.427,620-659,90-95%,36-43%,MI,Refinance,Primary,Condo,Servicer_D,Current,0,0,0,0,,2021-07-01,Ellie Mae,Missing Items,Current,0,0,0,0,0,
LN0000863,4,2021-08,2021-04,4,356,104036.0,103571.07,5.427,620-659,90-95%,36-43%,MI,Refinance,Primary,Condo,Servicer_D,Current,0,0,0,0,,2021-08-01,Ellie Mae,Missing Items,Current,0,0,0,0,0,
LN0000863,5,2021-09,2021-04,5,355,104036.0,103453.53,5.427,620-659,90-95%,36-43%,MI,Refinance,Primary,Condo,Servicer_D,Current,0,0,0,0,,2021-09-01,Ellie Mae,Missing Items,Current,0,0,0,0,0,
LN0000863,6,2021-10,2021-04,6,354,104036.0,103335.45,5.427,620-659,90-95%,36-43%,MI,Refinance,Primary,Condo,Servicer_D,Current,214,0,0,0,,2021-10-01,Ellie Mae,Missing Items,Current,0,0,0,0,0,
LN0000863,7,2021-11,2021-04,7,353,104036.0,103216.83,5.427,620-659,90-95%,36-43%,MI,Refinance,Primary,Condo,Servicer_D,Current,0,0,0,0,,2021-11-01,Ellie Mae,Missing Items,Current,0,0,0,0,0,
LN0000863,8,2021-12,2021-04,8,352,104036.0,103097.68,5.427,620-659,90-95%,36-43%,MI,Refinance,Primary,Condo,Servicer_D,Current,0,0,0,0,,2021-12-01,Ellie Mae,Missing Items,Current,0,0,0,0,0,
LN0000863,9,2022-01,2021-04,9,351,104036.0,102977.99,5.427,620-659,90-95%,36-43%,MI,Refinance,Primary,Condo,Servicer_D,Current,0,0,0,0,,2022-01-01,Ellie Mae,Missing Items,Current,0,0,0,0,0,
LN0000863,10,2022-02,2021-04,10,350,104036.0,102857.76,5.427,620-659,90-95%,36-43%,MI,Refinance,Primary,Condo,Servicer_D,Current,0,0,0,0,,2022-02-01,Ellie Mae,Missing Items,Current,0,0,0,0,0,
LN0000863,11,2022-03,2021-04,11,349,104036.0,102736.99,5.427,620-659,90-95%,36-43%,MI,Refinance,Primary,Condo,Servicer_D,Current,0,0,0,0,,2022-03-01,Ellie Mae,Missing Items,Current,0,0,0,0,0,
LN0000863,12,2022-04,2021-04,12,348,104036.0,102615.66,5.427,620-659,90-95%,36-43%,MI,Refinance,Primary,Condo,Servicer_D,Current,0,0,0,0,,2022-04-01,Ellie Mae,Missing Items,Current,0,0,0,0,0,
LN0000863,13,2022-05,2021-04,13,347,104036.0,102493.79,5.427,620-659,90-95%,36-43%,MI,Refinance,Primary,Condo,Servicer_D,Current,0,0,0,0,,2022-05-01,Ellie Mae,Missing Items,Current,0,0,0,0,0,
LN0000863,14,2022-06,2021-04,14,346,104036.0,102371.37,5.427,620-659,90-95%,36-43%,MI,Refinance,Primary,Condo,Servicer_D,Current,0,0,0,0,,2022-06-01,Ellie Mae,Missing Items,Current,0,0,0,0,0,
LN0000863,15,2022-07,2021-04,15,345,104036.0,102248.4,5.427,620-659,90-95%,36-43%,MI,Refinance,Primary,Condo,Servicer_D,Current,0,0,0,0,,2022-07-01,Ellie Mae,Missing Items,Current,0,0,0,0,0,
LN0000863,16,2022-08,2021-04,16,344,104036.0,102124.87,5.427,620-659,90-95%,36-43%,MI,Refinance,Primary,Condo,Servicer_D,Current,0,0,0,0,,2022-08-01,Ellie Mae,Missing Items,Current,0,0,0,0,0,
LN0000863,17,2022-09,2021-04,17,343,104036.0,102000.78,5.427,620-659,90-95%,36-43%,MI,Refinance,Primary,Condo,Servicer_D,Current,0,0,0,0,,2022-09-01,Ellie Mae,Missing Items,Current,0,0,0,0,0,
LN0000863,18,2022-10,2021-04,18,342,104036.0,101876.13,5.427,620-659,90-95%,36-43%,MI,Refinance,Primary,Condo,Servicer_D,Current,0,0,0,0,,2022-10-01,Ellie Mae,Missing Items,Current,0,0,0,0,0,
LN0000863,19,2022-11,2021-04,19,341,104036.0,101750.92,5.427,620-659,90-95%,36-43%,MI,Refinance,Primary,Condo,Servicer_D,Current,0,0,0,0,,2022-11-01,Ellie Mae,Missing Items,Current,0,0,0,0,0,
LN0000863,20,2022-12,2021-04,20,340,104036.0,101625.14,5.427,620-659,90-95%,36-43%,MI,Refinance,Primary,Condo,Servicer_D,Current,0,0,0,0,,2022-12-01,Ellie Mae,Missing Items,Current,0,0,0,0,0,
LN0000867,1,2021-05,2021-04,1,359,89140.0,89017.08,4.245,620-659,60-70%,36-43%,OH,Purchase,Primary,Single Family,Servicer_A,Current,0,0,0,0,,2021-05-01,Ellie Mae,Missing Items,Current,0,0,0,0,0,
LN0000867,2,2021-06,2021-04,2,358,89140.0,88893.72,4.245,620-659,60-70%,36-43%,OH,Purchase,Primary,Single Family,Servicer_A,Current,0,0,0,0,,2021-06-01,Ellie Mae,Missing Items,Current,0,0,0,0,0,
LN0000867,3,2021-07,2021-04,3,357,89140.0,88769.93,4.245,620-659,60-70%,36-43%,OH,Purchase,Primary,Single Family,Servicer_A,Current,0,0,0,0,,2021-07-01,Ellie Mae,Missing Items,Current,0,0,0,0,0,
LN0000867,4,2021-08,2021-04,4,356,89140.0,88645.7,4.245,620-659,60-70%,36-43%,OH,Purchase,Primary,Single Family,Servicer_A,Current,0,0,0,0,,2021-08-01,Ellie Mae,Missing Items,Current,0,0,0,0,0,
LN0000867,5,2021-09,2021-04,5,355,89140.0,88521.03,4.245,620-659,60-70%,36-43%,OH,Purchase,Primary,Single Family,Servicer_A,Current,0,0,0,0,,2021-09-01,Ellie Mae,Missing Items,Current,0,0,0,0,0,
LN0000867,6,2021-10,2021-04,6,354,89140.0,88395.92,4.245,620-659,60-70%,36-43%,OH,Purchase,Primary,Single Family,Servicer_A,Current,0,0,0,0,,2021-10-01,Ellie Mae,Missing Items,Current,0,0,0,0,0,
LN0000867,7,2021-11,2021-04,7,353,89140.0,88270.36,4.245,620-659,60-70%,36-43%,OH,Purchase,Primary,Single Family,Servicer_A,Current,0,0,0,0,,2021-11-01,Ellie Mae,Missing Items,Current,0,0,0,0,0,
LN0000867,8,2021-12,2021-04,8,352,89140.0,88144.37,4.245,620-659,60-70%,36-43%,OH,Purchase,Primary,Single Family,Servicer_A,Current,0,0,0,0,,2021-12-01,Ellie Mae,Missing Items,Current,0,0,0,0,0,
LN0000867,9,2022-01,2021-04,9,351,89140.0,88017.92,4.245,620-659,60-70%,36-43%,OH,Purchase,Primary,Single Family,Servicer_A,Current,0,0,0,0,,2022-01-01,Ellie Mae,Missing Items,Current,0,0,0,0,0,
LN0000867,10,2022-02,2021-04,10,350,89140.0,87891.03,4.245,620-659,60-70%,36-43%,OH,Purchase,Primary,Single Family,Servicer_A,Current,257,0,0,0,,2022-02-01,Ellie Mae,Missing Items,Current,0,0,0,0,0,
LN0000867,11,2022-03,2021-04,11,349,89140.0,87763.69,4.245,620-659,60-70%,36-43%,OH,Purchase,Primary,Single Family,Servicer_A,Current,0,0,0,0,,2022-03-01,Ellie Mae,Missing Items,Current,0,0,0,0,0,
LN0000867,12,2022-04,2021-04,12,348,89140.0,87635.9,4.245,620-659,60-70%,36-43%,OH,Purchase,Primary,Single Family,Servicer_A,Current,0,0,0,0,,2022-04-01,Ellie Mae,Missing Items,Current,0,0,0,0,0,
LN0000867,13,2022-05,2021-04,13,347,89140.0,87507.66,4.245,620-659,60-70%,36-43%,OH,Purchase,Primary,Single Family,Servicer_A,Current,0,0,0,0,,2022-05-01,Ellie Mae,Missing Items,Current,0,0,0,0,0,
LN0000867,14,2022-06,2021-04,14,346,89140.0,87378.96,4.245,620-659,60-70%,36-43%,OH,Purchase,Primary,Single Family,Servicer_A,Current,0,0,0,0,,2022-06-01,Ellie Mae,Missing Items,Current,0,0,0,0,0,
LN0000867,15,2022-07,2021-04,15,345,89140.0,87249.81,4.245,620-659,60-70%,36-43%,OH,Purchase,Primary,Single Family,Servicer_A,Current,0,0,0,0,,2022-07-01,Ellie Mae,Missing Items,Current,0,0,0,0,0,
LN0000867,16,2022-08,2021-04,16,344,89140.0,87120.2,4.245,620-659,60-70%,36-43%,OH,Purchase,Primary,Single Family,Servicer_A,Current,0,0,0,0,,2022-08-01,Ellie Mae,Missing Items,Current,0,0,0,0,0,
LN0000867,17,2022-09,2021-04,17,343,89140.0,86990.14,4.245,620-659,60-70%,36-43%,OH,Purchase,Primary,Single Family,Servicer_A,Current,0,0,0,0,,2022-09-01,Ellie Mae,Missing Items,Current,0,0,0,0,0,
LN0000867,18,2022-10,2021-04,18,342,89140.0,86859.61,4.245,620-659,60-70%,36-43%,OH,Purchase,Primary,Single Family,Servicer_A,Current,0,0,0,0,,2022-10-01,Ellie Mae,Missing Items,Current,0,0,0,0,0,
LN0000867,19,2022-11,2021-04,19,341,89140.0,86728.62,4.245,620-659,60-70%,36-43%,OH,Purchase,Primary,Single Family,Servicer_A,Current,0,0,0,0,,2022-11-01,Ellie Mae,Missing Items,Current,0,0,0,0,0,
LN0000867,20,2022-12,2021-04,20,340,89140.0,86597.17,4.245,620-659,60-70%,36-43%,OH,Purchase,Primary,Single Family,Servicer_A,Current,0,0,0,0,,2022-12-01,Ellie Mae,Missing Items,Current,0,0,0,0,0,
LN0000898,1,2022-02,2022-01,1,359,119997.0,119853.72,5.034,700-739,90-95%,28-36%,TN,Refinance,Investment,Single Family,Servicer_C,Current,0,0,0,0,,2022-02-01,Black Knight,Pending Review,Current,0,0,0,0,0,
LN0000898,2,2022-03,2022-01,2,358,119997.0,119709.84,5.034,700-739,90-95%,28-36%,TN,Refinance,Investment,Single Family,Servicer_C,Current,0,0,0,0,,2022-03-01,Black Knight,Pending Review,Current,0,0,0,0,0,
LN0000898,3,2022-04,2022-01,3,357,119997.0,119565.36,5.034,700-739,90-95%,28-36%,TN,Refinance,Investment,Single Family,Servicer_C,Current,0,0,0,0,,2022-04-01,Black Knight,Pending Review,Current,0,0,0,0,0,
LN0000898,4,2022-05,2022-01,4,356,119997.0,119420.27,5.034,700-739,90-95%,28-36%,TN,Refinance,Investment,Single Family,Servicer_C,Current,0,0,0,0,,2022-05-01,Black Knight,Pending Review,Current,0,0,0,0,0,
LN0000898,5,2022-06,2022-01,5,355,119997.0,119274.57,5.034,700-739,90-95%,28-36%,TN,Refinance,Investment,Single Family,Servicer_C,Current,0,0,0,0,,2022-06-01,Black Knight,Pending Review,Current,0,0,0,0,0,
LN0000898,6,2022-07,2022-01,6,354,119997.0,119128.26,5.034,700-739,90-95%,28-36%,TN,Refinance,Investment,Single Family,Servicer_C,Current,0,0,0,0,,2022-07-01,Black Knight,Pending Review,Current,0,0,0,0,0,
LN0000898,7,2022-08,2022-01,7,353,119997.0,118981.34,5.034,700-739,90-95%,28-36%,TN,Refinance,Investment,Single Family,Servicer_C,Current,0,0,0,0,,2022-08-01,Black Knight,Pending Review,Current,0,0,0,0,0,
LN0000898,8,2021-11,2022-01,8,352,119997.0,118833.8,5.034,700-739,90-95%,28-36%,TN,Refinance,Investment,Single Family,Servicer_C,Current,0,0,0,0,,2022-09-01,Black Knight,Pending Review,Current,0,0,0,0,1,Date Anomaly
LN0000898,9,2022-10,2022-01,9,351,119997.0,118685.65,5.034,700-739,90-95%,28-36%,TN,Refinance,Investment,Single Family,Servicer_C,Current,0,0,0,0,,2022-10-01,Black Knight,Pending Review,Current,0,0,0,0,0,
LN0000898,10,2022-11,2022-01,10,350,119997.0,118536.87,5.034,700-739,90-95%,28-36%,TN,Refinance,Investment,Single Family,Servicer_C,Current,0,0,0,0,,2022-11-01,Black Knight,Pending Review,Current,0,0,0,0,0,
LN0000898,11,2022-12,2022-01,11,349,119997.0,118387.46,5.034,700-739,90-95%,28-36%,TN,Refinance,Investment,Single Family,Servicer_C,Current,0,0,0,0,,2022-12-01,Black Knight,Pending Review,Current,0,0,0,0,0,
LN0000900,1,2021-12,2021-11,1,239,70881.0,70673.7,3.37,740-779,90-95%,<20%,MO,Home Improvement,Primary,Single Family,Servicer_D,Current,0,0,0,0,,2021-12-01,Encompass,Under Exception,Current,0,0,0,0,0,
LN0000900,2,2022-01,2021-11,2,238,70881.0,70465.81,3.37,740-779,90-95%,<20%,MO,Home Improvement,Primary,Single Family,Servicer_D,Current,0,0,0,0,,2022-01-01,Encompass,Under Exception,Current,0,0,0,0,0,
LN0000900,3,2022-02,2021-11,3,237,70881.0,70257.34,3.37,740-779,90-95%,<20%,MO,Home Improvement,Primary,Single Family,Servicer_D,Current,0,0,0,0,,2022-02-01,Encompass,Under Exception,Current,0,0,0,0,0,
LN0000900,4,2022-03,2021-11,4,236,70881.0,70048.28,3.37,740-779,90-95%,<20%,MO,Home Improvement,Primary,Single Family,Servicer_D,Current,0,0,0,0,,2022-03-01,Encompass,Under Exception,Current,0,0,0,0,0,
LN0000900,5,2022-04,2021-11,5,235,70881.0,69838.64,3.37,740-779,90-95%,<20%,MO,Home Improvement,Primary,Single Family,Servicer_D,Current,0,0,0,0,,2022-04-01,Encompass,Under Exception,Current,0,0,0,0,0,
LN0000900,6,2022-05,2021-11,6,234,70881.0,69628.41,3.37,740-779,90-95%,<20%,MO,Home Improvement,Primary,Single Family,Servicer_D,Current,0,0,0,0,,2022-05-01,Encompass,Under Exception,Current,0,0,0,0,0,
LN0000900,7,2022-06,2021-11,7,233,70881.0,69417.58,3.37,740-779,90-95%,<20%,MO,Home Improvement,Primary,Single Family,Servicer_D,Current,0,0,0,0,,2022-06-01,Encompass,Under Exception,Current,0,0,0,0,0,
LN0000900,8,2022-07,2021-11,8,232,70881.0,69206.17,3.37,740-779,90-95%,<20%,MO,Home Improvement,Primary,Single Family,Servicer_D,Current,0,0,0,0,,2022-07-01,Encompass,Under Exception,Current,0,0,0,0,0,
LN0000900,9,2022-08,2021-11,9,231,70881.0,68994.16,3.37,740-779,90-95%,<20%,MO,Home Improvement,Primary,Single Family,Servicer_D,Current,0,0,0,0,,2022-08-01,Encompass,Under Exception,Current,0,0,0,0,0,
LN0000900,10,2022-09,2021-11,10,230,70881.0,68781.56,3.37,740-779,90-95%,<20%,MO,Home Improvement,Primary,Single Family,Servicer_D,Current,0,0,0,0,,2022-09-01,Encompass,Under Exception,Current,0,0,0,0,0,
LN0000900,11,2022-10,2021-11,11,229,70881.0,68568.36,3.37,740-779,90-95%,<20%,MO,Home Improvement,Primary,Single Family,Servicer_D,Current,0,0,0,0,,2022-10-01,Encompass,Under Exception,Current,0,0,0,0,0,
LN0000900,12,2022-11,2021-11,12,228,70881.0,68354.56,3.37,740-779,90-95%,<20%,MO,Home Improvement,Primary,Single Family,Servicer_D,Current,0,0,0,0,,2022-11-01,Encompass,Under Exception,Current,0,0,0,0,0,
LN0000900,13,2022-12,2021-11,13,227,70881.0,68140.16,3.37,740-779,90-95%,<20%,MO,Home Improvement,Primary,Single Family,Servicer_D,Current,0,0,0,0,,2022-12-01,Encompass,Under Exception,Current,0,0,0,0,0,
LN0000906,1,2022-06,2022-05,1,359,204346.0,204129.51,5.673,660-699,<60%,<20%,MD,Refinance,Primary,Single Family,Servicer_B,Current,0,0,0,0,,2022-06-01,Black Knight,Pending Review,Current,0,0,0,0,0,
LN0000906,2,2022-07,2022-05,2,358,204346.0,203912.01,5.673,660-699,<60%,<20%,MD,Refinance,Primary,Single Family,Servicer_B,Current,0,0,0,0,,2022-07-01,Black Knight,Pending Review,Current,0,0,0,0,0,
LN0000906,3,2022-08,2022-05,3,357,204346.0,203693.47,5.673,660-699,<60%,<20%,MD,Refinance,Primary,Single Family,Servicer_B,Current,0,0,0,0,,2022-08-01,Black Knight,Pending Review,Current,0,0,0,0,0,
LN0000906,4,2022-09,2022-05,4,356,204346.0,203473.9,5.673,660-699,<60%,<20%,MD,Refinance,Primary,Single Family,Servicer_B,Current,0,0,0,0,,2022-09-01,Black Knight,Pending Review,Current,0,0,0,0,0,
LN0000906,5,2022-10,2022-05,5,355,204346.0,203253.29,5.673,660-699,<60%,<20%,MD,Refinance,Primary,Single Family,Servicer_B,Current,0,0,0,0,,2022-10-01,Black Knight,Pending Review,Current,0,0,0,0,0,
LN0000906,6,2022-11,2022-05,6,354,204346.0,203031.64,5.673,660-699,<60%,<20%,MD,Refinance,Primary,Single Family,Servicer_B,Current,0,0,0,0,,2022-11-01,Black Knight,Pending Review,Current,0,0,0,0,0,
LN0000906,7,2022-12,2022-05,7,353,204346.0,202808.94,5.673,660-699,<60%,<20%,MD,Refinance,Primary,Single Family,Servicer_B,Current,0,0,0,0,,2022-12-01,Black Knight,Pending Review,Current,0,0,0,0,0,
LN0000940,1,2021-05,2021-04,1,359,78588.0,78484.51,,700-739,70-80%,28-36%,GA,Refinance,Second Home,Townhouse,Servicer_E,Current,0,0,0,0,,2021-05-01,Encompass,Under Exception,Current,0,0,0,0,0,
LN0000940,2,2021-06,2021-04,2,358,78588.0,78380.63,,700-739,70-80%,28-36%,GA,Refinance,Second Home,Townhouse,Servicer_E,Current,0,0,0,0,,2021-06-01,Encompass,Under Exception,Current,0,0,0,0,0,
LN0000940,3,2021-07,2021-04,3,357,78588.0,78276.37,,700-739,70-80%,28-36%,GA,Refinance,Second Home,Townhouse,Servicer_E,Current,0,0,0,0,,2021-07-01,Encompass,Under Exception,Current,0,0,0,0,0,
LN0000940,4,2021-08,2021-04,4,356,78588.0,78171.71,,700-739,70-80%,28-36%,GA,Refinance,Second Home,Townhouse,Servicer_E,Current,0,0,0,0,,2021-08-01,Encompass,Under Exception,Current,0,0,0,0,0,
LN0000940,5,2021-09,2021-04,5,355,78588.0,78066.66,,700-739,70-80%,28-36%,GA,Refinance,Second Home,Townhouse,Servicer_E,Current,0,0,0,0,,2021-09-01,Encompass,Under Exception,Current,0,0,0,0,0,
LN0000940,6,2021-10,2021-04,6,354,78588.0,77961.22,,700-739,70-80%,28-36%,GA,Refinance,Second Home,Townhouse,Servicer_E,Current,0,0,0,0,,2021-10-01,Encompass,Under Exception,Current,0,0,0,0,0,
LN0000940,7,2021-11,2021-04,7,353,78588.0,171281.83,,700-739,70-80%,28-36%,GA,Refinance,Second Home,Townhouse,Servicer_E,Current,0,0,0,0,,2021-11-01,Encompass,Under Exception,Current,0,0,0,0,1,Valuation Discrepancy
LN0000940,8,2021-12,2021-04,8,352,78588.0,77749.14,,700-739,70-80%,28-36%,GA,Refinance,Second Home,Townhouse,Servicer_E,Current,0,0,0,0,,2021-12-01,Encompass,Under Exception,Current,0,0,0,0,0,
LN0000940,9,2022-01,2021-04,9,351,78588.0,77642.51,,700-739,70-80%,28-36%,GA,Refinance,Second Home,Townhouse,Servicer_E,Current,0,0,0,0,,2022-01-01,Encompass,Under Exception,Current,0,0,0,0,0,
LN0000940,10,2022-02,2021-04,10,350,78588.0,77535.47,,700-739,70-80%,28-36%,GA,Refinance,Second Home,Townhouse,Servicer_E,Current,0,0,0,0,,2022-02-01,Encompass,Under Exception,Current,0,0,0,0,0,
LN0000940,11,2022-03,2021-04,11,349,78588.0,77428.04,,700-739,70-80%,28-36%,GA,Refinance,Second Home,Townhouse,Servicer_E,Current,0,0,0,0,,2022-03-01,Encompass,Under Exception,Current,0,0,0,0,0,
LN0000940,12,2022-04,2021-04,12,348,78588.0,77320.2,,700-739,70-80%,28-36%,GA,Refinance,Second Home,Townhouse,Servicer_E,Current,0,0,0,0,,2022-04-01,Encompass,Under Exception,Current,0,0,0,0,0,
LN0000940,13,2022-05,2021-04,13,347,78588.0,77211.95,,700-739,70-80%,28-36%,GA,Refinance,Second Home,Townhouse,Servicer_E,Current,0,0,0,0,,2022-05-01,Encompass,Under Exception,Current,0,0,0,0,0,
LN0000940,14,2022-06,2021-04,14,346,78588.0,77103.31,,700-739,70-80%,28-36%,GA,Refinance,Second Home,Townhouse,Servicer_E,Current,0,0,0,0,,2022-06-01,Encompass,Under Exception,Current,0,0,0,0,0,
LN0000940,15,2022-07,2021-04,15,345,78588.0,76994.25,,700-739,70-80%,28-36%,GA,Refinance,Second Home,Townhouse,Servicer_E,Current,0,0,0,0,,2022-07-01,Encompass,Under Exception,Current,0,0,0,0,0,
LN0000940,16,2022-08,2021-04,16,344,78588.0,76884.78,,700-739,70-80%,28-36%,GA,Refinance,Second Home,Townhouse,Servicer_E,Current,0,0,0,0,,2022-08-01,Encompass,Under Exception,Current,0,0,0,0,0,
LN0000940,17,2022-09,2021-04,17,343,78588.0,76774.91,,700-739,70-80%,28-36%,GA,Refinance,Second Home,Townhouse,Servicer_E,Current,0,0,0,0,,2022-09-01,Encompass,Under Exception,Current,0,0,0,0,0,
LN0000940,18,2022-10,2021-04,18,342,78588.0,76664.62,,700-739,70-80%,28-36%,GA,Refinance,Second Home,Townhouse,Servicer_E,Current,0,0,0,0,,2022-10-01,Encompass,Under Exception,Current,0,0,0,0,0,
LN0000940,19,2022-11,2021-04,19,341,78588.0,76553.92,,700-739,70-80%,28-36%,GA,Refinance,Second Home,Townhouse,Servicer_E,Current,0,0,0,0,,2022-11-01,Encompass,Under Exception,Current,0,0,0,0,0,
LN0000940,20,2022-12,2021-04,20,340,78588.0,76442.8,,700-739,70-80%,28-36%,GA,Refinance,Second Home,Townhouse,Servicer_E,Current,0,0,0,0,,2022-12-01,Encompass,Under Exception,Current,0,0,0,0,0,
LN0000943,1,2022-01,2021-12,1,359,71566.0,71478.25,4.89,<620,70-80%,>43%,AZ,Purchase,Primary,Single Family,Servicer_E,Current,0,0,0,0,,2022-01-01,Ellie Mae,Missing Items,Current,0,0,0,0,0,
LN0000943,2,2022-02,2021-12,2,358,71566.0,71390.14,4.89,<620,70-80%,>43%,AZ,Purchase,Primary,Single Family,Servicer_E,Current,0,0,0,0,,2022-02-01,Ellie Mae,Missing Items,Current,0,1,0,0,0,
LN0000943,3,2022-03,2021-12,3,357,71566.0,71301.67,4.89,<620,70-80%,>43%,AZ,Purchase,Primary,Single Family,Servicer_E,Current,0,0,0,0,,2022-03-01,Ellie Mae,Missing Items,Current,0,1,0,0,0,
LN0000943,4,2022-04,2021-12,4,356,71566.0,71212.83,4.89,<620,70-80%,>43%,AZ,Purchase,Primary,Single Family,Servicer_E,Current,0,0,0,0,,2022-04-01,Ellie Mae,Missing Items,Current,0,1,0,0,0,
LN0000943,5,2022-05,2021-12,5,355,71566.0,71123.64,4.89,<620,70-80%,>43%,AZ,Purchase,Primary,Single Family,Servicer_E,Current,0,0,0,0,,2022-05-01,Ellie Mae,Missing Items,Current,1,1,0,0,0,
LN0000943,6,2022-06,2021-12,6,354,71566.0,71034.09,4.89,<620,70-80%,>43%,AZ,Purchase,Primary,Single Family,Servicer_E,Current,0,0,0,0,,2022-06-01,Ellie Mae,Missing Items,Current,1,1,0,0,0,
LN0000943,7,2022-07,2021-12,7,353,71566.0,70944.16,4.89,<620,70-80%,>43%,AZ,Purchase,Primary,Single Family,Servicer_E,Current,0,0,0,0,,2022-07-01,Ellie Mae,Missing Items,30-59 DPD,1,1,0,0,0,
LN0000943,8,2022-08,2021-12,8,352,71566.0,70853.88,4.89,<620,70-80%,>43%,AZ,Purchase,Primary,Single Family,Servicer_E,30-59 DPD,0,0,0,0,,2022-08-01,Ellie Mae,Missing Items,Current,0,0,0,0,0,
LN0000943,9,2022-09,2021-12,9,351,71566.0,70763.22,4.89,<620,70-80%,>43%,AZ,Purchase,Primary,Single Family,Servicer_E,Current,30,0,0,0,,2022-09-01,Ellie Mae,Missing Items,Current,0,0,0,0,0,
LN0000943,10,2022-10,2021-12,10,350,71566.0,70672.2,4.89,<620,70-80%,>43%,AZ,Purchase,Primary,Single Family,Servicer_E,Current,0,0,0,0,,2022-10-01,Ellie Mae,Missing Items,Current,0,0,0,0,0,
LN0000943,11,2022-11,2021-12,11,349,71566.0,70580.8,4.89,<620,70-80%,>43%,AZ,Purchase,Primary,Single Family,Servicer_E,Current,0,0,0,0,,2022-11-01,Ellie Mae,Missing Items,Current,0,0,0,0,0,
LN0000943,12,2022-12,2021-12,12,348,71566.0,70489.03,4.89,<620,70-80%,>43%,AZ,Purchase,Primary,Single Family,Servicer_E,Current,0,0,0,0,,2022-12-01,Ellie Mae,Missing Items,Current,0,0,0,0,0,
LN0000954,1,2021-05,2021-04,1,239,122345.0,122109.94,6.993,740-779,70-80%,20-28%,WI,Cash-Out Refinance,Primary,Condo,Servicer_D,Current,0,0,0,0,,2021-05-01,Black Knight,Pending Review,Current,0,0,0,0,0,
LN0000954,2,2021-06,2021-04,2,238,122345.0,121873.51,6.993,740-779,70-80%,20-28%,WI,Cash-Out Refinance,Primary,Condo,Servicer_D,Current,0,0,0,0,,2021-06-01,Black Knight,Pending Review,Current,0,0,0,0,0,
LN0000954,3,2021-07,2021-04,3,237,122345.0,121635.7,6.993,740-779,70-80%,20-28%,WI,Cash-Out Refinance,Primary,Condo,Servicer_D,Current,0,0,0,0,,2021-07-01,Black Knight,Pending Review,Current,0,0,0,0,0,
LN0000954,4,2021-08,2021-04,4,236,122345.0,121396.51,6.993,740-779,70-80%,20-28%,WI,Cash-Out Refinance,Primary,Condo,Servicer_D,Current,0,0,0,0,,2021-08-01,Black Knight,Pending Review,Current,0,0,0,0,0,
LN0000954,5,2021-09,2021-04,5,235,122345.0,121155.92,6.993,740-779,70-80%,20-28%,WI,Cash-Out Refinance,Primary,Condo,Servicer_D,Current,0,0,0,0,,2021-09-01,Black Knight,Pending Review,Current,0,0,0,0,0,
LN0000954,6,2021-10,2021-04,6,234,122345.0,120913.93,6.993,740-779,70-80%,20-28%,WI,Cash-Out Refinance,Primary,Condo,Servicer_D,Current,0,0,0,0,,2021-10-01,Black Knight,Pending Review,Current,0,0,0,0,0,
LN0000954,7,2021-11,2021-04,7,233,122345.0,120670.53,6.993,740-779,70-80%,20-28%,WI,Cash-Out Refinance,Primary,Condo,Servicer_D,Current,0,0,0,0,,2021-11-01,Black Knight,Pending Review,Current,0,0,0,0,0,
LN0000954,8,2021-12,2021-04,8,232,122345.0,120425.71,6.993,740-779,70-80%,20-28%,WI,Cash-Out Refinance,Primary,Condo,Servicer_D,Current,0,0,0,0,,2021-12-01,Black Knight,Pending Review,Current,0,0,0,0,0,
LN0000954,9,2022-01,2021-04,9,231,122345.0,120179.47,6.993,740-779,70-80%,20-28%,WI,Cash-Out Refinance,Primary,Condo,Servicer_D,Current,0,0,0,0,,2022-01-01,Black Knight,Pending Review,Current,0,0,0,0,0,
LN0000954,10,2022-02,2021-04,10,230,122345.0,119931.79,6.993,740-779,70-80%,20-28%,WI,Cash-Out Refinance,Primary,Condo,Servicer_D,Current,0,0,0,0,,2022-02-01,Black Knight,Pending Review,Current,0,0,0,0,0,
LN0000954,11,2022-03,2021-04,11,229,122345.0,119682.67,6.993,740-779,70-80%,20-28%,WI,Cash-Out Refinance,Primary,Condo,Servicer_D,Current,0,0,0,0,,2022-03-01,Black Knight,Pending Review,Current,0,0,0,0,0,
LN0000954,12,2022-04,2021-04,12,228,122345.0,119432.09,6.993,740-779,70-80%,20-28%,WI,Cash-Out Refinance,Primary,Condo,Servicer_D,Current,0,0,0,0,,2022-04-01,Black Knight,Pending Review,Current,0,0,0,0,0,
LN0000954,13,2022-05,2021-04,13,227,122345.0,119180.06,6.993,740-779,70-80%,20-28%,WI,Cash-Out Refinance,Primary,Condo,Servicer_D,Current,0,0,0,0,,2022-05-01,Black Knight,Pending Review,Current,0,0,0,0,0,
LN0000954,14,2022-06,2021-04,14,226,122345.0,118926.55,6.993,740-779,70-80%,20-28%,WI,Cash-Out Refinance,Primary,Condo,Servicer_D,Current,0,0,0,0,,2022-06-01,Black Knight,Pending Review,Current,0,0,0,0,0,
LN0000954,15,2022-07,2021-04,15,225,122345.0,118671.57,6.993,740-779,70-80%,20-28%,WI,Cash-Out Refinance,Primary,Condo,Servicer_D,Current,0,0,0,0,,2022-07-01,Black Knight,Pending Review,Current,0,0,0,0,0,
LN0000954,16,2022-08,2021-04,16,224,122345.0,118415.11,6.993,740-779,70-80%,20-28%,WI,Cash-Out Refinance,Primary,Condo,Servicer_D,Current,0,0,0,0,,2022-08-01,Black Knight,Pending Review,Current,0,0,0,0,0,
LN0000954,17,2022-09,2021-04,17,223,122345.0,118157.15,6.993,740-779,70-80%,20-28%,WI,Cash-Out Refinance,Primary,Condo,Servicer_D,Current,0,0,0,0,,2022-09-01,Black Knight,Pending Review,Current,0,0,0,0,0,
LN0000954,18,2022-10,2021-04,18,222,122345.0,117897.68,6.993,740-779,70-80%,20-28%,WI,Cash-Out Refinance,Primary,Condo,Servicer_D,Current,0,0,0,0,,2022-10-01,Black Knight,Pending Review,Current,0,0,0,0,0,
LN0000954,19,2022-11,2021-04,19,221,122345.0,117636.7,6.993,740-779,70-80%,20-28%,WI,Cash-Out Refinance,Primary,Condo,Servicer_D,Current,0,0,0,0,,2022-11-01,Black Knight,Pending Review,Current,0,0,0,0,0,
LN0000954,20,2022-12,2021-04,20,220,122345.0,117374.21,6.993,740-779,70-80%,20-28%,WI,Cash-Out Refinance,Primary,Condo,Servicer_D,Current,0,0,0,0,,2022-12-01,Black Knight,Pending Review,Current,0,0,0,0,0,
LN0000978,1,2021-09,2021-08,1,359,251360.0,250954.57,3.359,700-739,60-70%,36-43%,NY,Cash-Out Refinance,Primary,Single Family,Servicer_A,Current,0,0,0,0,,2021-09-01,Black Knight,Pending Review,Current,0,0,0,0,0,
LN0000978,2,2021-10,2021-08,2,358,251360.0,250548.01,3.359,700-739,60-70%,36-43%,NY,Cash-Out Refinance,Primary,Single Family,Servicer_A,Current,0,0,0,0,,2021-10-01,Black Knight,Pending Review,Current,0,0,0,0,0,
LN0000978,3,2021-11,2021-08,3,357,251360.0,250140.3,3.359,700-739,60-70%,36-43%,NY,Cash-Out Refinance,Primary,Single Family,Servicer_A,Current,0,0,0,0,,2021-11-01,Black Knight,Pending Review,Current,0,0,0,0,0,
LN0000978,4,2021-12,2021-08,4,356,251360.0,249731.46,3.359,700-739,60-70%,36-43%,NY,Cash-Out Refinance,Primary,Single Family,Servicer_A,Current,0,0,0,0,,2021-12-01,Black Knight,Pending Review,Current,0,0,0,0,0,
LN0000978,5,2022-01,2021-08,5,355,251360.0,249321.47,3.359,700-739,60-70%,36-43%,NY,Cash-Out Refinance,Primary,Single Family,Servicer_A,Current,0,0,0,0,,2022-01-01,Black Knight,Pending Review,Current,0,0,0,0,0,
LN0000978,6,2022-02,2021-08,6,354,251360.0,248910.34,3.359,700-739,60-70%,36-43%,NY,Cash-Out Refinance,Primary,Single Family,Servicer_A,Current,0,0,0,0,,2022-02-01,Black Knight,Pending Review,Current,0,0,0,0,0,
LN0000978,7,2022-03,2021-08,7,353,251360.0,248498.05,3.359,700-739,60-70%,36-43%,NY,Cash-Out Refinance,Primary,Single Family,Servicer_A,Current,0,0,0,0,,2022-03-01,Black Knight,Pending Review,Current,0,0,0,0,0,
LN0000978,8,2022-04,2021-08,8,352,251360.0,248084.61,3.359,700-739,60-70%,36-43%,NY,Cash-Out Refinance,Primary,Single Family,Servicer_A,Current,0,0,0,0,,2022-04-01,Black Knight,Pending Review,Current,0,0,0,0,0,
LN0000978,9,2022-05,2021-08,9,351,251360.0,247670.01,3.359,700-739,60-70%,36-43%,NY,Cash-Out Refinance,Primary,Single Family,Servicer_A,Current,0,0,0,0,,2022-05-01,Black Knight,Pending Review,Current,0,0,0,0,0,
LN0000978,10,2022-06,2021-08,10,350,251360.0,247254.25,3.359,700-739,60-70%,36-43%,NY,Cash-Out Refinance,Primary,Single Family,Servicer_A,Current,0,0,0,0,,2022-06-01,Black Knight,Pending Review,Current,0,0,0,0,0,
LN0000978,11,2022-07,2021-08,11,349,251360.0,246837.33,3.359,700-739,60-70%,36-43%,NY,Cash-Out Refinance,Primary,Single Family,Servicer_A,Current,0,0,0,0,,2022-07-01,Black Knight,Pending Review,Current,0,0,0,0,0,
LN0000978,12,2022-08,2021-08,12,348,251360.0,246419.24,3.359,700-739,60-70%,36-43%,NY,Cash-Out Refinance,Primary,Single Family,Servicer_A,Current,0,0,0,0,,2022-08-01,Black Knight,Pending Review,Current,0,0,0,0,0,
LN0000978,13,2022-09,2021-08,13,347,251360.0,245999.98,3.359,700-739,60-70%,36-43%,NY,Cash-Out Refinance,Primary,Single Family,Servicer_A,Current,0,0,0,0,,2022-09-01,Black Knight,Pending Review,Current,0,0,0,0,0,
LN0000978,14,2022-10,2021-08,14,346,251360.0,245579.55,3.359,700-739,60-70%,36-43%,NY,Cash-Out Refinance,Primary,Single Family,Servicer_A,Current,0,0,0,0,,2022-10-01,Black Knight,Pending Review,Current,0,0,0,0,0,
LN0000978,15,2022-11,2021-08,15,345,251360.0,245157.94,3.359,700-739,60-70%,36-43%,NY,Cash-Out Refinance,Primary,Single Family,Servicer_A,Current,0,0,0,0,,2022-11-01,Black Knight,Pending Review,Current,0,0,0,0,0,
LN0000978,16,2022-12,2021-08,16,344,251360.0,244735.15,3.359,700-739,60-70%,36-43%,NY,Cash-Out Refinance,Primary,Single Family,Servicer_A,Current,0,0,0,0,,2022-12-01,Black Knight,Pending Review,Current,0,0,0,0,0,
LN0000979,1,2022-12,2022-11,1,359,50000.0,49898.52,2.0,780+,80-90%,>43%,OH,Home Improvement,Primary,Single Family,Servicer_C,Current,0,0,0,0,,2022-12-01,Ellie Mae,Missing Items,Current,0,0,0,1,0,
LN0001000,1,2021-05,2021-04,1,359,50000.0,49944.72,5.447,660-699,70-80%,28-36%,AZ,Cash-Out Refinance,Investment,Townhouse,Servicer_B,Current,0,0,0,0,,2021-05-01,Encompass,Under Exception,Current,0,0,0,0,0,
LN0001000,2,2021-06,2021-04,2,358,50000.0,49889.2,5.447,660-699,70-80%,28-36%,AZ,Cash-Out Refinance,Investment,Townhouse,Servicer_B,Current,0,0,0,0,,2021-06-01,Encompass,Under Exception,Current,0,0,0,0,0,
LN0001000,3,2021-07,2021-04,3,357,50000.0,49833.42,5.447,660-699,70-80%,28-36%,AZ,Cash-Out Refinance,Investment,Townhouse,Servicer_B,Current,0,0,0,0,,2021-07-01,Encompass,Under Exception,Current,0,0,0,0,0,
LN0001000,4,2021-08,2021-04,4,356,50000.0,49777.39,5.447,660-699,70-80%,28-36%,AZ,Cash-Out Refinance,Investment,Townhouse,Servicer_B,Current,0,0,0,0,,2021-08-01,Encompass,Under Exception,Current,0,0,0,0,0,
LN0001000,5,2021-09,2021-04,5,355,50000.0,49721.1,5.447,660-699,70-80%,28-36%,AZ,Cash-Out Refinance,Investment,Townhouse,Servicer_B,Current,0,0,0,0,,2021-09-01,Encompass,Under Exception,Current,0,0,0,0,0,
LN0001000,6,2021-10,2021-04,6,354,50000.0,49664.56,5.447,660-699,70-80%,28-36%,AZ,Cash-Out Refinance,Investment,Townhouse,Servicer_B,Current,0,0,0,0,,2021-10-01,Encompass,Under Exception,Current,0,0,0,0,0,
LN0001000,7,2021-11,2021-04,7,353,50000.0,49607.76,5.447,660-699,70-80%,28-36%,AZ,Cash-Out Refinance,Investment,Townhouse,Servicer_B,Current,0,0,0,0,,2021-11-01,Encompass,Under Exception,Current,0,0,0,0,0,
LN0001000,8,2021-12,2021-04,8,352,50000.0,49550.7,5.447,660-699,70-80%,28-36%,AZ,Cash-Out Refinance,Investment,Townhouse,Servicer_B,Current,0,0,0,0,,2021-12-01,Encompass,Under Exception,Current,0,0,0,0,0,
LN0001000,9,2022-01,2021-04,9,351,50000.0,49493.39,5.447,660-699,70-80%,28-36%,AZ,Cash-Out Refinance,Investment,Townhouse,Servicer_B,Current,0,0,0,0,,2022-01-01,Encompass,Under Exception,Current,0,0,0,0,0,
LN0001000,10,2022-02,2021-04,10,350,50000.0,49435.81,5.447,660-699,70-80%,28-36%,AZ,Cash-Out Refinance,Investment,Townhouse,Servicer_B,Current,0,0,0,0,,2022-02-01,Encompass,Under Exception,Current,0,0,0,0,0,
LN0001000,11,2022-03,2021-04,11,349,50000.0,49377.98,5.447,660-699,70-80%,28-36%,AZ,Cash-Out Refinance,Investment,Townhouse,Servicer_B,Current,0,0,0,0,,2022-03-01,Encompass,Under Exception,Current,0,0,0,0,0,
LN0001000,12,2022-04,2021-04,12,348,50000.0,49319.88,5.447,660-699,70-80%,28-36%,AZ,Cash-Out Refinance,Investment,Townhouse,Servicer_B,Current,0,0,0,0,,2022-04-01,Encompass,Under Exception,Current,0,0,0,0,0,
LN0001000,13,2022-05,2021-04,13,347,50000.0,49261.52,5.447,660-699,70-80%,28-36%,AZ,Cash-Out Refinance,Investment,Townhouse,Servicer_B,Current,0,0,0,0,,2022-05-01,Encompass,Under Exception,Current,0,0,0,0,0,
LN0001000,14,2022-06,2021-04,14,346,50000.0,49202.89,5.447,660-699,70-80%,28-36%,AZ,Cash-Out Refinance,Investment,Townhouse,Servicer_B,Current,0,0,0,0,,2022-06-01,Encompass,Under Exception,Current,0,0,0,0,0,
LN0001000,15,2022-07,2021-04,15,345,50000.0,49143.99,5.447,660-699,70-80%,28-36%,AZ,Cash-Out Refinance,Investment,Townhouse,Servicer_B,Current,0,0,0,0,,2022-07-01,Encompass,Under Exception,Current,0,0,0,0,0,
LN0001000,16,2022-08,2021-04,16,344,50000.0,49084.83,5.447,660-699,70-80%,28-36%,AZ,Cash-Out Refinance,Investment,Townhouse,Servicer_B,Current,0,0,0,0,,2022-08-01,Encompass,Under Exception,Current,0,0,0,0,0,
LN0001000,17,2022-09,2021-04,17,343,50000.0,49025.4,5.447,660-699,70-80%,28-36%,AZ,Cash-Out Refinance,Investment,Townhouse,Servicer_B,Current,0,0,0,0,,2022-09-01,Encompass,Under Exception,Current,0,0,0,0,0,
LN0001000,18,2022-10,2021-04,18,342,50000.0,48965.7,5.447,660-699,70-80%,28-36%,AZ,Cash-Out Refinance,Investment,Townhouse,Servicer_B,Current,0,0,0,0,,2022-10-01,Encompass,Under Exception,Current,0,0,0,0,0,
LN0001000,19,2022-11,2021-04,19,341,50000.0,48905.73,5.447,660-699,70-80%,28-36%,AZ,Cash-Out Refinance,Investment,Townhouse,Servicer_B,Current,0,0,0,0,,2022-11-01,Encompass,Under Exception,Current,0,0,0,0,0,
LN0001000,20,2022-12,2021-04,20,340,50000.0,48845.49,5.447,660-699,70-80%,28-36%,AZ,Cash-Out Refinance,Investment,Townhouse,Servicer_B,Current,0,0,0,0,,2022-12-01,Encompass,Under Exception,Current,0,0,0,0,0,
LN0001009,1,2022-02,2022-01,1,359,346007.0,345495.36,3.854,700-739,>95%,<20%,NY,Purchase,Primary,Multi-Family,Servicer_D,Current,0,0,0,0,,2022-02-01,CoreLogic,Complete,Current,0,0,0,0,0,
LN0001009,2,2022-03,2022-01,2,358,346007.0,344982.08,3.854,700-739,>95%,<20%,NY,Purchase,Primary,Multi-Family,Servicer_D,Current,0,0,0,0,,2022-03-01,CoreLogic,Complete,Current,0,0,0,0,0,
LN0001009,3,2022-04,2022-01,3,357,346007.0,344467.14,3.854,700-739,>95%,<20%,NY,Purchase,Primary,Multi-Family,Servicer_D,Current,0,0,0,0,,2022-04-01,CoreLogic,Complete,Current,0,0,0,0,0,
LN0001009,4,2022-05,2022-01,4,356,346007.0,343950.56,3.854,700-739,>95%,<20%,NY,Purchase,Primary,Multi-Family,Servicer_D,Current,0,0,0,0,,2022-05-01,CoreLogic,Complete,Current,0,0,0,0,0,
LN0001009,5,2022-06,2022-01,5,355,346007.0,343432.31,3.854,700-739,>95%,<20%,NY,Purchase,Primary,Multi-Family,Servicer_D,Current,0,0,0,0,,2022-06-01,CoreLogic,Complete,Current,0,0,0,0,0,
LN0001009,6,2022-07,2022-01,6,354,346007.0,342912.4,3.854,700-739,>95%,<20%,NY,Purchase,Primary,Multi-Family,Servicer_D,Current,0,0,0,0,,2022-07-01,CoreLogic,Complete,Current,0,0,0,0,0,
LN0001009,7,2022-08,2022-01,7,353,346007.0,342390.82,3.854,700-739,>95%,<20%,NY,Purchase,Primary,Multi-Family,Servicer_D,Current,0,0,0,0,,2022-08-01,CoreLogic,Complete,Current,0,0,0,0,0,
LN0001009,8,2022-09,2022-01,8,352,346007.0,341867.57,3.854,700-739,>95%,<20%,NY,Purchase,Primary,Multi-Family,Servicer_D,Current,0,0,0,0,,2022-09-01,CoreLogic,Complete,Current,0,0,0,0,0,
LN0001009,9,2022-10,2022-01,9,351,346007.0,341342.63,3.854,700-739,>95%,<20%,NY,Purchase,Primary,Multi-Family,Servicer_D,Current,0,0,0,0,,2022-10-01,CoreLogic,Complete,Current,0,0,0,0,0,
LN0001009,10,2022-11,2022-01,10,350,346007.0,340816.01,3.854,700-739,>95%,<20%,NY,Purchase,Primary,Multi-Family,Servicer_D,Current,0,0,0,0,,2022-11-01,CoreLogic,Complete,Current,0,0,0,0,0,
LN0001009,11,2022-12,2022-01,11,349,346007.0,340287.7,3.854,700-739,>95%,<20%,NY,Purchase,Primary,Multi-Family,Servicer_D,Current,0,0,0,0,,2022-12-01,CoreLogic,Complete,Current,0,0,0,0,0,
LN0001009,15,2021-11,2022-01,15,345,346007.0,338157.43,3.854,700-739,>95%,<20%,NY,Purchase,Primary,Multi-Family,Servicer_D,Current,0,0,0,0,,2023-04-01,CoreLogic,Complete,Current,0,0,0,0,1,Date Anomaly
LN0001045,1,2022-09,2022-08,1,359,50000.0,49917.66,3.239,740-779,90-95%,<20%,FL,Refinance,Primary,Single Family,Servicer_D,Current,0,0,0,0,,2022-09-01,CoreLogic,Complete,Current,0,0,0,0,0,
LN0001045,2,2022-10,2022-08,2,358,50000.0,49835.09,3.239,740-779,90-95%,<20%,FL,Refinance,Primary,Single Family,Servicer_D,Current,0,0,0,0,,2022-10-01,CoreLogic,Complete,Current,0,0,0,0,0,
LN0001045,3,2022-11,2022-08,3,357,50000.0,49752.3,3.239,740-779,90-95%,<20%,FL,Refinance,Primary,Single Family,Servicer_D,Current,0,0,0,0,,2022-11-01,CoreLogic,Complete,Current,0,0,0,0,0,
LN0001045,4,2022-12,2022-08,4,356,50000.0,49669.29,3.239,740-779,90-95%,<20%,FL,Refinance,Primary,Single Family,Servicer_D,Current,0,0,0,0,,2022-12-01,CoreLogic,Complete,Current,0,0,0,0,0,
LN0001048,1,2021-07,2021-06,1,359,167843.0,167597.4,3.913,620-659,60-70%,36-43%,FL,Refinance,Primary,Condo,Servicer_C,Current,0,0,0,0,,2021-07-01,Encompass,Under Exception,Current,0,0,0,0,0,
LN0001048,2,2021-08,2021-06,2,358,167843.0,167350.99,3.913,620-659,60-70%,36-43%,FL,Refinance,Primary,Condo,Servicer_C,Current,0,0,0,0,,2021-08-01,Encompass,Under Exception,Current,0,0,0,0,0,
LN0001048,3,2021-09,2021-06,3,357,167843.0,167103.78,3.913,620-659,60-70%,36-43%,FL,Refinance,Primary,Condo,Servicer_C,Current,0,0,0,0,,2021-09-01,Encompass,Under Exception,Current,0,0,0,0,0,
LN0001048,4,2021-10,2021-06,4,356,167843.0,166855.77,3.913,620-659,60-70%,36-43%,FL,Refinance,Primary,Condo,Servicer_C,Current,0,0,0,0,,2021-10-01,Encompass,Under Exception,Current,0,0,0,0,0,
LN0001048,5,2021-11,2021-06,5,355,167843.0,166606.94,3.913,620-659,60-70%,36-43%,FL,Refinance,Primary,Condo,Servicer_C,Current,0,0,0,0,,2021-11-01,Encompass,Under Exception,Current,0,0,0,0,0,
LN0001048,6,2021-12,2021-06,6,354,167843.0,166357.31,3.913,620-659,60-70%,36-43%,FL,Refinance,Primary,Condo,Servicer_C,Current,0,0,0,0,,2021-12-01,Encompass,Under Exception,Current,0,0,0,0,0,
LN0001048,7,2022-01,2021-06,7,353,167843.0,166106.86,3.913,620-659,60-70%,36-43%,FL,Refinance,Primary,Condo,Servicer_C,Current,0,0,0,0,,2022-01-01,Encompass,Under Exception,Current,0,0,0,0,0,
LN0001048,8,2022-02,2021-06,8,352,167843.0,165855.59,3.913,620-659,60-70%,36-43%,FL,Refinance,Primary,Condo,Servicer_C,Current,0,0,0,0,,2022-02-01,Encompass,Under Exception,Current,0,0,0,0,0,
LN0001048,9,2022-03,2021-06,9,351,167843.0,165603.51,3.913,620-659,60-70%,36-43%,FL,Refinance,Primary,Condo,Servicer_C,Current,0,0,0,0,,2022-03-01,Encompass,Under Exception,Current,0,0,0,0,0,
LN0001048,10,2022-04,2021-06,10,350,167843.0,165350.6,3.913,620-659,60-70%,36-43%,FL,Refinance,Primary,Condo,Servicer_C,Current,0,0,0,0,,2022-04-01,Encompass,Under Exception,Current,0,0,0,0,0,
LN0001048,11,2022-05,2021-06,11,349,167843.0,165096.87,3.913,620-659,60-70%,36-43%,FL,Refinance,Primary,Condo,Servicer_C,Current,0,0,0,0,,2022-05-01,Encompass,Under Exception,Current,0,0,0,0,0,
LN0001048,12,2022-06,2021-06,12,348,167843.0,164842.31,3.913,620-659,60-70%,36-43%,FL,Refinance,Primary,Condo,Servicer_C,Current,0,0,0,0,,2022-06-01,Encompass,Under Exception,Current,0,0,0,0,0,
LN0001048,13,2022-07,2021-06,13,347,167843.0,164586.92,3.913,620-659,60-70%,36-43%,FL,Refinance,Primary,Condo,Servicer_C,Current,0,0,0,0,,2022-07-01,Encompass,Under Exception,Current,0,0,0,0,0,
LN0001048,14,2022-08,2021-06,14,346,167843.0,164330.7,3.913,620-659,60-70%,36-43%,FL,Refinance,Primary,Condo,Servicer_C,Current,0,0,0,0,,2022-08-01,Encompass,Under Exception,Current,0,0,0,0,0,
LN0001048,15,2022-09,2021-06,15,345,167843.0,164073.64,3.913,620-659,60-70%,36-43%,FL,Refinance,Primary,Condo,Servicer_C,Current,0,0,0,0,,2022-09-01,Encompass,Under Exception,Current,0,0,0,0,0,
LN0001048,16,2022-10,2021-06,16,344,167843.0,163815.74,3.913,620-659,60-70%,36-43%,FL,Refinance,Primary,Condo,Servicer_C,Current,0,0,0,0,,2022-10-01,Encompass,Under Exception,Current,0,0,0,0,0,
LN0001048,17,2022-11,2021-06,17,343,167843.0,163557.01,3.913,620-659,60-70%,36-43%,FL,Refinance,Primary,Condo,Servicer_C,Current,0,0,0,0,,2022-11-01,Encompass,Under Exception,Current,0,0,0,0,0,
LN0001048,18,2022-12,2021-06,18,342,167843.0,163297.43,3.913,620-659,60-70%,36-43%,FL,Refinance,Primary,Condo,Servicer_C,Current,0,0,0,0,,2022-12-01,Encompass,Under Exception,Current,0,0,0,0,0,
LN0001064,1,2021-11,2021-10,1,359,50000.0,49939.9,4.998,700-739,70-80%,20-28%,MI,Home Improvement,Primary,Single Family,Servicer_A,Current,0,0,0,0,,2021-11-01,Encompass,Under Exception,Current,0,0,0,0,0,
LN0001064,2,2021-12,2021-10,2,358,50000.0,49879.55,4.998,700-739,70-80%,20-28%,MI,Home Improvement,Primary,Single Family,Servicer_A,Current,0,0,0,0,,2021-12-01,Encompass,Under Exception,Current,0,0,0,0,0,
LN0001064,3,2022-01,2021-10,3,357,50000.0,49818.95,4.998,700-739,70-80%,20-28%,MI,Home Improvement,Primary,Single Family,Servicer_A,Current,0,0,0,0,,2022-01-01,Encompass,Under Exception,Current,0,0,0,0,0,
LN0001064,4,2022-02,2021-10,4,356,50000.0,49758.1,4.998,700-739,70-80%,20-28%,MI,Home Improvement,Primary,Single Family,Servicer_A,Current,0,0,0,0,,2022-02-01,Encompass,Under Exception,Current,0,0,0,0,0,
LN0001064,5,2022-03,2021-10,5,355,50000.0,49696.99,4.998,700-739,70-80%,20-28%,MI,Home Improvement,Primary,Single Family,Servicer_A,Current,0,0,0,0,,2022-03-01,Encompass,Under Exception,Current,0,0,0,0,0,
LN0001064,6,2022-04,2021-10,6,354,50000.0,49635.63,4.998,700-739,70-80%,20-28%,MI,Home Improvement,Primary,Single Family,Servicer_A,Current,0,0,0,0,,2022-04-01,Encompass,Under Exception,Current,0,0,0,0,0,
LN0001064,7,2022-05,2021-10,7,353,50000.0,49574.01,4.998,700-739,70-80%,20-28%,MI,Home Improvement,Primary,Single Family,Servicer_A,Current,0,0,0,0,,2022-05-01,Encompass,Under Exception,Current,0,0,0,0,0,
LN0001064,8,2022-06,2021-10,8,352,50000.0,49512.13,4.998,700-739,70-80%,20-28%,MI,Home Improvement,Primary,Single Family,Servicer_A,Current,0,0,0,0,,2022-06-01,Encompass,Under Exception,Current,0,0,0,0,0,
LN0001064,9,2022-07,2021-10,9,351,50000.0,49450.0,4.998,700-739,70-80%,20-28%,MI,Home Improvement,Primary,Single Family,Servicer_A,Current,0,0,0,0,,2022-07-01,Encompass,Under Exception,Current,0,0,0,0,0,
LN0001064,10,2022-08,2021-10,10,350,50000.0,49387.61,4.998,700-739,70-80%,20-28%,MI,Home Improvement,Primary,Single Family,Servicer_A,Current,0,0,0,0,,2022-08-01,Encompass,Under Exception,Current,0,0,0,0,0,
LN0001064,11,2022-09,2021-10,11,349,50000.0,49324.96,4.998,700-739,70-80%,20-28%,MI,Home Improvement,Primary,Single Family,Servicer_A,Current,0,0,0,0,,2022-09-01,Encompass,Under Exception,Current,0,0,0,0,0,
LN0001064,12,2022-10,2021-10,12,348,50000.0,49262.05,4.998,700-739,70-80%,20-28%,MI,Home Improvement,Primary,Single Family,Servicer_A,Current,0,0,0,0,,2022-10-01,Encompass,Under Exception,Current,0,0,0,0,0,
LN0001064,13,2022-11,2021-10,13,347,50000.0,49198.88,4.998,700-739,70-80%,20-28%,MI,Home Improvement,Primary,Single Family,Servicer_A,Current,0,0,0,0,,2022-11-01,Encompass,Under Exception,Current,0,0,0,0,0,
LN0001064,14,2022-12,2021-10,14,346,50000.0,49135.44,4.998,700-739,70-80%,20-28%,MI,Home Improvement,Primary,Single Family,Servicer_A,Current,0,0,0,0,,2022-12-01,Encompass,Under Exception,Current,0,0,0,0,0,
LN0001074,1,2021-11,2021-10,1,359,331198.0,330762.89,4.513,780+,80-90%,<20%,MA,Refinance,Primary,Single Family,Servicer_E,Current,0,0,0,0,,2021-11-01,Black Knight,Pending Review,Current,0,0,0,0,0,
LN0001074,2,2021-12,2021-10,2,358,331198.0,330326.14,4.513,780+,80-90%,<20%,MA,Refinance,Primary,Single Family,Servicer_E,Current,0,0,0,0,,2021-12-01,Black Knight,Pending Review,Current,0,0,0,0,0,
LN0001074,3,2022-01,2021-10,3,357,331198.0,329887.75,4.513,780+,80-90%,<20%,MA,Refinance,Primary,Single Family,Servicer_E,Current,0,0,0,0,,2022-01-01,Black Knight,Pending Review,Current,0,0,0,0,0,
LN0001074,4,2022-02,2021-10,4,356,331198.0,329447.72,4.513,780+,80-90%,<20%,MA,Refinance,Primary,Single Family,Servicer_E,Current,0,0,0,0,,2022-02-01,Black Knight,Pending Review,Current,0,0,0,0,0,
LN0001074,5,2022-03,2021-10,5,355,331198.0,329006.02,4.513,780+,80-90%,<20%,MA,Refinance,Primary,Single Family,Servicer_E,Current,0,0,0,0,,2022-03-01,Black Knight,Pending Review,Current,0,0,0,0,0,
LN0001074,6,2022-04,2021-10,6,354,331198.0,328562.67,4.513,780+,80-90%,<20%,MA,Refinance,Primary,Single Family,Servicer_E,Current,0,0,0,0,,2022-04-01,Black Knight,Pending Review,Current,0,0,0,0,0,
LN0001074,7,2022-05,2021-10,7,353,331198.0,328117.65,4.513,780+,80-90%,<20%,MA,Refinance,Primary,Single Family,Servicer_E,Current,0,0,0,0,,2022-05-01,Black Knight,Pending Review,Current,0,0,0,0,0,
LN0001074,8,2022-06,2021-10,8,352,331198.0,327670.95,4.513,780+,80-90%,<20%,MA,Refinance,Primary,Single Family,Servicer_E,Current,0,0,0,0,,2022-06-01,Black Knight,Pending Review,Current,0,0,0,0,0,
LN0001074,9,2022-07,2021-10,9,351,331198.0,327222.58,4.513,780+,80-90%,<20%,MA,Refinance,Primary,Single Family,Servicer_E,Current,0,0,0,0,,2022-07-01,Black Knight,Pending Review,Current,0,0,0,0,0,
LN0001074,10,2022-08,2021-10,10,350,331198.0,326772.52,4.513,780+,80-90%,<20%,MA,Refinance,Primary,Single Family,Servicer_E,Current,0,0,0,0,,2022-08-01,Black Knight,Pending Review,Current,0,0,0,0,0,
LN0001074,11,2022-09,2021-10,11,349,331198.0,326320.76,4.513,780+,80-90%,<20%,MA,Refinance,Primary,Single Family,Servicer_E,Current,0,0,0,0,,2022-09-01,Black Knight,Pending Review,Current,0,0,0,0,0,
LN0001074,12,2022-10,2021-10,12,348,331198.0,325867.31,4.513,780+,80-90%,<20%,MA,Refinance,Primary,Single Family,Servicer_E,Current,0,0,0,0,,2022-10-01,Black Knight,Pending Review,Current,0,0,0,0,0,
LN0001074,13,2022-11,2021-10,13,347,331198.0,325412.15,4.513,780+,80-90%,<20%,MA,Refinance,Primary,Single Family,Servicer_E,Current,0,0,0,0,,2022-11-01,Black Knight,Pending Review,Current,0,0,0,0,0,
LN0001074,14,2022-12,2021-10,14,346,331198.0,324955.28,4.513,780+,80-90%,<20%,MA,Refinance,Primary,Single Family,Servicer_E,Current,0,0,0,0,,2022-12-01,Black Knight,Pending Review,Current,0,0,0,0,0,
LN0001077,1,2021-10,2021-09,1,359,174584.0,174374.31,5.002,660-699,80-90%,<20%,TN,Refinance,Second Home,Townhouse,Servicer_A,Current,0,0,0,0,,2021-10-01,CoreLogic,Complete,Current,0,0,0,0,0,
LN0001077,2,2021-11,2021-09,2,358,174584.0,174163.74,5.002,660-699,80-90%,<20%,TN,Refinance,Second Home,Townhouse,Servicer_A,Current,0,0,0,0,,2021-11-01,CoreLogic,Complete,Current,0,0,0,0,0,
LN0001077,3,2021-12,2021-09,3,357,174584.0,173952.29,5.002,660-699,80-90%,<20%,TN,Refinance,Second Home,Townhouse,Servicer_A,Current,0,0,0,0,,2021-12-01,CoreLogic,Complete,Current,0,0,0,0,0,
LN0001077,4,2022-01,2021-09,4,356,174584.0,173739.97,5.002,660-699,80-90%,<20%,TN,Refinance,Second Home,Townhouse,Servicer_A,Current,0,0,0,0,,2022-01-01,CoreLogic,Complete,Current,0,0,0,0,0,
LN0001077,5,2022-02,2021-09,5,355,174584.0,173526.75,5.002,660-699,80-90%,<20%,TN,Refinance,Second Home,Townhouse,Servicer_A,Current,0,0,0,0,,2022-02-01,CoreLogic,Complete,Current,0,0,0,0,0,
LN0001077,6,2022-03,2021-09,6,354,174584.0,173312.65,5.002,660-699,80-90%,<20%,TN,Refinance,Second Home,Townhouse,Servicer_A,Current,0,0,0,0,,2022-03-01,CoreLogic,Complete,Current,0,0,0,0,0,
LN0001077,7,2022-04,2021-09,7,353,174584.0,173097.66,5.002,660-699,80-90%,<20%,TN,Refinance,Second Home,Townhouse,Servicer_A,Current,0,0,0,0,,2022-04-01,CoreLogic,Complete,Current,0,0,0,0,0,
LN0001077,8,2022-05,2021-09,8,352,174584.0,172881.77,5.002,660-699,80-90%,<20%,TN,Refinance,Second Home,Townhouse,Servicer_A,Current,0,0,0,0,,2022-05-01,CoreLogic,Complete,Current,0,0,0,0,0,
LN0001077,9,2022-06,2021-09,9,351,174584.0,172664.98,5.002,660-699,80-90%,<20%,TN,Refinance,Second Home,Townhouse,Servicer_A,Current,0,0,0,0,,2022-06-01,CoreLogic,Complete,Current,0,0,0,0,0,
LN0001077,10,2022-07,2021-09,10,350,174584.0,172447.29,5.002,660-699,80-90%,<20%,TN,Refinance,Second Home,Townhouse,Servicer_A,Current,0,0,0,0,,2022-07-01,CoreLogic,Complete,Current,0,0,0,0,0,
LN0001077,11,2022-08,2021-09,11,349,174584.0,172228.69,5.002,660-699,80-90%,<20%,TN,Refinance,Second Home,Townhouse,Servicer_A,Current,0,0,0,0,,2022-08-01,CoreLogic,Complete,Current,0,0,0,0,0,
LN0001077,12,2022-09,2021-09,12,348,174584.0,172009.18,5.002,660-699,80-90%,<20%,TN,Refinance,Second Home,Townhouse,Servicer_A,Current,0,0,0,0,,2022-09-01,CoreLogic,Complete,Current,0,0,0,0,0,
LN0001077,13,2022-10,2021-09,13,347,174584.0,171788.75,5.002,660-699,80-90%,<20%,TN,Refinance,Second Home,Townhouse,Servicer_A,Current,0,0,0,0,,2022-10-01,CoreLogic,Complete,Current,0,0,0,0,0,
LN0001077,14,2022-11,2021-09,14,346,174584.0,171567.41,5.002,660-699,80-90%,<20%,TN,Refinance,Second Home,Townhouse,Servicer_A,Current,0,0,0,0,,2022-11-01,CoreLogic,Complete,Current,0,0,0,0,0,
LN0001077,15,2022-12,2021-09,15,345,174584.0,171345.14,5.002,660-699,80-90%,<20%,TN,Refinance,Second Home,Townhouse,Servicer_A,Current,0,0,0,0,,2022-12-01,CoreLogic,Complete,Current,0,0,0,0,0,
LN0001101,1,2022-08,2022-07,1,359,90292.0,90188.49,5.253,660-699,<60%,<20%,WA,Cash-Out Refinance,Primary,Single Family,Servicer_B,Current,0,0,0,0,,2022-08-01,CoreLogic,Complete,Current,0,0,0,0,0,
LN0001101,2,2022-09,2022-07,2,358,90292.0,90084.53,5.253,660-699,<60%,<20%,WA,Cash-Out Refinance,Primary,Single Family,Servicer_B,Current,0,0,0,0,,2022-09-01,CoreLogic,Complete,Current,0,0,0,0,0,
LN0001101,3,2022-10,2022-07,3,357,90292.0,89980.11,5.253,660-699,<60%,<20%,WA,Cash-Out Refinance,Primary,Single Family,Servicer_B,Current,0,0,0,0,,2022-10-01,CoreLogic,Complete,Current,0,0,0,0,0,
LN0001101,4,2022-11,2022-07,4,356,90292.0,89875.23,5.253,660-699,<60%,<20%,WA,Cash-Out Refinance,Primary,Single Family,Servicer_B,Current,0,0,0,0,,2022-11-01,CoreLogic,Complete,Current,0,0,0,0,0,
LN0001101,5,2022-12,2022-07,5,355,90292.0,89769.9,5.253,660-699,<60%,<20%,WA,Cash-Out Refinance,Primary,Single Family,Servicer_B,Current,0,0,0,0,,2022-12-01,CoreLogic,Complete,Current,0,0,0,0,0,
LN0001142,1,2022-06,2022-05,1,359,217843.0,217593.55,5.259,700-739,80-90%,20-28%,WA,Refinance,Primary,Single Family,Servicer_D,Current,0,0,0,0,,2022-06-01,Black Knight,Pending Review,Current,0,0,0,0,0,
LN0001142,2,2022-07,2022-05,2,358,217843.0,217343.0,5.259,700-739,80-90%,20-28%,WA,Refinance,Primary,Single Family,Servicer_D,Current,0,0,0,0,,2022-07-01,Black Knight,Pending Review,Current,0,0,0,0,0,
LN0001142,3,2022-08,2022-05,3,357,217843.0,217091.35,5.259,700-739,80-90%,20-28%,WA,Refinance,Primary,Single Family,Servicer_D,Current,0,0,0,0,,2022-08-01,Black Knight,Pending Review,Current,0,0,0,0,0,
LN0001142,4,2022-09,2022-05,4,356,217843.0,216838.6,5.259,700-739,80-90%,20-28%,WA,Refinance,Primary,Single Family,Servicer_D,Current,0,0,0,0,,2022-09-01,Black Knight,Pending Review,Current,0,0,0,0,0,
LN0001142,5,2022-10,2022-05,5,355,217843.0,216584.75,5.259,700-739,80-90%,20-28%,WA,Refinance,Primary,Single Family,Servicer_D,Current,0,0,0,0,,2022-10-01,Black Knight,Pending Review,Current,0,0,0,0,0,
LN0001142,6,2022-11,2022-05,6,354,217843.0,216329.78,5.259,700-739,80-90%,20-28%,WA,Refinance,Primary,Single Family,Servicer_D,Current,0,0,0,0,,2022-11-01,Black Knight,Pending Review,Current,0,0,0,0,0,
LN0001142,7,2022-12,2022-05,7,353,217843.0,216073.69,5.259,700-739,80-90%,20-28%,WA,Refinance,Primary,Single Family,Servicer_D,Current,0,0,0,0,,2022-12-01,Black Knight,Pending Review,Current,0,0,0,0,0,
LN0001157,1,2022-12,2022-11,1,359,150581.0,150358.26,3.852,620-659,80-90%,20-28%,NC,Purchase,Primary,Multi-Family,Servicer_D,Current,0,0,0,0,,2022-12-01,CoreLogic,Complete,Current,0,0,0,0,0,
LN0001194,1,2022-11,2022-10,1,179,223206.0,222249.23,3.342,700-739,90-95%,36-43%,NC,Refinance,Investment,Single Family,Servicer_C,Current,0,0,0,0,,2022-11-01,Black Knight,Pending Review,Current,0,0,0,0,0,
LN0001194,2,2022-12,2022-10,2,178,223206.0,221289.8,3.342,700-739,90-95%,36-43%,NC,Refinance,Investment,Single Family,Servicer_C,Current,0,0,0,0,,2022-12-01,Black Knight,Pending Review,Current,0,0,0,0,0,
LN0001196,1,2022-12,2022-11,1,359,645397.0,644545.25,4.488,<620,60-70%,20-28%,AZ,Refinance,Second Home,Condo,Servicer_D,Current,0,0,0,0,,2022-12-01,Encompass,Under Exception,Current,0,0,0,0,0,
LN0001197,1,2022-10,2022-09,1,179,53224.0,53012.82,4.291,740-779,70-80%,20-28%,OH,Cash-Out Refinance,Second Home,Single Family,Servicer_E,Current,0,0,0,0,,2022-10-01,CoreLogic,Complete,Current,0,0,0,0,0,
LN0001197,2,2022-11,2022-09,2,178,53224.0,52800.89,4.291,740-779,70-80%,20-28%,OH,Cash-Out Refinance,Second Home,Single Family,Servicer_E,Current,0,0,0,0,,2022-11-01,CoreLogic,Complete,Current,0,0,0,0,0,
LN0001197,3,2022-12,2022-09,3,177,53224.0,52588.2,4.291,740-779,70-80%,20-28%,OH,Cash-Out Refinance,Second Home,Single Family,Servicer_E,Current,0,0,0,0,,2022-12-01,CoreLogic,Complete,Current,0,0,0,0,0,
LN0001200,1,2021-12,2021-11,1,359,203731.0,203462.72,,620-659,80-90%,20-28%,IN,Purchase,Primary,Multi-Family,Servicer_E,Current,0,0,0,0,,2021-12-01,Encompass,Under Exception,Current,0,0,0,0,0,
LN0001200,2,2022-01,2021-11,2,358,203731.0,203193.43,,620-659,80-90%,20-28%,IN,Purchase,Primary,Multi-Family,Servicer_E,Current,0,0,0,0,,2022-01-01,Encompass,Under Exception,Current,0,0,0,0,0,
LN0001200,3,2022-02,2021-11,3,357,203731.0,202923.13,,620-659,80-90%,20-28%,IN,Purchase,Primary,Multi-Family,Servicer_E,Current,0,0,0,0,,2022-02-01,Encompass,Under Exception,Current,0,0,0,0,0,
LN0001200,4,2022-03,2021-11,4,356,203731.0,202651.81,,620-659,80-90%,20-28%,IN,Purchase,Primary,Multi-Family,Servicer_E,Current,0,0,0,0,,2022-03-01,Encompass,Under Exception,Current,0,0,0,0,0,
LN0001200,5,2022-04,2021-11,5,355,203731.0,202379.48,,620-659,80-90%,20-28%,IN,Purchase,Primary,Multi-Family,Servicer_E,Current,0,0,0,0,,2022-04-01,Encompass,Under Exception,Current,0,0,0,0,0,
LN0001200,6,2022-05,2021-11,6,354,203731.0,202106.13,,620-659,80-90%,20-28%,IN,Purchase,Primary,Multi-Family,Servicer_E,Current,0,0,0,0,,2022-05-01,Encompass,Under Exception,Current,0,0,0,0,0,
LN0001200,7,2022-06,2021-11,7,353,203731.0,201831.75,,620-659,80-90%,20-28%,IN,Purchase,Primary,Multi-Family,Servicer_E,Current,0,0,0,0,,2022-06-01,Encompass,Under Exception,Current,0,0,0,0,0,
LN0001200,8,2022-07,2021-11,8,352,203731.0,201556.35,,620-659,80-90%,20-28%,IN,Purchase,Primary,Multi-Family,Servicer_E,Current,0,0,0,0,,2022-07-01,Encompass,Under Exception,Current,0,0,0,0,0,
LN0001200,9,2022-08,2021-11,9,351,203731.0,201279.91,,620-659,80-90%,20-28%,IN,Purchase,Primary,Multi-Family,Servicer_E,Current,0,0,0,0,,2022-08-01,Encompass,Under Exception,Current,0,0,0,0,0,
LN0001200,10,2022-09,2021-11,10,350,203731.0,201002.43,,620-659,80-90%,20-28%,IN,Purchase,Primary,Multi-Family,Servicer_E,Current,0,0,0,0,,2022-09-01,Encompass,Under Exception,Current,0,0,0,0,0,
LN0001200,11,2022-10,2021-11,11,349,203731.0,200723.92,,620-659,80-90%,20-28%,IN,Purchase,Primary,Multi-Family,Servicer_E,Current,0,0,0,0,,2022-10-01,Encompass,Under Exception,Current,0,0,0,0,0,
LN0001200,12,2022-11,2021-11,12,348,203731.0,200444.36,,620-659,80-90%,20-28%,IN,Purchase,Primary,Multi-Family,Servicer_E,Current,0,0,0,0,,2022-11-01,Encompass,Under Exception,Current,0,0,0,0,0,
LN0001200,13,2022-12,2021-11,13,347,203731.0,200163.75,,620-659,80-90%,20-28%,IN,Purchase,Primary,Multi-Family,Servicer_E,Current,0,0,0,0,,2022-12-01,Encompass,Under Exception,Current,0,0,0,0,0,
LN0001206,1,2022-02,2022-01,1,359,156997.0,156738.18,3.233,700-739,60-70%,20-28%,IL,Home Improvement,Primary,Condo,Servicer_C,Current,0,0,0,0,,2022-02-01,Black Knight,Pending Review,Current,0,0,0,0,0,
LN0001206,2,2022-03,2022-01,2,358,156997.0,156478.66,3.233,700-739,60-70%,20-28%,IL,Home Improvement,Primary,Condo,Servicer_C,Current,0,0,0,0,,2022-03-01,Black Knight,Pending Review,Current,0,0,0,0,0,
LN0001206,3,2022-04,2022-01,3,357,156997.0,156218.44,3.233,700-739,60-70%,20-28%,IL,Home Improvement,Primary,Condo,Servicer_C,Current,0,0,0,0,,2022-04-01,Black Knight,Pending Review,Current,0,0,0,0,0,
LN0001206,4,2022-05,2022-01,4,356,156997.0,155957.53,3.233,700-739,60-70%,20-28%,IL,Home Improvement,Primary,Condo,Servicer_C,Current,0,0,0,0,,2022-05-01,Black Knight,Pending Review,Current,0,0,0,0,0,
LN0001206,5,2022-06,2022-01,5,355,156997.0,155695.9,3.233,700-739,60-70%,20-28%,IL,Home Improvement,Primary,Condo,Servicer_C,Current,0,0,0,0,,2022-06-01,Black Knight,Pending Review,Current,0,0,0,0,0,
LN0001206,6,2022-07,2022-01,6,354,156997.0,155433.58,3.233,700-739,60-70%,20-28%,IL,Home Improvement,Primary,Condo,Servicer_C,Current,0,0,0,0,,2022-07-01,Black Knight,Pending Review,Current,0,0,0,0,0,
LN0001206,7,2022-08,2022-01,7,353,156997.0,155170.54,3.233,700-739,60-70%,20-28%,IL,Home Improvement,Primary,Condo,Servicer_C,Current,0,0,0,0,,2022-08-01,Black Knight,Pending Review,Current,0,0,0,0,0,
LN0001206,8,2022-09,2022-01,8,352,156997.0,154906.8,3.233,700-739,60-70%,20-28%,IL,Home Improvement,Primary,Condo,Servicer_C,Current,0,0,0,0,,2022-09-01,Black Knight,Pending Review,Current,0,0,0,0,0,
LN0001206,9,2022-10,2022-01,9,351,156997.0,154642.35,3.233,700-739,60-70%,20-28%,IL,Home Improvement,Primary,Condo,Servicer_C,Current,0,0,0,0,,2022-10-01,Black Knight,Pending Review,Current,0,0,0,0,0,
LN0001206,10,2022-11,2022-01,10,350,156997.0,154377.19,3.233,700-739,60-70%,20-28%,IL,Home Improvement,Primary,Condo,Servicer_C,Current,0,0,0,0,,2022-11-01,Black Knight,Pending Review,Current,0,0,0,0,0,
LN0001206,11,2022-12,2022-01,11,349,156997.0,154111.31,3.233,700-739,60-70%,20-28%,IL,Home Improvement,Primary,Condo,Servicer_C,Current,0,0,0,0,,2022-12-01,Black Knight,Pending Review,Current,0,0,0,0,0,
LN0001212,1,2022-04,2022-03,1,359,90064.0,89951.21,4.775,780+,70-80%,20-28%,FL,Purchase,Primary,Multi-Family,Servicer_A,Current,0,0,0,0,,2022-04-01,Encompass,Under Exception,Current,0,0,0,0,0,
LN0001212,2,2022-05,2022-03,2,358,90064.0,89837.96,4.775,780+,70-80%,20-28%,FL,Purchase,Primary,Multi-Family,Servicer_A,Current,0,0,0,0,,2022-05-01,Encompass,Under Exception,Current,0,0,0,0,0,
LN0001212,3,2022-06,2022-03,3,357,90064.0,89724.27,4.775,780+,70-80%,20-28%,FL,Purchase,Primary,Multi-Family,Servicer_A,Current,0,0,0,0,,2022-06-01,Encompass,Under Exception,Current,0,0,0,0,0,
LN0001212,4,2022-07,2022-03,4,356,90064.0,89610.12,4.775,780+,70-80%,20-28%,FL,Purchase,Primary,Multi-Family,Servicer_A,Current,0,0,0,0,,2022-07-01,Encompass,Under Exception,Current,0,0,0,0,0,
LN0001212,5,2022-08,2022-03,5,355,90064.0,89495.52,4.775,780+,70-80%,20-28%,FL,Purchase,Primary,Multi-Family,Servicer_A,Current,0,0,0,0,,2022-08-01,Encompass,Under Exception,Current,0,0,0,0,0,
LN0001212,6,2022-09,2022-03,6,354,90064.0,89380.46,4.775,780+,70-80%,20-28%,FL,Purchase,Primary,Multi-Family,Servicer_A,Current,0,0,0,0,,2022-09-01,Encompass,Under Exception,Current,0,0,0,0,0,
LN0001212,7,2022-10,2022-03,7,353,90064.0,89264.95,4.775,780+,70-80%,20-28%,FL,Purchase,Primary,Multi-Family,Servicer_A,Current,0,0,0,0,,2022-10-01,Encompass,Under Exception,Current,0,0,0,0,0,
LN0001212,8,2022-11,2022-03,8,352,90064.0,89148.97,4.775,780+,70-80%,20-28%,FL,Purchase,Primary,Multi-Family,Servicer_A,Current,0,0,0,0,,2022-11-01,Encompass,Under Exception,Current,0,0,0,0,0,
LN0001212,9,2022-12,2022-03,9,351,90064.0,89032.54,4.775,780+,70-80%,20-28%,FL,Purchase,Primary,Multi-Family,Servicer_A,Current,0,0,0,0,,2022-12-01,Encompass,Under Exception,Current,0,0,0,0,0,
LN0001220,1,2020-09,2020-08,1,239,387576.0,386550.4,4.265,700-739,<60%,<20%,IN,Refinance,Primary,Single Family,Servicer_D,Current,0,0,0,0,,2020-09-01,Encompass,Under Exception,Current,0,0,0,0,0,
LN0001220,2,2020-10,2020-08,2,238,387576.0,385521.16,4.265,700-739,<60%,<20%,IN,Refinance,Primary,Single Family,Servicer_D,Current,0,0,0,0,,2020-10-01,Encompass,Under Exception,Current,0,0,0,0,0,
LN0001220,3,2020-11,2020-08,3,237,387576.0,384488.26,4.265,700-739,<60%,<20%,IN,Refinance,Primary,Single Family,Servicer_D,Current,0,0,0,0,,2020-11-01,Encompass,Under Exception,Current,0,0,0,0,0,
LN0001220,4,2020-12,2020-08,4,236,387576.0,383451.69,4.265,700-739,<60%,<20%,IN,Refinance,Primary,Single Family,Servicer_D,Current,0,0,0,0,,2020-12-01,Encompass,Under Exception,Current,0,0,0,0,0,
LN0001220,5,2021-01,2020-08,5,235,387576.0,382411.44,4.265,700-739,<60%,<20%,IN,Refinance,Primary,Single Family,Servicer_D,Current,0,0,0,0,,2021-01-01,Encompass,Under Exception,Current,0,0,0,0,0,
LN0001220,6,2021-02,2020-08,6,234,387576.0,381367.48,4.265,700-739,<60%,<20%,IN,Refinance,Primary,Single Family,Servicer_D,Current,0,0,0,0,,2021-02-01,Encompass,Under Exception,Current,0,0,0,0,0,
LN0001220,7,2021-03,2020-08,7,233,387576.0,380319.82,4.265,700-739,<60%,<20%,IN,Refinance,Primary,Single Family,Servicer_D,Current,0,0,0,0,,2021-03-01,Encompass,Under Exception,Current,0,0,0,0,0,
LN0001220,8,2021-04,2020-08,8,232,387576.0,379268.43,4.265,700-739,<60%,<20%,IN,Refinance,Primary,Single Family,Servicer_D,Current,0,0,0,0,,2021-04-01,Encompass,Under Exception,Current,0,0,0,0,0,
LN0001220,9,2021-05,2020-08,9,231,387576.0,378213.31,4.265,700-739,<60%,<20%,IN,Refinance,Primary,Single Family,Servicer_D,Current,0,0,0,0,,2021-05-01,Encompass,Under Exception,Current,0,0,0,0,0,
LN0001220,10,2021-06,2020-08,10,230,387576.0,377154.44,4.265,700-739,<60%,<20%,IN,Refinance,Primary,Single Family,Servicer_D,Current,0,0,0,0,,2021-06-01,Encompass,Under Exception,Current,0,0,0,0,0,
LN0001220,11,2021-07,2020-08,11,229,387576.0,376091.8,4.265,700-739,<60%,<20%,IN,Refinance,Primary,Single Family,Servicer_D,Current,0,0,0,0,,2021-07-01,Encompass,Under Exception,Current,0,0,0,0,0,
LN0001220,12,2021-08,2020-08,12,228,387576.0,375025.39,4.265,700-739,<60%,<20%,IN,Refinance,Primary,Single Family,Servicer_D,Current,0,0,0,0,,2021-08-01,Encompass,Under Exception,Current,0,0,0,0,0,
LN0001220,13,2021-09,2020-08,13,227,387576.0,373955.19,4.265,700-739,<60%,<20%,IN,Refinance,Primary,Single Family,Servicer_D,Current,0,0,0,0,,2021-09-01,Encompass,Under Exception,Current,0,0,0,0,0,
LN0001220,14,2021-10,2020-08,14,226,387576.0,372881.18,4.265,700-739,<60%,<20%,IN,Refinance,Primary,Single Family,Servicer_D,Current,0,0,0,0,,2021-10-01,Encompass,Under Exception,Current,0,0,0,0,0,
LN0001220,15,2021-11,2020-08,15,225,387576.0,371803.35,4.265,700-739,<60%,<20%,IN,Refinance,Primary,Single Family,Servicer_D,Current,0,0,0,0,,2021-11-01,Encompass,Under Exception,Current,0,0,0,0,0,
LN0001220,16,2021-12,2020-08,16,224,387576.0,370721.7,4.265,700-739,<60%,<20%,IN,Refinance,Primary,Single Family,Servicer_D,Current,0,0,0,0,,2021-12-01,Encompass,Under Exception,Current,0,0,0,0,0,
LN0001220,17,2022-01,2020-08,17,223,387576.0,369636.2,4.265,700-739,<60%,<20%,IN,Refinance,Primary,Single Family,Servicer_D,Current,0,0,0,0,,2022-01-01,Encompass,Under Exception,Current,0,0,0,0,0,
LN0001220,18,2022-02,2020-08,18,222,387576.0,368546.84,4.265,700-739,<60%,<20%,IN,Refinance,Primary,Single Family,Servicer_D,Current,0,0,0,0,,2022-02-01,Encompass,Under Exception,Current,0,0,0,0,0,
LN0001220,19,2022-03,2020-08,19,221,387576.0,367453.61,4.265,700-739,<60%,<20%,IN,Refinance,Primary,Single Family,Servicer_D,Current,0,0,0,0,,2022-03-01,Encompass,Under Exception,Current,0,0,0,0,0,
LN0001220,20,2022-04,2020-08,20,220,387576.0,366356.5,4.265,700-739,<60%,<20%,IN,Refinance,Primary,Single Family,Servicer_D,Current,0,0,0,0,,2022-04-01,Encompass,Under Exception,Current,0,0,0,0,0,
LN0001220,21,2022-05,2020-08,21,219,387576.0,365255.48,4.265,700-739,<60%,<20%,IN,Refinance,Primary,Single Family,Servicer_D,Current,0,0,0,0,,2022-05-01,Encompass,Under Exception,Current,0,0,0,0,0,
LN0001220,22,2022-06,2020-08,22,218,387576.0,364150.56,4.265,700-739,<60%,<20%,IN,Refinance,Primary,Single Family,Servicer_D,Current,0,0,0,0,,2022-06-01,Encompass,Under Exception,Current,0,0,0,0,0,
LN0001220,23,2022-07,2020-08,23,217,387576.0,363041.7,4.265,700-739,<60%,<20%,IN,Refinance,Primary,Single Family,Servicer_D,Current,0,0,0,0,,2022-07-01,Encompass,Under Exception,Current,0,0,0,0,0,
LN0001220,24,2022-08,2020-08,24,216,387576.0,361928.91,4.265,700-739,<60%,<20%,IN,Refinance,Primary,Single Family,Servicer_D,Current,0,0,0,0,,2022-08-01,Encompass,Under Exception,Current,0,0,0,0,0,
LN0001220,25,2022-09,2020-08,25,215,387576.0,360812.16,4.265,700-739,<60%,<20%,IN,Refinance,Primary,Single Family,Servicer_D,Current,0,0,0,0,,2022-09-01,Encompass,Under Exception,Current,0,0,0,0,0,
LN0001220,26,2022-10,2020-08,26,214,387576.0,359691.44,4.265,700-739,<60%,<20%,IN,Refinance,Primary,Single Family,Servicer_D,Current,0,0,0,0,,2022-10-01,Encompass,Under Exception,Current,0,0,0,0,0,
LN0001220,27,2022-11,2020-08,27,213,387576.0,358566.73,4.265,700-739,<60%,<20%,IN,Refinance,Primary,Single Family,Servicer_D,Current,0,0,0,0,,2022-11-01,Encompass,Under Exception,Current,0,0,0,0,0,
LN0001220,28,2022-12,2020-08,28,212,387576.0,357438.03,4.265,700-739,<60%,<20%,IN,Refinance,Primary,Single Family,Servicer_D,Current,0,0,0,0,,2022-12-01,Encompass,Under Exception,Current,0,0,0,0,0,
LN0001225,1,2022-06,2022-05,1,359,118347.0,118134.28,2.728,660-699,80-90%,<20%,VA,Cash-Out Refinance,Primary,Multi-Family,Servicer_A,Current,0,0,0,0,,2022-06-01,CoreLogic,Complete,Current,0,0,0,0,0,
LN0001225,2,2022-07,2022-05,2,358,118347.0,117921.07,2.728,660-699,80-90%,<20%,VA,Cash-Out Refinance,Primary,Multi-Family,Servicer_A,Current,0,0,0,0,,2022-07-01,CoreLogic,Complete,Current,0,0,0,0,0,
LN0001225,3,2022-08,2022-05,3,357,118347.0,117707.39,2.728,660-699,80-90%,<20%,VA,Cash-Out Refinance,Primary,Multi-Family,Servicer_A,Current,224,0,0,0,,2022-08-01,CoreLogic,Complete,Current,0,0,0,0,0,
LN0001225,4,2022-09,2022-05,4,356,118347.0,117493.21,2.728,660-699,80-90%,<20%,VA,Cash-Out Refinance,Primary,Multi-Family,Servicer_A,Current,0,0,0,0,,2022-09-01,CoreLogic,Complete,Current,0,0,0,0,0,
LN0001225,5,2022-10,2022-05,5,355,118347.0,117278.55,2.728,660-699,80-90%,<20%,VA,Cash-Out Refinance,Primary,Multi-Family,Servicer_A,Current,0,0,0,0,,2022-10-01,CoreLogic,Complete,Current,0,0,0,0,0,
LN0001225,6,2022-11,2022-05,6,354,118347.0,117063.4,2.728,660-699,80-90%,<20%,VA,Cash-Out Refinance,Primary,Multi-Family,Servicer_A,Current,0,0,0,0,,2022-11-01,CoreLogic,Complete,Current,0,0,0,0,0,
LN0001225,7,2022-12,2022-05,7,353,118347.0,116847.76,2.728,660-699,80-90%,<20%,VA,Cash-Out Refinance,Primary,Multi-Family,Servicer_A,Current,0,0,0,0,,2022-12-01,CoreLogic,Complete,Current,0,0,0,0,0,
LN0001229,1,2022-01,2021-12,1,179,80502.0,80151.59,3.151,620-659,70-80%,<20%,TN,Refinance,Primary,Townhouse,Servicer_C,Current,0,0,0,0,,2022-01-01,CoreLogic,Complete,Current,0,0,0,0,0,
LN0001229,2,2022-02,2021-12,2,178,80502.0,79800.26,3.151,620-659,70-80%,<20%,TN,Refinance,Primary,Townhouse,Servicer_C,Current,0,0,0,0,,2022-02-01,CoreLogic,Complete,Current,0,0,0,0,0,
LN0001229,3,2022-03,2021-12,3,177,80502.0,79448.0,3.151,620-659,70-80%,<20%,TN,Refinance,Primary,Townhouse,Servicer_C,Current,0,0,0,0,,2022-03-01,CoreLogic,Complete,Current,0,0,0,0,0,
LN0001229,4,2022-04,2021-12,4,176,80502.0,79094.82,3.151,620-659,70-80%,<20%,TN,Refinance,Primary,Townhouse,Servicer_C,Current,0,0,0,0,,2022-04-01,CoreLogic,Complete,Current,0,0,0,0,0,
LN0001229,5,2022-05,2021-12,5,175,80502.0,78740.71,3.151,620-659,70-80%,<20%,TN,Refinance,Primary,Townhouse,Servicer_C,Current,0,0,0,0,,2022-05-01,CoreLogic,Complete,Current,0,0,0,0,0,
LN0001229,6,2022-06,2021-12,6,174,80502.0,78385.68,3.151,620-659,70-80%,<20%,TN,Refinance,Primary,Townhouse,Servicer_C,Current,0,0,0,0,,2022-06-01,CoreLogic,Complete,Current,0,0,0,0,0,
LN0001229,7,2022-07,2021-12,7,173,80502.0,78029.71,3.151,620-659,70-80%,<20%,TN,Refinance,Primary,Townhouse,Servicer_C,Current,0,0,0,0,,2022-07-01,CoreLogic,Complete,Current,0,0,0,0,0,
LN0001229,8,2022-08,2021-12,8,172,80502.0,77672.8,3.151,620-659,70-80%,<20%,TN,Refinance,Primary,Townhouse,Servicer_C,Current,0,0,0,0,,2022-08-01,CoreLogic,Complete,Current,0,0,0,0,0,
LN0001229,9,2022-09,2021-12,9,171,80502.0,77314.96,3.151,620-659,70-80%,<20%,TN,Refinance,Primary,Townhouse,Servicer_C,Current,0,0,0,0,,2022-09-01,CoreLogic,Complete,Current,0,0,0,0,0,
LN0001229,10,2022-10,2021-12,10,170,80502.0,76956.18,3.151,620-659,70-80%,<20%,TN,Refinance,Primary,Townhouse,Servicer_C,Current,0,0,0,0,,2022-10-01,CoreLogic,Complete,Current,0,0,0,0,0,
LN0001229,11,2022-11,2021-12,11,169,80502.0,76596.46,3.151,620-659,70-80%,<20%,TN,Refinance,Primary,Townhouse,Servicer_C,Current,0,0,0,0,,2022-11-01,CoreLogic,Complete,Current,0,0,0,0,0,
LN0001229,12,2022-12,2021-12,12,168,80502.0,76235.79,3.151,620-659,70-80%,<20%,TN,Refinance,Primary,Townhouse,Servicer_C,Current,0,0,0,0,,2022-12-01,CoreLogic,Complete,Current,0,0,0,0,0,
LN0001237,1,2022-09,2022-08,1,359,50000.0,49944.94,5.468,780+,80-90%,20-28%,MO,Home Improvement,Primary,Townhouse,Servicer_C,Current,0,0,0,0,,2022-09-01,CoreLogic,Complete,Current,0,0,0,0,0,
LN0001237,2,2022-10,2022-08,2,358,50000.0,49889.63,5.468,780+,80-90%,20-28%,MO,Home Improvement,Primary,Townhouse,Servicer_C,Current,0,0,0,0,,2022-10-01,CoreLogic,Complete,Current,0,0,0,0,0,
LN0001237,3,2022-11,2022-08,3,357,50000.0,49834.07,5.468,780+,80-90%,20-28%,MO,Home Improvement,Primary,Townhouse,Servicer_C,Current,0,0,0,0,,2022-11-01,CoreLogic,Complete,Current,0,0,0,0,0,
LN0001237,4,2022-12,2022-08,4,356,50000.0,49778.26,5.468,780+,80-90%,20-28%,MO,Home Improvement,Primary,Townhouse,Servicer_C,Current,0,0,0,0,,2022-12-01,CoreLogic,Complete,Current,0,0,0,0,0,
LN0001246,1,2021-11,2021-10,1,239,50000.0,49905.79,7.153,700-739,80-90%,28-36%,IN,Purchase,Investment,Multi-Family,Servicer_C,Current,0,0,0,0,,2021-11-01,Black Knight,Pending Review,Current,0,0,0,0,0,
LN0001246,2,2021-12,2021-10,2,238,50000.0,49811.01,7.153,700-739,80-90%,28-36%,IN,Purchase,Investment,Multi-Family,Servicer_C,Current,0,0,0,0,,2021-12-01,Black Knight,Pending Review,Current,0,0,0,0,0,
LN0001246,3,2022-01,2021-10,3,237,50000.0,49715.67,7.153,700-739,80-90%,28-36%,IN,Purchase,Investment,Multi-Family,Servicer_C,Current,0,0,0,0,,2022-01-01,Black Knight,Pending Review,Current,0,0,0,0,0,
LN0001246,4,2022-02,2021-10,4,236,50000.0,49619.77,7.153,700-739,80-90%,28-36%,IN,Purchase,Investment,Multi-Family,Servicer_C,Current,0,0,0,0,,2022-02-01,Black Knight,Pending Review,Current,0,0,0,0,0,
LN0001246,5,2022-03,2021-10,5,235,50000.0,49523.29,7.153,700-739,80-90%,28-36%,IN,Purchase,Investment,Multi-Family,Servicer_C,Current,0,0,0,0,,2022-03-01,Black Knight,Pending Review,Current,0,0,0,0,0,
LN0001246,6,2022-04,2021-10,6,234,50000.0,49426.23,7.153,700-739,80-90%,28-36%,IN,Purchase,Investment,Multi-Family,Servicer_C,Current,0,0,0,0,,2022-04-01,Black Knight,Pending Review,Current,0,0,0,0,0,
LN0001246,7,2022-05,2021-10,7,233,50000.0,49328.6,7.153,700-739,80-90%,28-36%,IN,Purchase,Investment,Multi-Family,Servicer_C,Current,0,0,0,0,,2022-05-01,Black Knight,Pending Review,Current,0,0,0,0,0,
LN0001246,8,2022-06,2021-10,8,232,50000.0,49230.38,7.153,700-739,80-90%,28-36%,IN,Purchase,Investment,Multi-Family,Servicer_C,Current,0,0,0,0,,2022-06-01,Black Knight,Pending Review,Current,0,0,0,0,0,
LN0001246,9,2022-07,2021-10,9,231,50000.0,49131.58,7.153,700-739,80-90%,28-36%,IN,Purchase,Investment,Multi-Family,Servicer_C,Current,0,0,0,0,,2022-07-01,Black Knight,Pending Review,Current,0,0,0,0,0,
LN0001246,10,2022-08,2021-10,10,230,50000.0,49032.19,7.153,700-739,80-90%,28-36%,IN,Purchase,Investment,Multi-Family,Servicer_C,Current,0,0,0,0,,2022-08-01,Black Knight,Pending Review,Current,0,0,0,0,0,
LN0001246,11,2022-09,2021-10,11,229,50000.0,48932.21,7.153,700-739,80-90%,28-36%,IN,Purchase,Investment,Multi-Family,Servicer_C,Current,0,0,0,0,,2022-09-01,Black Knight,Pending Review,Current,0,0,0,0,0,
LN0001246,12,2022-10,2021-10,12,228,50000.0,48831.63,7.153,700-739,80-90%,28-36%,IN,Purchase,Investment,Multi-Family,Servicer_C,Current,0,0,0,0,,2022-10-01,Black Knight,Pending Review,Current,0,0,0,0,0,
LN0001246,13,2022-11,2021-10,13,227,50000.0,48730.46,7.153,700-739,80-90%,28-36%,IN,Purchase,Investment,Multi-Family,Servicer_C,Current,0,0,0,0,,2022-11-01,Black Knight,Pending Review,Current,0,0,0,0,0,
LN0001246,14,2022-12,2021-10,14,226,50000.0,48628.67,7.153,700-739,80-90%,28-36%,IN,Purchase,Investment,Multi-Family,Servicer_C,Current,0,0,0,0,,2022-12-01,Black Knight,Pending Review,Current,0,0,0,0,0,
LN0001252,1,2022-02,2022-01,1,359,79218.0,79121.99,4.953,620-659,90-95%,>43%,MA,Cash-Out Refinance,Primary,Townhouse,Servicer_B,Current,0,0,0,0,,2022-02-01,Encompass,Under Exception,Current,0,0,0,0,0,
LN0001252,2,2022-03,2022-01,2,358,79218.0,79025.57,4.953,620-659,90-95%,>43%,MA,Cash-Out Refinance,Primary,Townhouse,Servicer_B,Current,0,0,0,0,,2022-03-01,Encompass,Under Exception,Current,0,0,0,0,0,
LN0001252,3,2022-04,2022-01,3,357,79218.0,78928.77,4.953,620-659,90-95%,>43%,MA,Cash-Out Refinance,Primary,Townhouse,Servicer_B,Current,0,0,0,0,,2022-04-01,Encompass,Under Exception,Current,0,0,0,0,0,
LN0001252,4,2022-05,2022-01,4,356,79218.0,78831.56,4.953,620-659,90-95%,>43%,MA,Cash-Out Refinance,Primary,Townhouse,Servicer_B,Current,0,0,0,0,,2022-05-01,Encompass,Under Exception,Current,0,0,0,0,0,
LN0001252,5,2022-06,2022-01,5,355,79218.0,78733.95,4.953,620-659,90-95%,>43%,MA,Cash-Out Refinance,Primary,Townhouse,Servicer_B,Current,0,0,0,0,,2022-06-01,Encompass,Under Exception,Current,0,0,0,0,0,
LN0001252,6,2022-07,2022-01,6,354,79218.0,78635.94,4.953,620-659,90-95%,>43%,MA,Cash-Out Refinance,Primary,Townhouse,Servicer_B,Current,0,0,0,0,,2022-07-01,Encompass,Under Exception,Current,0,0,0,0,0,
LN0001252,7,2022-08,2022-01,7,353,79218.0,78537.52,4.953,620-659,90-95%,>43%,MA,Cash-Out Refinance,Primary,Townhouse,Servicer_B,Current,0,0,0,0,,2022-08-01,Encompass,Under Exception,Current,0,0,0,0,0,
LN0001252,8,2022-09,2022-01,8,352,79218.0,78438.7,4.953,620-659,90-95%,>43%,MA,Cash-Out Refinance,Primary,Townhouse,Servicer_B,Current,0,0,0,0,,2022-09-01,Encompass,Under Exception,Current,0,0,0,0,0,
LN0001252,9,2022-10,2022-01,9,351,79218.0,78339.46,4.953,620-659,90-95%,>43%,MA,Cash-Out Refinance,Primary,Townhouse,Servicer_B,Current,0,0,0,0,,2022-10-01,Encompass,Under Exception,Current,0,0,0,0,0,
LN0001252,10,2022-11,2022-01,10,350,79218.0,78239.82,4.953,620-659,90-95%,>43%,MA,Cash-Out Refinance,Primary,Townhouse,Servicer_B,Current,0,0,0,0,,2022-11-01,Encompass,Under Exception,Current,0,0,0,0,0,
LN0001252,11,2022-12,2022-01,11,349,79218.0,78139.77,4.953,620-659,90-95%,>43%,MA,Cash-Out Refinance,Primary,Townhouse,Servicer_B,Current,0,0,0,0,,2022-12-01,Encompass,Under Exception,Current,0,0,0,0,0,
LN0001275,1,2022-02,2022-01,1,359,148430.0,148427.26,23.436924034380667,740-779,60-70%,20-28%,WI,Cash-Out Refinance,Investment,Multi-Family,Servicer_E,Current,0,0,0,0,,2022-02-01,Ellie Mae,Missing Items,Current,0,0,0,0,0,
LN0001275,2,2022-03,2022-01,2,358,148430.0,148424.46,23.436924034380667,740-779,60-70%,20-28%,WI,Cash-Out Refinance,Investment,Multi-Family,Servicer_E,Current,0,0,0,0,,2022-03-01,Ellie Mae,Missing Items,Current,0,0,0,0,0,
LN0001275,3,2022-04,2022-01,3,357,148430.0,148421.6,23.436924034380667,740-779,60-70%,20-28%,WI,Cash-Out Refinance,Investment,Multi-Family,Servicer_E,Current,0,0,0,0,,2022-04-01,Ellie Mae,Missing Items,Current,0,0,0,0,0,
LN0001275,4,2022-05,2022-01,4,356,148430.0,148418.69,23.436924034380667,740-779,60-70%,20-28%,WI,Cash-Out Refinance,Investment,Multi-Family,Servicer_E,Current,0,0,0,0,,2022-05-01,Ellie Mae,Missing Items,Current,0,0,0,0,0,
LN0001275,5,2022-06,2022-01,5,355,148430.0,148415.73,23.436924034380667,740-779,60-70%,20-28%,WI,Cash-Out Refinance,Investment,Multi-Family,Servicer_E,Current,0,0,0,0,,2022-06-01,Ellie Mae,Missing Items,Current,0,0,0,0,0,
LN0001275,6,2022-07,2022-01,6,354,148430.0,148412.71,23.436924034380667,740-779,60-70%,20-28%,WI,Cash-Out Refinance,Investment,Multi-Family,Servicer_E,Current,0,0,0,0,,2022-07-01,Ellie Mae,Missing Items,Current,0,0,0,0,0,
LN0001275,7,2022-08,2022-01,7,353,148430.0,148409.62,23.436924034380667,740-779,60-70%,20-28%,WI,Cash-Out Refinance,Investment,Multi-Family,Servicer_E,Current,0,0,0,0,,2022-08-01,Ellie Mae,Missing Items,Current,0,0,0,0,0,
LN0001275,8,2022-09,2022-01,8,352,148430.0,148406.48,23.436924034380667,740-779,60-70%,20-28%,WI,Cash-Out Refinance,Investment,Multi-Family,Servicer_E,Current,0,0,0,0,,2022-09-01,Ellie Mae,Missing Items,Current,0,0,0,0,0,
LN0001275,9,2022-10,2022-01,9,351,148430.0,148403.28,23.436924034380667,740-779,60-70%,20-28%,WI,Cash-Out Refinance,Investment,Multi-Family,Servicer_E,Current,0,0,0,0,,2022-10-01,Ellie Mae,Missing Items,Current,0,0,0,0,0,
LN0001275,10,2022-11,2022-01,10,350,148430.0,148400.01,23.436924034380667,740-779,60-70%,20-28%,WI,Cash-Out Refinance,Investment,Multi-Family,Servicer_E,Current,0,0,0,0,,2022-11-01,Ellie Mae,Missing Items,Current,0,0,0,0,0,
LN0001275,11,2022-12,2022-01,11,349,148430.0,148396.68,23.436924034380667,740-779,60-70%,20-28%,WI,Cash-Out Refinance,Investment,Multi-Family,Servicer_E,Current,0,0,0,0,,2022-12-01,Ellie Mae,Missing Items,Current,0,0,0,0,0,
LN0001290,1,2022-03,2022-02,1,359,63692.0,63614.99,4.966,740-779,90-95%,28-36%,MI,Purchase,Primary,Condo,Servicer_E,Current,0,0,0,0,,2022-03-01,Black Knight,Pending Review,Current,0,0,0,0,0,
LN0001290,2,2022-04,2022-02,2,358,63692.0,63537.66,4.966,740-779,90-95%,28-36%,MI,Purchase,Primary,Condo,Servicer_E,Current,0,0,0,0,,2022-04-01,Black Knight,Pending Review,Current,0,0,0,0,0,
LN0001290,3,2022-05,2022-02,3,357,63692.0,63460.01,4.966,740-779,90-95%,28-36%,MI,Purchase,Primary,Condo,Servicer_E,Current,0,0,0,0,,2022-05-01,Black Knight,Pending Review,Current,0,0,0,0,0,
LN0001290,4,2022-06,2022-02,4,356,63692.0,63382.04,4.966,740-779,90-95%,28-36%,MI,Purchase,Primary,Condo,Servicer_E,Current,0,0,0,0,,2022-06-01,Black Knight,Pending Review,Current,0,0,0,0,0,
LN0001290,5,2022-07,2022-02,5,355,63692.0,63303.74,4.966,740-779,90-95%,28-36%,MI,Purchase,Primary,Condo,Servicer_E,Current,0,0,0,0,,2022-07-01,Black Knight,Pending Review,Current,0,0,0,0,0,
LN0001290,6,2022-08,2022-02,6,354,63692.0,63225.12,4.966,740-779,90-95%,28-36%,MI,Purchase,Primary,Condo,Servicer_E,Current,0,0,0,0,,2022-08-01,Black Knight,Pending Review,Current,0,0,0,0,0,
LN0001290,7,2022-09,2022-02,7,353,63692.0,63146.18,4.966,740-779,90-95%,28-36%,MI,Purchase,Primary,Condo,Servicer_E,Current,0,0,0,0,,2022-09-01,Black Knight,Pending Review,Current,0,0,0,0,0,
LN0001290,8,2022-10,2022-02,8,352,63692.0,63066.91,4.966,740-779,90-95%,28-36%,MI,Purchase,Primary,Condo,Servicer_E,Current,0,0,0,0,,2022-10-01,Black Knight,Pending Review,Current,0,0,0,0,0,
LN0001290,9,2022-11,2022-02,9,351,63692.0,62987.31,4.966,740-779,90-95%,28-36%,MI,Purchase,Primary,Condo,Servicer_E,Current,0,0,0,0,,2022-11-01,Black Knight,Pending Review,Current,0,0,0,0,0,
LN0001290,10,2022-12,2022-02,10,350,63692.0,62907.38,4.966,740-779,90-95%,28-36%,MI,Purchase,Primary,Condo,Servicer_E,Current,0,0,0,0,,2022-12-01,Black Knight,Pending Review,Current,0,0,0,0,0,
LN0001324,1,2022-08,2022-07,1,239,143212.0,142854.77,4.783,700-739,80-90%,<20%,GA,Purchase,Primary,Single Family,Servicer_A,Current,0,0,0,0,,2022-08-01,Encompass,Under Exception,Current,0,0,0,0,0,
LN0001324,2,2022-09,2022-07,2,238,143212.0,142496.11,4.783,700-739,80-90%,<20%,GA,Purchase,Primary,Single Family,Servicer_A,Current,0,0,0,0,,2022-09-01,Encompass,Under Exception,Current,0,0,0,0,0,
LN0001324,3,2022-10,2022-07,3,237,143212.0,142136.02,4.783,700-739,80-90%,<20%,GA,Purchase,Primary,Single Family,Servicer_A,Current,0,0,0,0,,2022-10-01,Encompass,Under Exception,Current,0,0,0,0,0,
LN0001324,4,2022-11,2022-07,4,236,143212.0,141774.5,4.783,700-739,80-90%,<20%,GA,Purchase,Primary,Single Family,Servicer_A,Current,0,0,0,0,,2022-11-01,Encompass,Under Exception,Current,0,0,0,0,0,
LN0001324,5,2022-12,2022-07,5,235,143212.0,141411.54,4.783,700-739,80-90%,<20%,GA,Purchase,Primary,Single Family,Servicer_A,Current,0,0,0,0,,2022-12-01,Encompass,Under Exception,Current,0,0,0,0,0,
LN0001356,1,2022-09,2022-08,1,359,182292.0,182106.96,5.898,740-779,70-80%,20-28%,MA,Cash-Out Refinance,Primary,Multi-Family,Servicer_B,Current,0,0,0,0,,2022-09-01,Encompass,Under Exception,Current,0,0,0,0,0,
LN0001356,2,2022-10,2022-08,2,358,182292.0,181921.01,5.898,740-779,70-80%,20-28%,MA,Cash-Out Refinance,Primary,Multi-Family,Servicer_B,Current,0,0,0,0,,2022-10-01,Encompass,Under Exception,Current,0,0,0,0,0,
LN0001356,3,2022-11,2022-08,3,357,182292.0,181734.14,5.898,740-779,70-80%,20-28%,MA,Cash-Out Refinance,Primary,Multi-Family,Servicer_B,Current,0,0,0,0,,2022-11-01,Encompass,Under Exception,Current,0,0,0,0,0,
LN0001356,4,2022-12,2022-08,4,356,182292.0,181546.36,5.898,740-779,70-80%,20-28%,MA,Cash-Out Refinance,Primary,Multi-Family,Servicer_B,Current,0,0,0,0,,2022-12-01,Encompass,Under Exception,Current,0,0,0,0,0,
LN0001377,1,2022-02,2022-01,1,239,168419.0,167948.46,3.782,780+,80-90%,20-28%,TX,Refinance,Primary,Townhouse,Servicer_D,Current,0,0,0,0,,2022-02-01,CoreLogic,Complete,Current,0,0,0,0,0,
LN0001377,2,2022-03,2022-01,2,238,168419.0,167476.43,3.782,780+,80-90%,20-28%,TX,Refinance,Primary,Townhouse,Servicer_D,Current,0,0,0,0,,2022-03-01,CoreLogic,Complete,Current,0,0,0,0,0,
LN0001377,3,2022-04,2022-01,3,237,168419.0,167002.92,3.782,780+,80-90%,20-28%,TX,Refinance,Primary,Townhouse,Servicer_D,Current,0,0,0,0,,2022-04-01,CoreLogic,Complete,Current,0,0,0,0,0,
LN0001377,4,2022-05,2022-01,4,236,168419.0,166527.91,3.782,780+,80-90%,20-28%,TX,Refinance,Primary,Townhouse,Servicer_D,Current,0,0,0,0,,2022-05-01,CoreLogic,Complete,Current,0,0,0,0,0,
LN0001377,5,2022-06,2022-01,5,235,168419.0,166051.41,3.782,780+,80-90%,20-28%,TX,Refinance,Primary,Townhouse,Servicer_D,Current,0,0,0,0,,2022-06-01,CoreLogic,Complete,Current,0,0,0,0,0,
LN0001377,6,2022-07,2022-01,6,234,168419.0,165573.4,3.782,780+,80-90%,20-28%,TX,Refinance,Primary,Townhouse,Servicer_D,Current,0,0,0,0,,2022-07-01,CoreLogic,Complete,Current,0,0,0,0,0,
LN0001377,7,2022-08,2022-01,7,233,168419.0,165093.89,3.782,780+,80-90%,20-28%,TX,Refinance,Primary,Townhouse,Servicer_D,Current,0,0,0,0,,2022-08-01,CoreLogic,Complete,Current,0,0,0,0,0,
LN0001377,8,2022-09,2022-01,8,232,168419.0,164612.87,3.782,780+,80-90%,20-28%,TX,Refinance,Primary,Townhouse,Servicer_D,Current,0,0,0,0,,2022-09-01,CoreLogic,Complete,Current,0,0,0,0,0,
LN0001377,9,2022-10,2022-01,9,231,168419.0,164130.33,3.782,780+,80-90%,20-28%,TX,Refinance,Primary,Townhouse,Servicer_D,Current,0,0,0,0,,2022-10-01,CoreLogic,Complete,Current,0,0,0,0,0,
LN0001377,10,2022-11,2022-01,10,230,168419.0,163646.27,3.782,780+,80-90%,20-28%,TX,Refinance,Primary,Townhouse,Servicer_D,Current,0,0,0,0,,2022-11-01,CoreLogic,Complete,Current,0,0,0,0,0,
LN0001377,11,2022-12,2022-01,11,229,168419.0,163160.69,3.782,780+,80-90%,20-28%,TX,Refinance,Primary,Townhouse,Servicer_D,Current,0,0,0,0,,2022-12-01,CoreLogic,Complete,Current,0,0,0,0,0,
LN0001382,1,2020-10,2020-09,1,359,285355.0,284899.04,3.413,740-779,60-70%,20-28%,NY,Purchase,Primary,Single Family,Servicer_E,Current,0,0,0,0,,2020-10-01,Black Knight,Pending Review,Current,0,0,0,0,0,
LN0001382,2,2020-11,2020-09,2,358,285355.0,284441.79,3.413,740-779,60-70%,20-28%,NY,Purchase,Primary,Single Family,Servicer_E,Current,0,0,0,0,,2020-11-01,Black Knight,Pending Review,Current,0,0,0,0,0,
LN0001382,3,2020-12,2020-09,3,357,285355.0,283983.24,3.413,740-779,60-70%,20-28%,NY,Purchase,Primary,Single Family,Servicer_E,Current,0,0,0,0,,2020-12-01,Black Knight,Pending Review,Current,0,0,0,0,0,
LN0001382,4,2021-01,2020-09,4,356,285355.0,283523.38,3.413,740-779,60-70%,20-28%,NY,Purchase,Primary,Single Family,Servicer_E,Current,0,0,0,0,,2021-01-01,Black Knight,Pending Review,Current,0,0,0,0,0,
LN0001382,5,2021-02,2020-09,5,355,285355.0,283062.21,3.413,740-779,60-70%,20-28%,NY,Purchase,Primary,Single Family,Servicer_E,Current,0,0,0,0,,2021-02-01,Black Knight,Pending Review,Current,0,0,0,0,0,
LN0001382,6,2021-03,2020-09,6,354,285355.0,282599.73,3.413,740-779,60-70%,20-28%,NY,Purchase,Primary,Single Family,Servicer_E,Current,0,0,0,0,,2021-03-01,Black Knight,Pending Review,Current,0,0,0,0,0,
LN0001382,7,2021-04,2020-09,7,353,285355.0,282135.94,3.413,740-779,60-70%,20-28%,NY,Purchase,Primary,Single Family,Servicer_E,Current,0,0,0,0,,2021-04-01,Black Knight,Pending Review,Current,0,0,0,0,0,
LN0001382,8,2021-05,2020-09,8,352,285355.0,281670.83,3.413,740-779,60-70%,20-28%,NY,Purchase,Primary,Single Family,Servicer_E,Current,0,0,0,0,,2021-05-01,Black Knight,Pending Review,Current,0,0,0,0,0,
LN0001382,9,2021-06,2020-09,9,351,285355.0,281204.4,3.413,740-779,60-70%,20-28%,NY,Purchase,Primary,Single Family,Servicer_E,Current,0,0,0,0,,2021-06-01,Black Knight,Pending Review,Current,0,0,0,0,0,
LN0001382,10,2021-07,2020-09,10,350,285355.0,280736.63,3.413,740-779,60-70%,20-28%,NY,Purchase,Primary,Single Family,Servicer_E,Current,0,0,0,0,,2021-07-01,Black Knight,Pending Review,Current,0,0,0,0,0,
LN0001382,11,2021-08,2020-09,11,349,285355.0,280267.54,3.413,740-779,60-70%,20-28%,NY,Purchase,Primary,Single Family,Servicer_E,Current,0,0,0,0,,2021-08-01,Black Knight,Pending Review,Current,0,0,0,0,0,
LN0001382,12,2021-09,2020-09,12,348,285355.0,279797.12,3.413,740-779,60-70%,20-28%,NY,Purchase,Primary,Single Family,Servicer_E,Current,0,0,0,0,,2021-09-01,Black Knight,Pending Review,Current,0,0,0,0,0,
LN0001382,13,2021-10,2020-09,13,347,285355.0,279325.35,3.413,740-779,60-70%,20-28%,NY,Purchase,Primary,Single Family,Servicer_E,Current,0,0,0,0,,2021-10-01,Black Knight,Pending Review,Current,0,0,0,0,0,
LN0001382,14,2021-11,2020-09,14,346,285355.0,278852.25,3.413,740-779,60-70%,20-28%,NY,Purchase,Primary,Single Family,Servicer_E,Current,0,0,0,0,,2021-11-01,Black Knight,Pending Review,Current,0,0,0,0,0,
LN0001382,15,2021-12,2020-09,15,345,285355.0,278377.79,3.413,740-779,60-70%,20-28%,NY,Purchase,Primary,Single Family,Servicer_E,Current,0,0,0,0,,2021-12-01,Black Knight,Pending Review,Current,0,0,0,0,0,
LN0001382,16,2022-01,2020-09,16,344,285355.0,277901.99,3.413,740-779,60-70%,20-28%,NY,Purchase,Primary,Single Family,Servicer_E,Current,0,0,0,0,,2022-01-01,Black Knight,Pending Review,Current,0,0,0,0,0,
LN0001382,17,2022-02,2020-09,17,343,285355.0,277424.84,3.413,740-779,60-70%,20-28%,NY,Purchase,Primary,Single Family,Servicer_E,Current,0,0,0,0,,2022-02-01,Black Knight,Pending Review,Current,0,0,0,0,0,
LN0001382,18,2022-03,2020-09,18,342,285355.0,276946.33,3.413,740-779,60-70%,20-28%,NY,Purchase,Primary,Single Family,Servicer_E,Current,0,0,0,0,,2022-03-01,Black Knight,Pending Review,Current,0,0,1,0,0,
LN0001382,19,2022-04,2020-09,19,341,285355.0,608226.2,3.413,740-779,60-70%,20-28%,NY,Purchase,Primary,Single Family,Servicer_E,Current,0,0,0,0,,2022-04-01,Black Knight,Pending Review,Current,0,0,1,0,1,Valuation Discrepancy
LN0001382,20,2022-05,2020-09,20,340,285355.0,275985.22,3.413,740-779,60-70%,20-28%,NY,Purchase,Primary,Single Family,Servicer_E,Current,0,0,0,0,,2022-05-01,Black Knight,Pending Review,Current,0,0,1,0,0,
LN0001382,21,2022-06,2020-09,21,339,285355.0,275502.61,3.413,740-779,60-70%,20-28%,NY,Purchase,Primary,Single Family,Servicer_E,Current,0,0,0,0,,2022-06-01,Black Knight,Pending Review,Current,0,0,1,0,0,
LN0001382,22,2022-07,2020-09,22,338,285355.0,275018.63,3.413,740-779,60-70%,20-28%,NY,Purchase,Primary,Single Family,Servicer_E,Current,0,0,0,0,,2022-07-01,Black Knight,Pending Review,Current,0,0,1,0,0,
LN0001382,23,2022-08,2020-09,23,337,285355.0,274533.28,3.413,740-779,60-70%,20-28%,NY,Purchase,Primary,Single Family,Servicer_E,Current,0,0,0,0,,2022-08-01,Black Knight,Pending Review,Current,0,0,1,0,0,
LN0001382,24,2022-09,2020-09,24,336,285355.0,274046.54,3.413,740-779,60-70%,20-28%,NY,Purchase,Primary,Single Family,Servicer_E,Current,0,0,0,0,,2022-09-01,Black Knight,Pending Review,Current,0,1,1,0,0,
LN0001382,25,2022-10,2020-09,25,335,285355.0,273558.43,3.413,740-779,60-70%,20-28%,NY,Purchase,Primary,Single Family,Servicer_E,Current,0,0,0,0,,2022-10-01,Black Knight,Pending Review,Current,0,1,1,0,0,
LN0001382,26,2022-11,2020-09,26,334,285355.0,273068.92,3.413,740-779,60-70%,20-28%,NY,Purchase,Primary,Single Family,Servicer_E,Current,0,0,0,0,,2022-11-01,Black Knight,Pending Review,Current,0,1,1,0,0,
LN0001382,27,2022-12,2020-09,27,333,285355.0,272578.02,3.413,740-779,60-70%,20-28%,NY,Purchase,Primary,Single Family,Servicer_E,Current,0,0,0,0,,2022-12-01,Black Knight,Pending Review,Current,1,1,1,0,0,
LN0001392,1,2022-10,2022-09,1,359,66041.0,65957.67,4.734,660-699,90-95%,20-28%,VA,Home Improvement,Primary,Multi-Family,Servicer_A,Current,0,0,0,0,,2022-10-01,Encompass,Under Exception,Current,0,0,0,0,0,
LN0001392,2,2022-11,2022-09,2,358,66041.0,65874.01,4.734,660-699,90-95%,20-28%,VA,Home Improvement,Primary,Multi-Family,Servicer_A,Current,0,0,0,0,,2022-11-01,Encompass,Under Exception,Current,0,0,0,0,0,
LN0001392,3,2022-12,2022-09,3,357,66041.0,65790.01,4.734,660-699,90-95%,20-28%,VA,Home Improvement,Primary,Multi-Family,Servicer_A,Current,0,0,0,0,,2022-12-01,Encompass,Under Exception,Current,0,0,0,0,0,
LN0001409,1,2021-10,2021-09,1,359,50000.0,49916.78,3.178,660-699,<60%,20-28%,WA,Home Improvement,Investment,Condo,Servicer_A,Current,0,0,0,0,,2021-10-01,CoreLogic,Complete,Current,0,0,0,0,0,
LN0001409,2,2021-11,2021-09,2,358,50000.0,49833.35,3.178,660-699,<60%,20-28%,WA,Home Improvement,Investment,Condo,Servicer_A,Current,0,0,0,0,,2021-11-01,CoreLogic,Complete,Current,0,0,0,0,0,
LN0001409,3,2021-12,2021-09,3,357,50000.0,49749.69,3.178,660-699,<60%,20-28%,WA,Home Improvement,Investment,Condo,Servicer_A,Current,0,0,0,0,,2021-12-01,CoreLogic,Complete,Current,0,0,0,0,0,
LN0001409,4,2022-01,2021-09,4,356,50000.0,49665.81,3.178,660-699,<60%,20-28%,WA,Home Improvement,Investment,Condo,Servicer_A,Current,0,0,0,0,,2022-01-01,CoreLogic,Complete,Current,0,0,0,0,0,
LN0001409,5,2022-02,2021-09,5,355,50000.0,49581.71,3.178,660-699,<60%,20-28%,WA,Home Improvement,Investment,Condo,Servicer_A,Current,0,0,0,0,,2022-02-01,CoreLogic,Complete,Current,0,0,0,0,0,
LN0001409,6,2022-03,2021-09,6,354,50000.0,49497.39,3.178,660-699,<60%,20-28%,WA,Home Improvement,Investment,Condo,Servicer_A,Current,0,0,0,0,,2022-03-01,CoreLogic,Complete,Current,0,0,0,0,0,
LN0001409,7,2022-04,2021-09,7,353,50000.0,49412.84,3.178,660-699,<60%,20-28%,WA,Home Improvement,Investment,Condo,Servicer_A,Current,0,0,0,0,,2022-04-01,CoreLogic,Complete,Current,0,0,0,0,0,
LN0001409,8,2022-05,2021-09,8,352,50000.0,49328.07,3.178,660-699,<60%,20-28%,WA,Home Improvement,Investment,Condo,Servicer_A,Current,0,0,0,0,,2022-05-01,CoreLogic,Complete,Current,0,0,0,0,0,
LN0001409,9,2022-06,2021-09,9,351,50000.0,49243.08,3.178,660-699,<60%,20-28%,WA,Home Improvement,Investment,Condo,Servicer_A,Current,0,0,0,0,,2022-06-01,CoreLogic,Complete,Current,0,0,0,0,0,
LN0001409,10,2022-07,2021-09,10,350,50000.0,49157.86,3.178,660-699,<60%,20-28%,WA,Home Improvement,Investment,Condo,Servicer_A,Current,0,0,0,0,,2022-07-01,CoreLogic,Complete,Current,0,0,0,0,0,
LN0001409,11,2022-08,2021-09,11,349,50000.0,49072.41,3.178,660-699,<60%,20-28%,WA,Home Improvement,Investment,Condo,Servicer_A,Current,0,0,0,0,,2022-08-01,CoreLogic,Complete,Current,0,0,0,0,0,
LN0001409,12,2022-09,2021-09,12,348,50000.0,48986.74,3.178,660-699,<60%,20-28%,WA,Home Improvement,Investment,Condo,Servicer_A,Current,0,0,0,0,,2022-09-01,CoreLogic,Complete,Current,0,0,0,0,0,
LN0001409,13,2022-10,2021-09,13,347,50000.0,48900.84,3.178,660-699,<60%,20-28%,WA,Home Improvement,Investment,Condo,Servicer_A,Current,0,0,0,0,,2022-10-01,CoreLogic,Complete,Current,0,0,0,0,0,
LN0001409,14,2022-11,2021-09,14,346,50000.0,48814.71,3.178,660-699,<60%,20-28%,WA,Home Improvement,Investment,Condo,Servicer_A,Current,0,0,0,0,,2022-11-01,CoreLogic,Complete,Current,0,0,0,0,0,
LN0001409,15,2022-12,2021-09,15,345,50000.0,48728.36,3.178,660-699,<60%,20-28%,WA,Home Improvement,Investment,Condo,Servicer_A,Current,0,0,0,0,,2022-12-01,CoreLogic,Complete,Current,0,0,0,0,0,
LN0001412,1,2021-10,2021-09,1,359,108340.0,108198.06,4.528,660-699,70-80%,20-28%,NY,Purchase,Primary,Single Family,Servicer_D,Current,0,0,0,0,,2021-10-01,Encompass,Under Exception,Current,0,0,0,0,0,
LN0001412,2,2021-11,2021-09,2,358,108340.0,108055.58,4.528,660-699,70-80%,20-28%,NY,Purchase,Primary,Single Family,Servicer_D,Current,0,0,0,0,,2021-11-01,Encompass,Under Exception,Current,0,0,0,0,0,
LN0001412,3,2021-12,2021-09,3,357,108340.0,107912.56,4.528,660-699,70-80%,20-28%,NY,Purchase,Primary,Single Family,Servicer_D,Current,0,0,0,0,,2021-12-01,Encompass,Under Exception,Current,0,0,0,0,0,
LN0001412,4,2022-01,2021-09,4,356,108340.0,107769.0,4.528,660-699,70-80%,20-28%,NY,Purchase,Primary,Single Family,Servicer_D,Current,0,0,0,0,,2022-01-01,Encompass,Under Exception,Current,0,0,0,0,0,
LN0001412,5,2022-02,2021-09,5,355,108340.0,107624.9,4.528,660-699,70-80%,20-28%,NY,Purchase,Primary,Single Family,Servicer_D,Current,0,0,0,0,,2022-02-01,Encompass,Under Exception,Current,0,0,0,0,0,
LN0001412,6,2022-03,2021-09,6,354,108340.0,107480.26,4.528,660-699,70-80%,20-28%,NY,Purchase,Primary,Single Family,Servicer_D,Current,0,0,0,0,,2022-03-01,Encompass,Under Exception,Current,0,0,0,0,0,
LN0001412,7,2022-04,2021-09,7,353,108340.0,107335.07,4.528,660-699,70-80%,20-28%,NY,Purchase,Primary,Single Family,Servicer_D,Current,0,0,0,0,,2022-04-01,Encompass,Under Exception,Current,0,0,0,0,0,
LN0001412,8,2022-05,2021-09,8,352,108340.0,107189.34,4.528,660-699,70-80%,20-28%,NY,Purchase,Primary,Single Family,Servicer_D,Current,0,0,0,0,,2022-05-01,Encompass,Under Exception,Current,0,0,0,0,0,
LN0001412,9,2022-06,2021-09,9,351,108340.0,107043.05,4.528,660-699,70-80%,20-28%,NY,Purchase,Primary,Single Family,Servicer_D,Current,0,0,0,0,,2022-06-01,Encompass,Under Exception,Current,0,0,0,0,0,
LN0001412,10,2022-07,2021-09,10,350,108340.0,106896.22,4.528,660-699,70-80%,20-28%,NY,Purchase,Primary,Single Family,Servicer_D,Current,0,0,0,0,,2022-07-01,Encompass,Under Exception,Current,0,0,0,0,0,
LN0001412,11,2022-08,2021-09,11,349,108340.0,106748.82,4.528,660-699,70-80%,20-28%,NY,Purchase,Primary,Single Family,Servicer_D,Current,0,0,0,0,,2022-08-01,Encompass,Under Exception,Current,0,0,0,0,0,
LN0001412,12,2022-09,2021-09,12,348,108340.0,106600.88,4.528,660-699,70-80%,20-28%,NY,Purchase,Primary,Single Family,Servicer_D,Current,0,0,0,0,,2022-09-01,Encompass,Under Exception,Current,0,0,0,0,0,
LN0001412,13,2022-10,2021-09,13,347,108340.0,106452.37,4.528,660-699,70-80%,20-28%,NY,Purchase,Primary,Single Family,Servicer_D,Current,0,0,0,0,,2022-10-01,Encompass,Under Exception,Current,0,0,0,0,0,
LN0001412,14,2022-11,2021-09,14,346,108340.0,106303.3,4.528,660-699,70-80%,20-28%,NY,Purchase,Primary,Single Family,Servicer_D,Current,0,0,0,0,,2022-11-01,Encompass,Under Exception,Current,0,0,0,0,0,
LN0001412,15,2022-12,2021-09,15,345,108340.0,106153.67,4.528,660-699,70-80%,20-28%,NY,Purchase,Primary,Single Family,Servicer_D,Current,0,0,0,0,,2022-12-01,Encompass,Under Exception,Current,0,0,0,0,0,
LN0001413,1,2022-12,2022-11,1,359,134638.0,134424.74,3.463,780+,80-90%,36-43%,TX,Purchase,Second Home,Condo,Servicer_A,Current,0,0,0,0,,2022-12-01,CoreLogic,Complete,Current,0,0,0,0,0,
LN0001437,1,2022-04,2022-03,1,179,109237.0,108886.18,6.795,700-739,80-90%,28-36%,VA,Purchase,Primary,Single Family,Servicer_A,Current,0,0,0,0,,2022-04-01,CoreLogic,Complete,Current,0,0,0,0,0,
LN0001437,2,2022-05,2022-03,2,178,109237.0,108533.37,6.795,700-739,80-90%,28-36%,VA,Purchase,Primary,Single Family,Servicer_A,Current,0,0,0,0,,2022-05-01,CoreLogic,Complete,Current,0,0,0,0,0,
LN0001437,3,2022-06,2022-03,3,177,109237.0,108178.56,6.795,700-739,80-90%,28-36%,VA,Purchase,Primary,Single Family,Servicer_A,Current,0,0,0,0,,2022-06-01,CoreLogic,Complete,Current,0,0,0,0,0,
LN0001437,4,2022-07,2022-03,4,176,109237.0,107821.75,6.795,700-739,80-90%,28-36%,VA,Purchase,Primary,Single Family,Servicer_A,Current,0,0,0,0,,2022-07-01,CoreLogic,Complete,Current,0,0,0,0,0,
LN0001437,5,2022-08,2022-03,5,175,109237.0,107462.91,6.795,700-739,80-90%,28-36%,VA,Purchase,Primary,Single Family,Servicer_A,Current,0,0,0,0,,2022-08-01,CoreLogic,Complete,Current,0,0,0,0,0,
LN0001437,6,2022-09,2022-03,6,174,109237.0,107102.05,6.795,700-739,80-90%,28-36%,VA,Purchase,Primary,Single Family,Servicer_A,Current,0,0,0,0,,2022-09-01,CoreLogic,Complete,Current,0,0,0,0,0,
LN0001437,7,2022-10,2022-03,7,173,109237.0,106739.14,6.795,700-739,80-90%,28-36%,VA,Purchase,Primary,Single Family,Servicer_A,Current,0,0,0,0,,2022-10-01,CoreLogic,Complete,Current,0,0,0,0,0,
LN0001437,8,2022-11,2022-03,8,172,109237.0,106374.17,6.795,700-739,80-90%,28-36%,VA,Purchase,Primary,Single Family,Servicer_A,Current,0,0,0,0,,2022-11-01,CoreLogic,Complete,Current,0,0,0,0,0,
LN0001437,9,2022-12,2022-03,9,171,109237.0,106007.14,6.795,700-739,80-90%,28-36%,VA,Purchase,Primary,Single Family,Servicer_A,Current,0,0,0,0,,2022-12-01,CoreLogic,Complete,Current,0,0,0,0,0,
LN0001444,1,2022-02,2022-01,1,239,55343.0,55185.77,3.632,780+,70-80%,<20%,CA,Home Improvement,Primary,Single Family,Servicer_D,Current,0,0,0,0,,2022-02-01,Encompass,Under Exception,Current,0,0,0,0,0,
LN0001444,2,2022-03,2022-01,2,238,55343.0,55028.07,3.632,780+,70-80%,<20%,CA,Home Improvement,Primary,Single Family,Servicer_D,Current,0,0,0,0,,2022-03-01,Encompass,Under Exception,Current,0,0,0,0,0,
LN0001444,3,2022-04,2022-01,3,237,55343.0,54869.88,3.632,780+,70-80%,<20%,CA,Home Improvement,Primary,Single Family,Servicer_D,Current,0,0,0,0,,2022-04-01,Encompass,Under Exception,Current,0,0,0,0,0,
LN0001444,4,2022-05,2022-01,4,236,55343.0,54711.22,3.632,780+,70-80%,<20%,CA,Home Improvement,Primary,Single Family,Servicer_D,Current,0,0,0,0,,2022-05-01,Encompass,Under Exception,Current,0,0,0,0,0,
LN0001444,5,2022-06,2022-01,5,235,55343.0,54552.08,3.632,780+,70-80%,<20%,CA,Home Improvement,Primary,Single Family,Servicer_D,Current,0,0,0,0,,2022-06-01,Encompass,Under Exception,Current,0,0,0,0,0,
LN0001444,6,2022-07,2022-01,6,234,55343.0,54392.46,3.632,780+,70-80%,<20%,CA,Home Improvement,Primary,Single Family,Servicer_D,Current,0,0,0,0,,2022-07-01,Encompass,Under Exception,Current,0,0,0,0,0,
LN0001444,7,2022-08,2022-01,7,233,55343.0,54232.35,3.632,780+,70-80%,<20%,CA,Home Improvement,Primary,Single Family,Servicer_D,Current,0,0,0,0,,2022-08-01,Encompass,Under Exception,Current,0,0,0,0,0,
LN0001444,8,2022-09,2022-01,8,232,55343.0,54071.76,3.632,780+,70-80%,<20%,CA,Home Improvement,Primary,Single Family,Servicer_D,Current,0,0,0,0,,2022-09-01,Encompass,Under Exception,Current,0,0,0,0,0,
LN0001444,9,2022-10,2022-01,9,231,55343.0,53910.69,3.632,780+,70-80%,<20%,CA,Home Improvement,Primary,Single Family,Servicer_D,Current,0,0,0,0,,2022-10-01,Encompass,Under Exception,Current,0,0,0,0,0,
LN0001444,10,2022-11,2022-01,10,230,55343.0,53749.12,3.632,780+,70-80%,<20%,CA,Home Improvement,Primary,Single Family,Servicer_D,Current,0,0,0,0,,2022-11-01,Encompass,Under Exception,Current,0,0,0,0,0,
LN0001444,11,2022-12,2022-01,11,229,55343.0,53587.07,3.632,780+,70-80%,<20%,CA,Home Improvement,Primary,Single Family,Servicer_D,Current,0,0,0,0,,2022-12-01,Encompass,Under Exception,Current,0,0,0,0,0,
LN0001461,1,2022-01,2021-12,1,359,159155.0,158989.08,5.758,740-779,80-90%,20-28%,MA,Refinance,Investment,Condo,Servicer_D,Current,0,0,0,0,,2022-01-01,CoreLogic,Complete,Current,0,0,0,0,0,
LN0001461,2,2022-02,2021-12,2,358,159155.0,158822.37,5.758,740-779,80-90%,20-28%,MA,Refinance,Investment,Condo,Servicer_D,Current,0,0,0,0,,2022-02-01,CoreLogic,Complete,Current,0,0,0,0,0,
LN0001461,3,2022-03,2021-12,3,357,159155.0,158654.86,5.758,740-779,80-90%,20-28%,MA,Refinance,Investment,Condo,Servicer_D,Current,0,0,0,0,,2022-03-01,CoreLogic,Complete,Current,0,0,0,0,0,
LN0001461,4,2022-04,2021-12,4,356,159155.0,158486.55,5.758,740-779,80-90%,20-28%,MA,Refinance,Investment,Condo,Servicer_D,Current,0,0,0,0,,2022-04-01,CoreLogic,Complete,Current,0,0,0,0,0,
LN0001461,5,2022-05,2021-12,5,355,159155.0,158317.42,5.758,740-779,80-90%,20-28%,MA,Refinance,Investment,Condo,Servicer_D,Current,0,0,0,0,,2022-05-01,CoreLogic,Complete,Current,0,0,0,0,0,
LN0001461,6,2022-06,2021-12,6,354,159155.0,158147.49,5.758,740-779,80-90%,20-28%,MA,Refinance,Investment,Condo,Servicer_D,Current,0,0,0,0,,2022-06-01,CoreLogic,Complete,Current,0,0,0,0,0,
LN0001461,7,2022-07,2021-12,7,353,159155.0,157976.74,5.758,740-779,80-90%,20-28%,MA,Refinance,Investment,Condo,Servicer_D,Current,0,0,0,0,,2022-07-01,CoreLogic,Complete,Current,0,0,0,0,0,
LN0001461,8,2022-08,2021-12,8,352,159155.0,157805.17,5.758,740-779,80-90%,20-28%,MA,Refinance,Investment,Condo,Servicer_D,Current,0,0,0,0,,2022-08-01,CoreLogic,Complete,Current,0,0,0,0,0,
LN0001461,9,2022-09,2021-12,9,351,159155.0,157632.78,5.758,740-779,80-90%,20-28%,MA,Refinance,Investment,Condo,Servicer_D,Current,0,0,0,0,,2022-09-01,CoreLogic,Complete,Current,0,0,0,0,0,
LN0001461,10,2022-10,2021-12,10,350,159155.0,157459.56,5.758,740-779,80-90%,20-28%,MA,Refinance,Investment,Condo,Servicer_D,Current,0,0,0,0,,2022-10-01,CoreLogic,Complete,Current,0,0,0,0,0,
LN0001461,11,2022-11,2021-12,11,349,159155.0,157285.51,5.758,740-779,80-90%,20-28%,MA,Refinance,Investment,Condo,Servicer_D,Current,0,0,0,0,,2022-11-01,CoreLogic,Complete,Current,0,0,0,0,0,
LN0001461,12,2022-12,2021-12,12,348,159155.0,157110.62,5.758,740-779,80-90%,20-28%,MA,Refinance,Investment,Condo,Servicer_D,Current,0,0,0,0,,2022-12-01,CoreLogic,Complete,Current,0,0,0,0,0,
LN0001463,1,2021-01,2020-12,1,359,175454.0,175191.14,3.78,700-739,70-80%,36-43%,NC,Refinance,Primary,Single Family,Servicer_E,Current,0,0,0,0,,2021-01-01,Ellie Mae,Missing Items,Current,0,0,0,0,0,
LN0001463,2,2021-02,2020-12,2,358,175454.0,174927.44,3.78,700-739,70-80%,36-43%,NC,Refinance,Primary,Single Family,Servicer_E,Current,0,0,0,0,,2021-02-01,Ellie Mae,Missing Items,Current,0,0,0,0,0,
LN0001463,3,2021-03,2020-12,3,357,175454.0,174662.92,3.78,700-739,70-80%,36-43%,NC,Refinance,Primary,Single Family,Servicer_E,Current,0,0,0,0,,2021-03-01,Ellie Mae,Missing Items,Current,0,0,0,0,0,
LN0001463,4,2021-04,2020-12,4,356,175454.0,174397.56,3.78,700-739,70-80%,36-43%,NC,Refinance,Primary,Single Family,Servicer_E,Current,0,0,0,0,,2021-04-01,Ellie Mae,Missing Items,Current,0,0,0,0,0,
LN0001463,5,2021-05,2020-12,5,355,175454.0,174131.37,3.78,700-739,70-80%,36-43%,NC,Refinance,Primary,Single Family,Servicer_E,Current,0,0,0,0,,2021-05-01,Ellie Mae,Missing Items,Current,0,0,0,0,0,
LN0001463,6,2021-06,2020-12,6,354,175454.0,173864.34,3.78,700-739,70-80%,36-43%,NC,Refinance,Primary,Single Family,Servicer_E,Current,0,0,0,0,,2021-06-01,Ellie Mae,Missing Items,Current,0,0,0,0,0,
LN0001463,7,2021-07,2020-12,7,353,175454.0,173596.47,3.78,700-739,70-80%,36-43%,NC,Refinance,Primary,Single Family,Servicer_E,Current,0,0,0,0,,2021-07-01,Ellie Mae,Missing Items,Current,0,0,0,0,0,
LN0001463,8,2021-08,2020-12,8,352,175454.0,173327.75,3.78,700-739,70-80%,36-43%,NC,Refinance,Primary,Single Family,Servicer_E,Current,0,0,0,0,,2021-08-01,Ellie Mae,Missing Items,Current,0,0,0,0,0,
LN0001463,9,2021-09,2020-12,9,351,175454.0,173058.19,3.78,700-739,70-80%,36-43%,NC,Refinance,Primary,Single Family,Servicer_E,Current,0,0,0,0,,2021-09-01,Ellie Mae,Missing Items,Current,0,0,0,0,0,
LN0001463,10,2021-10,2020-12,10,350,175454.0,172787.78,3.78,700-739,70-80%,36-43%,NC,Refinance,Primary,Single Family,Servicer_E,Current,0,0,0,0,,2021-10-01,Ellie Mae,Missing Items,Current,0,0,0,0,0,
LN0001463,11,2021-11,2020-12,11,349,175454.0,172516.52,3.78,700-739,70-80%,36-43%,NC,Refinance,Primary,Single Family,Servicer_E,Current,0,0,0,0,,2021-11-01,Ellie Mae,Missing Items,Current,0,0,0,0,0,
LN0001463,12,2021-12,2020-12,12,348,175454.0,172244.4,3.78,700-739,70-80%,36-43%,NC,Refinance,Primary,Single Family,Servicer_E,Current,0,0,0,0,,2021-12-01,Ellie Mae,Missing Items,Current,0,0,0,0,0,
LN0001463,13,2022-01,2020-12,13,347,175454.0,171971.43,3.78,700-739,70-80%,36-43%,NC,Refinance,Primary,Single Family,Servicer_E,Current,0,0,0,0,,2022-01-01,Ellie Mae,Missing Items,Current,0,0,0,0,0,
LN0001463,14,2022-02,2020-12,14,346,175454.0,171697.59,3.78,700-739,70-80%,36-43%,NC,Refinance,Primary,Single Family,Servicer_E,Current,0,0,0,0,,2022-02-01,Ellie Mae,Missing Items,Current,0,0,0,0,0,
LN0001463,15,2022-03,2020-12,15,345,175454.0,171422.89,3.78,700-739,70-80%,36-43%,NC,Refinance,Primary,Single Family,Servicer_E,Current,0,0,0,0,,2022-03-01,Ellie Mae,Missing Items,Current,0,0,0,0,0,
LN0001463,16,2022-04,2020-12,16,344,175454.0,171147.33,3.78,700-739,70-80%,36-43%,NC,Refinance,Primary,Single Family,Servicer_E,Current,0,0,0,0,,2022-04-01,Ellie Mae,Missing Items,Current,0,0,0,0,0,
LN0001463,17,2022-05,2020-12,17,343,175454.0,170870.9,3.78,700-739,70-80%,36-43%,NC,Refinance,Primary,Single Family,Servicer_E,Current,0,0,0,0,,2022-05-01,Ellie Mae,Missing Items,Current,0,0,0,0,0,
LN0001463,18,2022-06,2020-12,18,342,175454.0,170593.6,3.78,700-739,70-80%,36-43%,NC,Refinance,Primary,Single Family,Servicer_E,Current,0,0,0,0,,2022-06-01,Ellie Mae,Missing Items,Current,0,0,0,0,0,
LN0001463,19,2022-07,2020-12,19,341,175454.0,170315.43,3.78,700-739,70-80%,36-43%,NC,Refinance,Primary,Single Family,Servicer_E,Current,0,0,0,0,,2022-07-01,Ellie Mae,Missing Items,Current,0,0,0,0,0,
LN0001463,20,2022-08,2020-12,20,340,175454.0,170036.37,3.78,700-739,70-80%,36-43%,NC,Refinance,Primary,Single Family,Servicer_E,Current,0,0,0,0,,2022-08-01,Ellie Mae,Missing Items,Current,0,0,0,0,0,
LN0001463,21,2022-09,2020-12,21,339,175454.0,169756.44,3.78,700-739,70-80%,36-43%,NC,Refinance,Primary,Single Family,Servicer_E,Current,0,0,0,0,,2022-09-01,Ellie Mae,Missing Items,Current,0,0,0,0,0,
LN0001463,22,2022-10,2020-12,22,338,175454.0,169475.63,3.78,700-739,70-80%,36-43%,NC,Refinance,Primary,Single Family,Servicer_E,Current,0,0,0,0,,2022-10-01,Ellie Mae,Missing Items,Current,0,0,0,0,0,
LN0001463,23,2022-11,2020-12,23,337,175454.0,169193.94,3.78,700-739,70-80%,36-43%,NC,Refinance,Primary,Single Family,Servicer_E,Current,0,0,0,0,,2022-11-01,Ellie Mae,Missing Items,Current,0,0,0,0,0,
LN0001463,24,2022-12,2020-12,24,336,175454.0,168911.35,3.78,700-739,70-80%,36-43%,NC,Refinance,Primary,Single Family,Servicer_E,Current,0,0,0,0,,2022-12-01,Ellie Mae,Missing Items,Current,0,0,0,0,0,
LN0001505,1,2021-10,2021-09,1,359,99478.0,99304.5,2.905,700-739,70-80%,36-43%,MD,Refinance,Primary,Manufactured,Servicer_B,Current,0,0,0,0,,2021-10-01,CoreLogic,Complete,Current,0,0,0,0,0,
LN0001505,2,2021-11,2021-09,2,358,99478.0,99130.57,2.905,700-739,70-80%,36-43%,MD,Refinance,Primary,Manufactured,Servicer_B,Current,0,0,0,0,,2021-11-01,CoreLogic,Complete,Current,0,0,0,0,0,
LN0001505,3,2021-12,2021-09,3,357,99478.0,98956.23,2.905,700-739,70-80%,36-43%,MD,Refinance,Primary,Manufactured,Servicer_B,Current,0,0,0,0,,2021-12-01,CoreLogic,Complete,Current,0,0,0,0,0,
LN0001505,4,2022-01,2021-09,4,356,99478.0,98781.46,2.905,700-739,70-80%,36-43%,MD,Refinance,Primary,Manufactured,Servicer_B,Current,0,0,0,0,,2022-01-01,CoreLogic,Complete,Current,0,0,0,0,0,
LN0001505,5,2022-02,2021-09,5,355,99478.0,98606.27,2.905,700-739,70-80%,36-43%,MD,Refinance,Primary,Manufactured,Servicer_B,Current,0,0,0,0,,2022-02-01,CoreLogic,Complete,Current,0,0,0,0,0,
LN0001505,6,2022-03,2021-09,6,354,99478.0,98430.66,2.905,700-739,70-80%,36-43%,MD,Refinance,Primary,Manufactured,Servicer_B,Current,0,0,0,0,,2022-03-01,CoreLogic,Complete,Current,0,0,0,0,0,
LN0001505,7,2022-04,2021-09,7,353,99478.0,98254.62,2.905,700-739,70-80%,36-43%,MD,Refinance,Primary,Manufactured,Servicer_B,Current,0,0,0,0,,2022-04-01,CoreLogic,Complete,Current,0,0,0,0,0,
LN0001505,8,2022-05,2021-09,8,352,99478.0,98078.15,2.905,700-739,70-80%,36-43%,MD,Refinance,Primary,Manufactured,Servicer_B,Current,0,0,0,0,,2022-05-01,CoreLogic,Complete,Current,0,0,0,0,0,
LN0001505,9,2022-06,2021-09,9,351,99478.0,97901.26,2.905,700-739,70-80%,36-43%,MD,Refinance,Primary,Manufactured,Servicer_B,Current,0,0,0,0,,2022-06-01,CoreLogic,Complete,Current,0,0,0,0,0,
LN0001505,10,2022-07,2021-09,10,350,99478.0,97723.94,2.905,700-739,70-80%,36-43%,MD,Refinance,Primary,Manufactured,Servicer_B,Current,0,0,0,0,,2022-07-01,CoreLogic,Complete,Current,0,0,0,0,0,
LN0001505,11,2022-08,2021-09,11,349,99478.0,97546.19,2.905,700-739,70-80%,36-43%,MD,Refinance,Primary,Manufactured,Servicer_B,Current,0,0,0,0,,2022-08-01,CoreLogic,Complete,Current,0,0,0,0,0,
LN0001505,12,2022-09,2021-09,12,348,99478.0,97368.01,2.905,700-739,70-80%,36-43%,MD,Refinance,Primary,Manufactured,Servicer_B,Current,0,0,0,0,,2022-09-01,CoreLogic,Complete,Current,0,0,0,0,0,
LN0001505,13,2022-10,2021-09,13,347,99478.0,97189.39,2.905,700-739,70-80%,36-43%,MD,Refinance,Primary,Manufactured,Servicer_B,Current,0,0,0,0,,2022-10-01,CoreLogic,Complete,Current,0,0,0,0,0,
LN0001505,14,2022-11,2021-09,14,346,99478.0,97010.35,2.905,700-739,70-80%,36-43%,MD,Refinance,Primary,Manufactured,Servicer_B,Current,0,0,0,0,,2022-11-01,CoreLogic,Complete,Current,0,1,0,0,0,
LN0001505,15,2022-12,2021-09,15,345,99478.0,96830.87,2.905,700-739,70-80%,36-43%,MD,Refinance,Primary,Manufactured,Servicer_B,Current,0,0,0,0,,2022-12-01,CoreLogic,Complete,Current,0,1,0,0,0,
LN0001511,1,2022-09,2022-08,1,359,189529.0,189259.65,4.077,660-699,<60%,20-28%,WI,Purchase,Primary,Condo,Servicer_B,Current,0,0,0,0,,2022-09-01,Ellie Mae,Missing Items,Current,0,0,0,0,0,
LN0001511,2,2022-10,2022-08,2,358,189529.0,188989.39,4.077,660-699,<60%,20-28%,WI,Purchase,Primary,Condo,Servicer_B,Current,0,0,0,0,,2022-10-01,Ellie Mae,Missing Items,Current,0,0,0,0,0,
LN0001511,3,2022-11,2022-08,3,357,189529.0,188718.2,4.077,660-699,<60%,20-28%,WI,Purchase,Primary,Condo,Servicer_B,Current,0,0,0,0,,2022-11-01,Ellie Mae,Missing Items,Current,0,0,0,0,0,
LN0001511,4,2022-12,2022-08,4,356,189529.0,188446.1,4.077,660-699,<60%,20-28%,WI,Purchase,Primary,Condo,Servicer_B,Current,0,0,0,0,,2022-12-01,Ellie Mae,Missing Items,Current,0,0,0,0,0,
LN0001529,1,2020-03,2020-02,1,359,66268.0,66177.94,4.326,700-739,80-90%,<20%,VA,Purchase,Primary,Manufactured,Servicer_D,Current,0,0,0,0,,2020-03-01,CoreLogic,Complete,Current,0,0,0,0,0,
LN0001529,2,2020-04,2020-02,2,358,66268.0,66087.56,4.326,700-739,80-90%,<20%,VA,Purchase,Primary,Manufactured,Servicer_D,Current,0,0,0,0,,2020-04-01,CoreLogic,Complete,Current,0,0,0,0,0,
LN0001529,3,2020-05,2020-02,3,357,66268.0,65996.85,4.326,700-739,80-90%,<20%,VA,Purchase,Primary,Manufactured,Servicer_D,Current,0,0,0,0,,2020-05-01,CoreLogic,Complete,Current,0,0,0,0,0,
LN0001529,4,2020-06,2020-02,4,356,66268.0,65905.82,4.326,700-739,80-90%,<20%,VA,Purchase,Primary,Manufactured,Servicer_D,Current,0,0,0,0,,2020-06-01,CoreLogic,Complete,Current,0,0,0,0,0,
LN0001529,5,2020-07,2020-02,5,355,66268.0,65814.45,4.326,700-739,80-90%,<20%,VA,Purchase,Primary,Manufactured,Servicer_D,Current,0,0,0,0,,2020-07-01,CoreLogic,Complete,Current,0,0,0,0,0,
LN0001529,6,2020-08,2020-02,6,354,66268.0,65722.76,4.326,700-739,80-90%,<20%,VA,Purchase,Primary,Manufactured,Servicer_D,Current,0,0,0,0,,2020-08-01,CoreLogic,Complete,Current,0,0,0,0,0,
LN0001529,7,2020-09,2020-02,7,353,66268.0,65630.74,4.326,700-739,80-90%,<20%,VA,Purchase,Primary,Manufactured,Servicer_D,Current,0,0,0,0,,2020-09-01,CoreLogic,Complete,Current,0,0,0,0,0,
LN0001529,8,2020-10,2020-02,8,352,66268.0,65538.38,4.326,700-739,80-90%,<20%,VA,Purchase,Primary,Manufactured,Servicer_D,Current,0,0,0,0,,2020-10-01,CoreLogic,Complete,Current,0,0,0,0,0,
LN0001529,9,2020-11,2020-02,9,351,66268.0,65445.69,4.326,700-739,80-90%,<20%,VA,Purchase,Primary,Manufactured,Servicer_D,Current,0,0,0,0,,2020-11-01,CoreLogic,Complete,Current,0,0,0,0,0,
LN0001529,10,2020-12,2020-02,10,350,66268.0,65352.67,4.326,700-739,80-90%,<20%,VA,Purchase,Primary,Manufactured,Servicer_D,Current,0,0,0,0,,2020-12-01,CoreLogic,Complete,Current,0,0,0,0,0,
LN0001529,11,2021-01,2020-02,11,349,66268.0,65259.31,4.326,700-739,80-90%,<20%,VA,Purchase,Primary,Manufactured,Servicer_D,Current,0,0,0,0,,2021-01-01,CoreLogic,Complete,Current,0,0,0,0,0,
LN0001529,12,2021-02,2020-02,12,348,66268.0,65165.62,4.326,700-739,80-90%,<20%,VA,Purchase,Primary,Manufactured,Servicer_D,Current,0,0,0,0,,2021-02-01,CoreLogic,Complete,Current,0,0,0,0,0,
LN0001529,13,2021-03,2020-02,13,347,66268.0,65071.59,4.326,700-739,80-90%,<20%,VA,Purchase,Primary,Manufactured,Servicer_D,Current,0,0,0,0,,2021-03-01,CoreLogic,Complete,Current,0,0,0,0,0,
LN0001529,14,2021-04,2020-02,14,346,66268.0,64977.22,4.326,700-739,80-90%,<20%,VA,Purchase,Primary,Manufactured,Servicer_D,Current,0,0,0,0,,2021-04-01,CoreLogic,Complete,Current,0,0,0,0,0,
LN0001529,15,2021-05,2020-02,15,345,66268.0,64882.51,4.326,700-739,80-90%,<20%,VA,Purchase,Primary,Manufactured,Servicer_D,Current,0,0,0,0,,2021-05-01,CoreLogic,Complete,Current,0,0,0,0,0,
LN0001529,16,2021-06,2020-02,16,344,66268.0,64787.45,4.326,700-739,80-90%,<20%,VA,Purchase,Primary,Manufactured,Servicer_D,Current,0,0,0,0,,2021-06-01,CoreLogic,Complete,Current,0,0,0,0,0,
LN0001529,17,2021-07,2020-02,17,343,66268.0,64692.06,4.326,700-739,80-90%,<20%,VA,Purchase,Primary,Manufactured,Servicer_D,Current,0,0,0,0,,2021-07-01,CoreLogic,Complete,Current,0,0,0,0,0,
LN0001529,18,2021-08,2020-02,18,342,66268.0,64596.32,4.326,700-739,80-90%,<20%,VA,Purchase,Primary,Manufactured,Servicer_D,Current,0,0,0,0,,2021-08-01,CoreLogic,Complete,Current,0,0,0,0,0,
LN0001529,19,2021-09,2020-02,19,341,66268.0,64500.24,4.326,700-739,80-90%,<20%,VA,Purchase,Primary,Manufactured,Servicer_D,Current,0,0,0,0,,2021-09-01,CoreLogic,Complete,Current,0,0,0,0,0,
LN0001529,20,2021-10,2020-02,20,340,66268.0,64403.8,4.326,700-739,80-90%,<20%,VA,Purchase,Primary,Manufactured,Servicer_D,Current,0,0,0,0,,2021-10-01,CoreLogic,Complete,Current,0,0,0,0,0,
LN0001529,21,2021-11,2020-02,21,339,66268.0,64307.03,4.326,700-739,80-90%,<20%,VA,Purchase,Primary,Manufactured,Servicer_D,Current,0,0,0,0,,2021-11-01,CoreLogic,Complete,Current,0,0,0,0,0,
LN0001529,22,2021-12,2020-02,22,338,66268.0,64209.9,4.326,700-739,80-90%,<20%,VA,Purchase,Primary,Manufactured,Servicer_D,Current,0,0,0,0,,2021-12-01,CoreLogic,Complete,Current,0,0,0,0,0,
LN0001529,23,2022-01,2020-02,23,337,66268.0,64112.42,4.326,700-739,80-90%,<20%,VA,Purchase,Primary,Manufactured,Servicer_D,Current,0,0,0,0,,2022-01-01,CoreLogic,Complete,Current,0,0,0,0,0,
LN0001529,24,2022-02,2020-02,24,336,66268.0,64014.59,4.326,700-739,80-90%,<20%,VA,Purchase,Primary,Manufactured,Servicer_D,Current,0,0,0,0,,2022-02-01,CoreLogic,Complete,Current,0,0,0,0,0,
LN0001529,25,2022-03,2020-02,25,335,66268.0,63916.41,4.326,700-739,80-90%,<20%,VA,Purchase,Primary,Manufactured,Servicer_D,Current,0,0,0,0,,2022-03-01,CoreLogic,Complete,Current,0,0,0,0,0,
LN0001529,26,2022-04,2020-02,26,334,66268.0,63817.88,4.326,700-739,80-90%,<20%,VA,Purchase,Primary,Manufactured,Servicer_D,Current,0,0,0,0,,2022-04-01,CoreLogic,Complete,Current,0,0,0,0,0,
LN0001529,27,2022-05,2020-02,27,333,66268.0,63718.99,4.326,700-739,80-90%,<20%,VA,Purchase,Primary,Manufactured,Servicer_D,Current,0,0,0,0,,2022-05-01,CoreLogic,Complete,Current,0,0,0,0,0,
LN0001529,28,2022-06,2020-02,28,332,66268.0,63619.74,4.326,700-739,80-90%,<20%,VA,Purchase,Primary,Manufactured,Servicer_D,Current,0,0,0,0,,2022-06-01,CoreLogic,Complete,Current,0,0,0,0,0,
LN0001529,29,2022-07,2020-02,29,331,66268.0,63520.13,4.326,700-739,80-90%,<20%,VA,Purchase,Primary,Manufactured,Servicer_D,Current,0,0,0,0,,2022-07-01,CoreLogic,Complete,Current,0,0,0,0,0,
LN0001529,30,2022-08,2020-02,30,330,66268.0,63420.17,4.326,700-739,80-90%,<20%,VA,Purchase,Primary,Manufactured,Servicer_D,Current,0,0,0,0,,2022-08-01,CoreLogic,Complete,Current,0,0,0,0,0,
LN0001529,31,2022-09,2020-02,31,329,66268.0,63319.85,4.326,700-739,80-90%,<20%,VA,Purchase,Primary,Manufactured,Servicer_D,Current,0,0,0,0,,2022-09-01,CoreLogic,Complete,Current,0,0,0,0,0,
LN0001529,32,2022-10,2020-02,32,328,66268.0,63219.16,4.326,700-739,80-90%,<20%,VA,Purchase,Primary,Manufactured,Servicer_D,Current,0,0,0,0,,2022-10-01,CoreLogic,Complete,Current,0,0,0,0,0,
LN0001529,33,2022-11,2020-02,33,327,66268.0,63118.11,4.326,700-739,80-90%,<20%,VA,Purchase,Primary,Manufactured,Servicer_D,Current,0,0,0,0,,2022-11-01,CoreLogic,Complete,Current,0,0,0,0,0,
LN0001529,34,2022-12,2020-02,34,326,66268.0,63016.7,4.326,700-739,80-90%,<20%,VA,Purchase,Primary,Manufactured,Servicer_D,Current,0,0,0,0,,2022-12-01,CoreLogic,Complete,Current,0,0,0,0,0,
LN0001543,1,2020-12,2020-11,1,359,263490.0,263086.8,3.66,620-659,80-90%,>43%,MD,Purchase,Primary,Multi-Family,Servicer_A,Current,0,0,0,0,,2020-12-01,Ellie Mae,Missing Items,30-59 DPD,1,1,0,0,0,
LN0001543,2,2021-01,2020-11,2,358,263490.0,262682.37,3.66,620-659,80-90%,>43%,MD,Purchase,Primary,Multi-Family,Servicer_A,30-59 DPD,0,0,0,0,,2021-01-01,Ellie Mae,Missing Items,60-89 DPD,1,1,0,0,0,
LN0001543,3,2021-02,2020-11,3,357,263490.0,262276.7,3.66,620-659,80-90%,>43%,MD,Purchase,Primary,Multi-Family,Servicer_A,60-89 DPD,30,0,0,0,,2021-02-01,Ellie Mae,Missing Items,90+ DPD,1,1,0,0,0,
LN0001543,4,2021-03,2020-11,4,356,263490.0,261869.8,3.66,620-659,80-90%,>43%,MD,Purchase,Primary,Multi-Family,Servicer_A,90+ DPD,60,0,0,0,,2021-03-01,Ellie Mae,Missing Items,90+ DPD,1,1,0,0,0,
LN0001543,5,2021-04,2020-11,5,355,263490.0,261461.66,3.66,620-659,80-90%,>43%,MD,Purchase,Primary,Multi-Family,Servicer_A,90+ DPD,120,0,0,0,,2021-04-01,Ellie Mae,Missing Items,90+ DPD,1,1,0,0,0,
LN0001543,6,2021-05,2020-11,6,354,263490.0,261052.27,3.66,620-659,80-90%,>43%,MD,Purchase,Primary,Multi-Family,Servicer_A,90+ DPD,120,0,0,0,,2021-05-01,Ellie Mae,Missing Items,90+ DPD,1,1,0,0,0,
LN0001543,7,2021-06,2020-11,7,353,263490.0,260641.63,3.66,620-659,80-90%,>43%,MD,Purchase,Primary,Multi-Family,Servicer_A,90+ DPD,120,0,0,0,,2021-06-01,Ellie Mae,Missing Items,90+ DPD,1,1,0,0,0,
LN0001543,8,2021-07,2020-11,8,352,263490.0,260229.74,3.66,620-659,80-90%,>43%,MD,Purchase,Primary,Multi-Family,Servicer_A,90+ DPD,120,1,0,0,,2021-07-01,Ellie Mae,Missing Items,90+ DPD,1,1,0,0,1,Missing Document
LN0001543,9,2021-08,2020-11,9,351,263490.0,259816.6,3.66,620-659,80-90%,>43%,MD,Purchase,Primary,Multi-Family,Servicer_A,90+ DPD,120,1,0,0,,2021-08-01,Ellie Mae,Missing Items,90+ DPD,1,1,0,0,1,Missing Document
LN0001543,10,2021-09,2020-11,10,350,263490.0,259402.19,3.66,620-659,80-90%,>43%,MD,Purchase,Primary,Multi-Family,Servicer_A,90+ DPD,120,1,0,0,,2021-09-01,Ellie Mae,Missing Items,90+ DPD,1,1,0,0,1,Missing Document
LN0001543,11,2021-10,2020-11,11,349,263490.0,258986.52,3.66,620-659,80-90%,>43%,MD,Purchase,Primary,Multi-Family,Servicer_A,90+ DPD,120,1,0,0,,2021-10-01,Ellie Mae,Missing Items,90+ DPD,1,1,0,0,1,Missing Document
LN0001543,12,2021-11,2020-11,12,348,263490.0,258569.58,3.66,620-659,80-90%,>43%,MD,Purchase,Primary,Multi-Family,Servicer_A,90+ DPD,120,1,0,0,,2021-11-01,Ellie Mae,Missing Items,90+ DPD,1,1,0,0,1,Missing Document
LN0001543,13,2021-12,2020-11,13,347,263490.0,258151.38,3.66,620-659,80-90%,>43%,MD,Purchase,Primary,Multi-Family,Servicer_A,90+ DPD,120,1,0,0,,2021-12-01,Ellie Mae,Missing Items,90+ DPD,1,1,0,0,1,Missing Document
LN0001543,14,2022-01,2020-11,14,346,263490.0,257731.89,3.66,620-659,80-90%,>43%,MD,Purchase,Primary,Multi-Family,Servicer_A,90+ DPD,120,1,0,0,,2022-01-01,Ellie Mae,Missing Items,90+ DPD,1,1,0,0,1,Missing Document
LN0001543,15,2022-02,2020-11,15,345,263490.0,257311.13,3.66,620-659,80-90%,>43%,MD,Purchase,Primary,Multi-Family,Servicer_A,90+ DPD,120,1,0,0,,2022-02-01,Ellie Mae,Missing Items,90+ DPD,1,1,0,0,1,Missing Document
LN0001543,16,2022-03,2020-11,16,344,263490.0,256889.08,3.66,620-659,80-90%,>43%,MD,Purchase,Primary,Multi-Family,Servicer_A,90+ DPD,120,1,0,0,,2022-03-01,Ellie Mae,Missing Items,90+ DPD,1,1,0,0,1,Missing Document
LN0001543,17,2022-04,2020-11,17,343,263490.0,256465.75,3.66,620-659,80-90%,>43%,MD,Purchase,Primary,Multi-Family,Servicer_A,90+ DPD,120,1,0,0,,2022-04-01,Ellie Mae,Missing Items,90+ DPD,1,1,0,0,1,Missing Document
LN0001543,18,2022-05,2020-11,18,342,263490.0,256041.12,3.66,620-659,80-90%,>43%,MD,Purchase,Primary,Multi-Family,Servicer_A,90+ DPD,120,1,0,0,,2022-05-01,Ellie Mae,Missing Items,90+ DPD,1,1,0,0,1,Missing Document
LN0001543,19,2022-06,2020-11,19,341,263490.0,255615.2,3.66,620-659,80-90%,>43%,MD,Purchase,Primary,Multi-Family,Servicer_A,90+ DPD,120,1,0,0,,2022-06-01,Ellie Mae,Missing Items,90+ DPD,1,1,0,0,1,Missing Document
LN0001543,20,2022-07,2020-11,20,340,263490.0,255187.98,3.66,620-659,80-90%,>43%,MD,Purchase,Primary,Multi-Family,Servicer_A,90+ DPD,120,1,0,0,,2022-07-01,Ellie Mae,Missing Items,90+ DPD,1,1,0,0,1,Missing Document
LN0001543,21,2022-08,2020-11,21,339,263490.0,254759.46,3.66,620-659,80-90%,>43%,MD,Purchase,Primary,Multi-Family,Servicer_A,90+ DPD,120,1,0,0,,2022-08-01,Ellie Mae,Missing Items,90+ DPD,1,1,0,0,1,Missing Document
LN0001543,22,2022-09,2020-11,22,338,263490.0,254329.63,3.66,620-659,80-90%,>43%,MD,Purchase,Primary,Multi-Family,Servicer_A,90+ DPD,120,1,0,0,,2022-09-01,Ellie Mae,Missing Items,90+ DPD,1,1,0,0,1,Missing Document
LN0001543,23,2022-10,2020-11,23,337,263490.0,253898.49,3.66,620-659,80-90%,>43%,MD,Purchase,Primary,Multi-Family,Servicer_A,90+ DPD,120,1,0,0,,2022-10-01,Ellie Mae,Missing Items,90+ DPD,1,1,0,0,1,Missing Document
LN0001543,24,2022-11,2020-11,24,336,263490.0,253466.03,3.66,620-659,80-90%,>43%,MD,Purchase,Primary,Multi-Family,Servicer_A,90+ DPD,120,1,0,0,,2022-11-01,Ellie Mae,Missing Items,90+ DPD,1,1,0,0,1,Missing Document
LN0001543,25,2022-12,2020-11,25,335,263490.0,253032.26,3.66,620-659,80-90%,>43%,MD,Purchase,Primary,Multi-Family,Servicer_A,90+ DPD,120,1,0,0,,2022-12-01,Ellie Mae,Missing Items,90+ DPD,1,1,0,0,1,Missing Document
LN0001573,1,2021-04,2021-03,1,359,257074.0,256783.61,5.332,740-779,80-90%,20-28%,FL,Refinance,Investment,Townhouse,Servicer_C,Current,0,0,0,0,,2021-04-01,CoreLogic,Complete,Current,0,0,0,0,0,
LN0001573,2,2021-05,2021-03,2,358,257074.0,256491.93,5.332,740-779,80-90%,20-28%,FL,Refinance,Investment,Townhouse,Servicer_C,Current,0,0,0,0,,2021-05-01,CoreLogic,Complete,Current,0,0,0,0,0,
LN0001573,3,2021-06,2021-03,3,357,257074.0,256198.95,5.332,740-779,80-90%,20-28%,FL,Refinance,Investment,Townhouse,Servicer_C,Current,0,0,0,0,,2021-06-01,CoreLogic,Complete,Current,0,0,0,0,0,
LN0001573,4,2021-07,2021-03,4,356,257074.0,255904.67,5.332,740-779,80-90%,20-28%,FL,Refinance,Investment,Townhouse,Servicer_C,Current,0,0,0,0,,2021-07-01,CoreLogic,Complete,Current,0,0,0,0,0,
LN0001573,5,2021-08,2021-03,5,355,257074.0,255609.08,5.332,740-779,80-90%,20-28%,FL,Refinance,Investment,Townhouse,Servicer_C,Current,0,0,0,0,,2021-08-01,CoreLogic,Complete,Current,0,0,0,0,0,
LN0001573,6,2021-09,2021-03,6,354,257074.0,255312.18,5.332,740-779,80-90%,20-28%,FL,Refinance,Investment,Townhouse,Servicer_C,Current,0,0,0,0,,2021-09-01,CoreLogic,Complete,Current,0,0,0,0,0,
LN0001573,7,2021-10,2021-03,7,353,257074.0,255013.96,5.332,740-779,80-90%,20-28%,FL,Refinance,Investment,Townhouse,Servicer_C,Current,0,0,0,0,,2021-10-01,CoreLogic,Complete,Current,0,0,0,0,0,
LN0001573,8,2021-11,2021-03,8,352,257074.0,254714.42,5.332,740-779,80-90%,20-28%,FL,Refinance,Investment,Townhouse,Servicer_C,Current,0,0,0,0,,2021-11-01,CoreLogic,Complete,Current,0,0,0,0,0,
LN0001573,9,2021-12,2021-03,9,351,257074.0,254413.54,5.332,740-779,80-90%,20-28%,FL,Refinance,Investment,Townhouse,Servicer_C,Current,0,0,0,0,,2021-12-01,CoreLogic,Complete,Current,0,0,0,0,0,
LN0001573,10,2022-01,2021-03,10,350,257074.0,254111.33,5.332,740-779,80-90%,20-28%,FL,Refinance,Investment,Townhouse,Servicer_C,Current,0,0,0,0,,2022-01-01,CoreLogic,Complete,Current,0,0,0,0,0,
LN0001573,11,2022-02,2021-03,11,349,257074.0,253807.78,5.332,740-779,80-90%,20-28%,FL,Refinance,Investment,Townhouse,Servicer_C,Current,0,0,0,0,,2022-02-01,CoreLogic,Complete,Current,0,0,0,0,0,
LN0001573,12,2022-03,2021-03,12,348,257074.0,253502.87,5.332,740-779,80-90%,20-28%,FL,Refinance,Investment,Townhouse,Servicer_C,Current,0,0,0,0,,2022-03-01,CoreLogic,Complete,Current,0,0,0,0,0,
LN0001573,13,2022-04,2021-03,13,347,257074.0,253196.61,5.332,740-779,80-90%,20-28%,FL,Refinance,Investment,Townhouse,Servicer_C,Current,0,0,0,0,,2022-04-01,CoreLogic,Complete,Current,0,0,0,0,0,
LN0001573,14,2022-05,2021-03,14,346,257074.0,252888.99,5.332,740-779,80-90%,20-28%,FL,Refinance,Investment,Townhouse,Servicer_C,Current,0,0,0,0,,2022-05-01,CoreLogic,Complete,Current,0,0,0,0,0,
LN0001573,15,2022-06,2021-03,15,345,257074.0,252580.01,5.332,740-779,80-90%,20-28%,FL,Refinance,Investment,Townhouse,Servicer_C,Current,0,0,0,0,,2022-06-01,CoreLogic,Complete,Current,0,0,0,0,0,
LN0001573,16,2022-07,2021-03,16,344,257074.0,252269.65,5.332,740-779,80-90%,20-28%,FL,Refinance,Investment,Townhouse,Servicer_C,Current,0,0,0,0,,2022-07-01,CoreLogic,Complete,Current,0,0,0,0,0,
LN0001573,17,2022-08,2021-03,17,343,257074.0,251957.91,5.332,740-779,80-90%,20-28%,FL,Refinance,Investment,Townhouse,Servicer_C,Current,0,0,0,0,,2022-08-01,CoreLogic,Complete,Current,0,0,0,0,0,
LN0001573,18,2022-09,2021-03,18,342,257074.0,251644.78,5.332,740-779,80-90%,20-28%,FL,Refinance,Investment,Townhouse,Servicer_C,Current,0,0,0,0,,2022-09-01,CoreLogic,Complete,Current,0,0,0,0,0,
LN0001573,19,2022-10,2021-03,19,341,257074.0,251330.27,5.332,740-779,80-90%,20-28%,FL,Refinance,Investment,Townhouse,Servicer_C,Current,0,0,0,0,,2022-10-01,CoreLogic,Complete,Current,0,0,0,0,0,
LN0001573,20,2022-11,2021-03,20,340,257074.0,251014.36,5.332,740-779,80-90%,20-28%,FL,Refinance,Investment,Townhouse,Servicer_C,Current,0,0,0,0,,2022-11-01,CoreLogic,Complete,Current,0,0,0,0,0,
LN0001573,21,2022-12,2021-03,21,339,257074.0,250697.04,5.332,740-779,80-90%,20-28%,FL,Refinance,Investment,Townhouse,Servicer_C,Current,0,0,0,0,,2022-12-01,CoreLogic,Complete,Current,0,0,0,0,0,
LN0001594,1,2022-08,2022-07,1,359,171406.0,171148.34,3.761,<620,70-80%,36-43%,IN,Cash-Out Refinance,Primary,Single Family,Servicer_D,Current,0,0,0,0,,2022-08-01,Black Knight,Pending Review,Current,0,0,0,0,0,
LN0001594,2,2022-09,2022-07,2,358,171406.0,170889.87,3.761,<620,70-80%,36-43%,IN,Cash-Out Refinance,Primary,Single Family,Servicer_D,Current,0,0,0,0,,2022-09-01,Black Knight,Pending Review,Current,0,0,0,0,0,
LN0001594,3,2022-10,2022-07,3,357,171406.0,170630.59,3.761,<620,70-80%,36-43%,IN,Cash-Out Refinance,Primary,Single Family,Servicer_D,Current,0,0,0,0,,2022-10-01,Black Knight,Pending Review,Current,0,0,0,0,0,
LN0001594,4,2022-11,2022-07,4,356,171406.0,170370.49,3.761,<620,70-80%,36-43%,IN,Cash-Out Refinance,Primary,Single Family,Servicer_D,Current,0,0,0,0,,2022-11-01,Black Knight,Pending Review,Current,0,0,0,0,0,
LN0001594,5,2022-12,2022-07,5,355,171406.0,170109.58,3.761,<620,70-80%,36-43%,IN,Cash-Out Refinance,Primary,Single Family,Servicer_D,Current,0,0,0,0,,2022-12-01,Black Knight,Pending Review,Current,0,0,0,0,0,
LN0001599,1,2020-10,2020-09,1,359,85301.0,85194.72,4.803,780+,<60%,28-36%,NY,Home Improvement,Primary,Single Family,Servicer_B,Current,0,0,0,0,,2020-10-01,Ellie Mae,Missing Items,Current,0,0,0,0,0,
LN0001599,2,2020-11,2020-09,2,358,85301.0,85088.01,4.803,780+,<60%,28-36%,NY,Home Improvement,Primary,Single Family,Servicer_B,Current,0,0,0,0,,2020-11-01,Ellie Mae,Missing Items,Current,0,0,0,0,0,
LN0001599,3,2020-12,2020-09,3,357,85301.0,84980.88,4.803,780+,<60%,28-36%,NY,Home Improvement,Primary,Single Family,Servicer_B,Current,0,0,0,0,,2020-12-01,Ellie Mae,Missing Items,Current,0,0,0,0,0,
LN0001599,4,2021-01,2020-09,4,356,85301.0,84873.31,4.803,780+,<60%,28-36%,NY,Home Improvement,Primary,Single Family,Servicer_B,Current,0,0,0,0,,2021-01-01,Ellie Mae,Missing Items,Current,0,0,0,0,0,
LN0001599,5,2021-02,2020-09,5,355,85301.0,84765.32,4.803,780+,<60%,28-36%,NY,Home Improvement,Primary,Single Family,Servicer_B,Current,0,0,0,0,,2021-02-01,Ellie Mae,Missing Items,Current,0,0,0,0,0,
LN0001599,6,2021-03,2020-09,6,354,85301.0,84656.89,4.803,780+,<60%,28-36%,NY,Home Improvement,Primary,Single Family,Servicer_B,Current,0,0,0,0,,2021-03-01,Ellie Mae,Missing Items,Current,0,0,0,0,0,
LN0001599,7,2021-04,2020-09,7,353,85301.0,84548.03,4.803,780+,<60%,28-36%,NY,Home Improvement,Primary,Single Family,Servicer_B,Current,0,0,0,0,,2021-04-01,Ellie Mae,Missing Items,Current,0,0,0,0,0,
LN0001599,8,2021-05,2020-09,8,352,85301.0,84438.74,4.803,780+,<60%,28-36%,NY,Home Improvement,Primary,Single Family,Servicer_B,Current,0,0,0,0,,2021-05-01,Ellie Mae,Missing Items,Current,0,0,0,0,0,
LN0001599,9,2021-06,2020-09,9,351,85301.0,84329.0,4.803,780+,<60%,28-36%,NY,Home Improvement,Primary,Single Family,Servicer_B,Current,0,0,0,0,,2021-06-01,Ellie Mae,Missing Items,Current,0,0,0,0,0,
LN0001599,10,2021-07,2020-09,10,350,85301.0,84218.83,4.803,780+,<60%,28-36%,NY,Home Improvement,Primary,Single Family,Servicer_B,Current,0,0,0,0,,2021-07-01,Ellie Mae,Missing Items,Current,0,0,0,0,0,
LN0001599,11,2021-08,2020-09,11,349,85301.0,84108.22,4.803,780+,<60%,28-36%,NY,Home Improvement,Primary,Single Family,Servicer_B,Current,0,0,0,0,,2021-08-01,Ellie Mae,Missing Items,Current,0,0,0,0,0,
LN0001599,12,2021-09,2020-09,12,348,85301.0,83997.16,4.803,780+,<60%,28-36%,NY,Home Improvement,Primary,Single Family,Servicer_B,Current,0,0,0,0,,2021-09-01,Ellie Mae,Missing Items,Current,0,0,0,0,0,
LN0001599,13,2021-10,2020-09,13,347,85301.0,83885.66,4.803,780+,<60%,28-36%,NY,Home Improvement,Primary,Single Family,Servicer_B,Current,0,0,0,0,,2021-10-01,Ellie Mae,Missing Items,Current,0,0,0,0,0,
LN0001599,14,2021-11,2020-09,14,346,85301.0,83773.71,4.803,780+,<60%,28-36%,NY,Home Improvement,Primary,Single Family,Servicer_B,Current,0,0,0,0,,2021-11-01,Ellie Mae,Missing Items,Current,0,0,0,0,0,
LN0001599,15,2021-12,2020-09,15,345,85301.0,83661.32,4.803,780+,<60%,28-36%,NY,Home Improvement,Primary,Single Family,Servicer_B,Current,0,0,0,0,,2021-12-01,Ellie Mae,Missing Items,Current,0,0,0,0,0,
LN0001599,16,2022-01,2020-09,16,344,85301.0,83548.47,4.803,780+,<60%,28-36%,NY,Home Improvement,Primary,Single Family,Servicer_B,Current,0,0,0,0,,2022-01-01,Ellie Mae,Missing Items,Current,0,0,0,0,0,
LN0001599,17,2022-02,2020-09,17,343,85301.0,83435.17,4.803,780+,<60%,28-36%,NY,Home Improvement,Primary,Single Family,Servicer_B,Current,0,0,0,0,,2022-02-01,Ellie Mae,Missing Items,Current,0,0,0,0,0,
LN0001599,18,2022-03,2020-09,18,342,85301.0,83321.42,4.803,780+,<60%,28-36%,NY,Home Improvement,Primary,Single Family,Servicer_B,Current,0,0,0,0,,2022-03-01,Ellie Mae,Missing Items,Current,0,0,0,0,0,
LN0001599,19,2022-04,2020-09,19,341,85301.0,83207.22,4.803,780+,<60%,28-36%,NY,Home Improvement,Primary,Single Family,Servicer_B,Current,0,0,0,0,,2022-04-01,Ellie Mae,Missing Items,Current,0,0,0,0,0,
LN0001599,20,2022-05,2020-09,20,340,85301.0,83092.56,4.803,780+,<60%,28-36%,NY,Home Improvement,Primary,Single Family,Servicer_B,Current,0,0,0,0,,2022-05-01,Ellie Mae,Missing Items,Current,0,0,0,0,0,
LN0001599,21,2022-06,2020-09,21,339,85301.0,82977.43,4.803,780+,<60%,28-36%,NY,Home Improvement,Primary,Single Family,Servicer_B,Current,0,0,0,0,,2022-06-01,Ellie Mae,Missing Items,Current,0,0,0,0,0,
LN0001599,22,2022-07,2020-09,22,338,85301.0,82861.85,4.803,780+,<60%,28-36%,NY,Home Improvement,Primary,Single Family,Servicer_B,Current,0,0,0,0,,2022-07-01,Ellie Mae,Missing Items,Current,0,0,0,0,0,
LN0001599,23,2022-08,2020-09,23,337,85301.0,82745.81,4.803,780+,<60%,28-36%,NY,Home Improvement,Primary,Single Family,Servicer_B,Current,0,0,0,0,,2022-08-01,Ellie Mae,Missing Items,Current,0,0,0,0,0,
LN0001599,24,2022-09,2020-09,24,336,85301.0,82629.3,4.803,780+,<60%,28-36%,NY,Home Improvement,Primary,Single Family,Servicer_B,Current,0,0,0,0,,2022-09-01,Ellie Mae,Missing Items,Current,0,0,0,0,0,
LN0001599,25,2022-10,2020-09,25,335,85301.0,82512.32,4.803,780+,<60%,28-36%,NY,Home Improvement,Primary,Single Family,Servicer_B,Current,0,0,0,0,,2022-10-01,Ellie Mae,Missing Items,Current,0,0,0,0,0,
LN0001599,26,2022-11,2020-09,26,334,85301.0,82394.88,4.803,780+,<60%,28-36%,NY,Home Improvement,Primary,Single Family,Servicer_B,Current,0,0,0,0,,2022-11-01,Ellie Mae,Missing Items,Current,0,0,0,0,0,
LN0001599,27,2022-12,2020-09,27,333,85301.0,82276.96,4.803,780+,<60%,28-36%,NY,Home Improvement,Primary,Single Family,Servicer_B,Current,0,0,0,0,,2022-12-01,Ellie Mae,Missing Items,Current,0,0,0,0,0,
LN0001609,1,2021-05,2021-04,1,359,144661.0,144500.74,5.436,740-779,60-70%,>43%,MI,Refinance,Primary,Single Family,Servicer_E,Current,0,0,0,0,,2021-05-01,CoreLogic,Complete,Current,0,0,0,0,0,
LN0001609,2,2021-06,2021-04,2,358,144661.0,144339.76,5.436,740-779,60-70%,>43%,MI,Refinance,Primary,Single Family,Servicer_E,Current,0,0,0,0,,2021-06-01,CoreLogic,Complete,Current,0,0,0,0,0,
LN0001609,3,2021-07,2021-04,3,357,144661.0,144178.05,5.436,740-779,60-70%,>43%,MI,Refinance,Primary,Single Family,Servicer_E,Current,0,0,0,0,,2021-07-01,CoreLogic,Complete,Current,0,0,0,0,0,
LN0001609,4,2021-08,2021-04,4,356,144661.0,144015.61,5.436,740-779,60-70%,>43%,MI,Refinance,Primary,Single Family,Servicer_E,Current,0,0,0,0,,2021-08-01,CoreLogic,Complete,Current,0,0,0,0,0,
LN0001609,5,2021-09,2021-04,5,355,144661.0,143852.43,5.436,740-779,60-70%,>43%,MI,Refinance,Primary,Single Family,Servicer_E,Current,0,0,0,0,,2021-09-01,CoreLogic,Complete,Current,0,0,0,0,0,
LN0001609,6,2021-10,2021-04,6,354,144661.0,143688.51,5.436,740-779,60-70%,>43%,MI,Refinance,Primary,Single Family,Servicer_E,Current,0,0,0,0,,2021-10-01,CoreLogic,Complete,Current,0,0,0,0,0,
LN0001609,7,2021-11,2021-04,7,353,144661.0,143523.85,5.436,740-779,60-70%,>43%,MI,Refinance,Primary,Single Family,Servicer_E,Current,0,0,0,0,,2021-11-01,CoreLogic,Complete,Current,0,0,0,0,0,
LN0001609,8,2021-12,2021-04,8,352,144661.0,143358.44,5.436,740-779,60-70%,>43%,MI,Refinance,Primary,Single Family,Servicer_E,Current,0,0,0,0,,2021-12-01,CoreLogic,Complete,Current,0,0,0,0,0,
LN0001609,9,2022-01,2021-04,9,351,144661.0,143192.29,5.436,740-779,60-70%,>43%,MI,Refinance,Primary,Single Family,Servicer_E,Current,0,0,0,0,,2022-01-01,CoreLogic,Complete,Current,0,0,0,0,0,
LN0001609,10,2022-02,2021-04,10,350,144661.0,143025.38,5.436,740-779,60-70%,>43%,MI,Refinance,Primary,Single Family,Servicer_E,Current,0,0,0,0,,2022-02-01,CoreLogic,Complete,Current,0,0,0,0,0,
LN0001609,11,2022-03,2021-04,11,349,144661.0,142857.71,5.436,740-779,60-70%,>43%,MI,Refinance,Primary,Single Family,Servicer_E,Current,0,0,0,0,,2022-03-01,CoreLogic,Complete,Current,0,0,0,0,0,
LN0001609,12,2022-04,2021-04,12,348,144661.0,142689.29,5.436,740-779,60-70%,>43%,MI,Refinance,Primary,Single Family,Servicer_E,Current,0,0,0,0,,2022-04-01,CoreLogic,Complete,Current,0,0,0,0,0,
LN0001609,13,2022-05,2021-04,13,347,144661.0,142520.1,5.436,740-779,60-70%,>43%,MI,Refinance,Primary,Single Family,Servicer_E,Current,0,0,0,0,,2022-05-01,CoreLogic,Complete,Current,0,0,0,0,0,
LN0001609,14,2022-06,2021-04,14,346,144661.0,142350.15,5.436,740-779,60-70%,>43%,MI,Refinance,Primary,Single Family,Servicer_E,Current,0,0,0,0,,2022-06-01,CoreLogic,Complete,Current,0,0,0,0,0,
LN0001609,15,2022-07,2021-04,15,345,144661.0,142179.42,5.436,740-779,60-70%,>43%,MI,Refinance,Primary,Single Family,Servicer_E,Current,0,0,0,0,,2022-07-01,CoreLogic,Complete,Current,0,0,0,0,0,
LN0001609,16,2022-08,2021-04,16,344,144661.0,142007.93,5.436,740-779,60-70%,>43%,MI,Refinance,Primary,Single Family,Servicer_E,Current,0,0,0,0,,2022-08-01,CoreLogic,Complete,Current,0,0,0,0,0,
LN0001609,17,2022-09,2021-04,17,343,144661.0,141835.65,5.436,740-779,60-70%,>43%,MI,Refinance,Primary,Single Family,Servicer_E,Current,0,0,0,0,,2022-09-01,CoreLogic,Complete,Current,0,0,0,0,0,
LN0001609,18,2022-10,2021-04,18,342,144661.0,141662.6,5.436,740-779,60-70%,>43%,MI,Refinance,Primary,Single Family,Servicer_E,Current,0,0,0,0,,2022-10-01,CoreLogic,Complete,Current,0,0,0,0,0,
LN0001609,19,2022-11,2021-04,19,341,144661.0,141488.76,5.436,740-779,60-70%,>43%,MI,Refinance,Primary,Single Family,Servicer_E,Current,0,0,0,0,,2022-11-01,CoreLogic,Complete,Current,0,0,0,0,0,
LN0001609,20,2022-12,2021-04,20,340,144661.0,141314.13,5.436,740-779,60-70%,>43%,MI,Refinance,Primary,Single Family,Servicer_E,Current,0,0,0,0,,2022-12-01,CoreLogic,Complete,Current,0,0,0,0,0,
LN0001616,1,2021-09,2021-08,1,359,89282.0,89124.03,2.821,700-739,<60%,28-36%,GA,Refinance,Second Home,Single Family,Servicer_D,Current,0,0,0,0,,2021-09-01,Encompass,Under Exception,Current,0,0,0,0,0,
LN0001616,2,2021-10,2021-08,2,358,89282.0,88965.7,2.821,700-739,<60%,28-36%,GA,Refinance,Second Home,Single Family,Servicer_D,Current,0,0,0,0,,2021-10-01,Encompass,Under Exception,Current,0,0,0,0,0,
LN0001616,3,2021-11,2021-08,3,357,89282.0,88806.99,2.821,700-739,<60%,28-36%,GA,Refinance,Second Home,Single Family,Servicer_D,Current,0,0,0,0,,2021-11-01,Encompass,Under Exception,Current,0,0,0,0,0,
LN0001616,4,2021-12,2021-08,4,356,89282.0,88647.91,2.821,700-739,<60%,28-36%,GA,Refinance,Second Home,Single Family,Servicer_D,Current,0,0,0,0,,2021-12-01,Encompass,Under Exception,Current,0,0,0,0,0,
LN0001616,5,2022-01,2021-08,5,355,89282.0,88488.45,2.821,700-739,<60%,28-36%,GA,Refinance,Second Home,Single Family,Servicer_D,Current,0,0,0,0,,2022-01-01,Encompass,Under Exception,Current,0,0,0,0,0,
LN0001616,6,2022-02,2021-08,6,354,89282.0,88328.62,2.821,700-739,<60%,28-36%,GA,Refinance,Second Home,Single Family,Servicer_D,Current,0,0,0,0,,2022-02-01,Encompass,Under Exception,Current,0,0,0,0,0,
LN0001616,7,2022-03,2021-08,7,353,89282.0,88168.41,2.821,700-739,<60%,28-36%,GA,Refinance,Second Home,Single Family,Servicer_D,Current,0,0,0,0,,2022-03-01,Encompass,Under Exception,Current,0,0,0,0,0,
LN0001616,8,2022-04,2021-08,8,352,89282.0,88007.83,2.821,700-739,<60%,28-36%,GA,Refinance,Second Home,Single Family,Servicer_D,Current,0,0,0,0,,2022-04-01,Encompass,Under Exception,Current,0,0,0,0,0,
LN0001616,9,2022-05,2021-08,9,351,89282.0,87846.87,2.821,700-739,<60%,28-36%,GA,Refinance,Second Home,Single Family,Servicer_D,Current,0,0,0,0,,2022-05-01,Encompass,Under Exception,Current,0,0,0,0,0,
LN0001616,10,2022-06,2021-08,10,350,89282.0,87685.53,2.821,700-739,<60%,28-36%,GA,Refinance,Second Home,Single Family,Servicer_D,Current,0,0,0,0,,2022-06-01,Encompass,Under Exception,Current,0,0,0,0,0,
LN0001616,11,2022-07,2021-08,11,349,89282.0,87523.81,2.821,700-739,<60%,28-36%,GA,Refinance,Second Home,Single Family,Servicer_D,Current,0,0,0,0,,2022-07-01,Encompass,Under Exception,Current,0,0,0,0,0,
LN0001616,12,2022-08,2021-08,12,348,89282.0,87361.72,2.821,700-739,<60%,28-36%,GA,Refinance,Second Home,Single Family,Servicer_D,Current,0,0,0,0,,2022-08-01,Encompass,Under Exception,Current,0,0,0,0,0,
LN0001616,13,2022-09,2021-08,13,347,89282.0,87199.24,2.821,700-739,<60%,28-36%,GA,Refinance,Second Home,Single Family,Servicer_D,Current,0,0,0,0,,2022-09-01,Encompass,Under Exception,Current,0,0,0,0,0,
LN0001616,14,2022-10,2021-08,14,346,89282.0,87036.37,2.821,700-739,<60%,28-36%,GA,Refinance,Second Home,Single Family,Servicer_D,Current,0,0,0,0,,2022-10-01,Encompass,Under Exception,Current,0,0,0,0,0,
LN0001616,15,2022-11,2021-08,15,345,89282.0,86873.13,2.821,700-739,<60%,28-36%,GA,Refinance,Second Home,Single Family,Servicer_D,Current,0,0,0,0,,2022-11-01,Encompass,Under Exception,Current,0,0,0,0,0,
LN0001616,16,2022-12,2021-08,16,344,89282.0,86709.5,2.821,700-739,<60%,28-36%,GA,Refinance,Second Home,Single Family,Servicer_D,Current,0,0,0,0,,2022-12-01,Encompass,Under Exception,Current,0,0,0,0,0,
LN0001618,1,2021-07,2021-06,1,359,158230.0,158086.87,6.497,700-739,<60%,28-36%,IL,Cash-Out Refinance,Investment,Single Family,Servicer_E,Current,0,0,0,0,,2021-07-01,Black Knight,Pending Review,Current,0,0,0,0,0,
LN0001618,2,2021-08,2021-06,2,358,158230.0,157942.97,6.497,700-739,<60%,28-36%,IL,Cash-Out Refinance,Investment,Single Family,Servicer_E,Current,0,0,0,0,,2021-08-01,Black Knight,Pending Review,Current,0,0,0,0,0,
LN0001618,3,2021-09,2021-06,3,357,158230.0,157798.29,6.497,700-739,<60%,28-36%,IL,Cash-Out Refinance,Investment,Single Family,Servicer_E,Current,0,0,0,0,,2021-09-01,Black Knight,Pending Review,Current,0,0,0,0,0,
LN0001618,4,2021-10,2021-06,4,356,158230.0,157652.83,6.497,700-739,<60%,28-36%,IL,Cash-Out Refinance,Investment,Single Family,Servicer_E,Current,0,0,0,0,,2021-10-01,Black Knight,Pending Review,Current,0,0,0,0,0,
LN0001618,5,2021-11,2021-06,5,355,158230.0,157506.58,6.497,700-739,<60%,28-36%,IL,Cash-Out Refinance,Investment,Single Family,Servicer_E,Current,0,0,0,0,,2021-11-01,Black Knight,Pending Review,Current,0,0,0,0,0,
LN0001618,6,2021-12,2021-06,6,354,158230.0,157359.54,6.497,700-739,<60%,28-36%,IL,Cash-Out Refinance,Investment,Single Family,Servicer_E,Current,0,0,0,0,,2021-12-01,Black Knight,Pending Review,Current,0,0,0,0,0,
LN0001618,7,2022-01,2021-06,7,353,158230.0,157211.7,6.497,700-739,<60%,28-36%,IL,Cash-Out Refinance,Investment,Single Family,Servicer_E,Current,0,0,0,0,,2022-01-01,Black Knight,Pending Review,Current,0,0,0,0,0,
LN0001618,8,2022-02,2021-06,8,352,158230.0,157063.06,6.497,700-739,<60%,28-36%,IL,Cash-Out Refinance,Investment,Single Family,Servicer_E,Current,0,0,0,0,,2022-02-01,Black Knight,Pending Review,Current,0,0,0,0,0,
LN0001618,9,2022-03,2021-06,9,351,158230.0,156913.62,6.497,700-739,<60%,28-36%,IL,Cash-Out Refinance,Investment,Single Family,Servicer_E,Current,0,0,0,0,,2022-03-01,Black Knight,Pending Review,Current,0,0,0,0,0,
LN0001618,10,2022-04,2021-06,10,350,158230.0,156763.37,6.497,700-739,<60%,28-36%,IL,Cash-Out Refinance,Investment,Single Family,Servicer_E,Current,0,0,0,0,,2022-04-01,Black Knight,Pending Review,Current,0,0,0,0,0,
LN0001618,11,2022-05,2021-06,11,349,158230.0,156612.3,6.497,700-739,<60%,28-36%,IL,Cash-Out Refinance,Investment,Single Family,Servicer_E,Current,0,0,0,0,,2022-05-01,Black Knight,Pending Review,Current,0,0,0,0,0,
LN0001618,12,2022-06,2021-06,12,348,158230.0,156460.42,6.497,700-739,<60%,28-36%,IL,Cash-Out Refinance,Investment,Single Family,Servicer_E,Current,0,0,0,0,,2022-06-01,Black Knight,Pending Review,Current,0,0,0,0,0,
LN0001618,13,2022-07,2021-06,13,347,158230.0,156307.71,6.497,700-739,<60%,28-36%,IL,Cash-Out Refinance,Investment,Single Family,Servicer_E,Current,0,0,0,0,,2022-07-01,Black Knight,Pending Review,Current,0,0,0,0,0,
LN0001618,14,2022-08,2021-06,14,346,158230.0,156154.18,6.497,700-739,<60%,28-36%,IL,Cash-Out Refinance,Investment,Single Family,Servicer_E,Current,0,0,0,0,,2022-08-01,Black Knight,Pending Review,Current,0,0,0,0,0,
LN0001618,15,2022-09,2021-06,15,345,158230.0,155999.81,6.497,700-739,<60%,28-36%,IL,Cash-Out Refinance,Investment,Single Family,Servicer_E,Current,0,0,0,0,,2022-09-01,Black Knight,Pending Review,Current,0,0,0,0,0,
LN0001618,16,2022-10,2021-06,16,344,158230.0,155844.61,6.497,700-739,<60%,28-36%,IL,Cash-Out Refinance,Investment,Single Family,Servicer_E,Current,0,0,0,0,,2022-10-01,Black Knight,Pending Review,Current,0,0,0,0,0,
LN0001618,17,2022-11,2021-06,17,343,158230.0,155688.57,6.497,700-739,<60%,28-36%,IL,Cash-Out Refinance,Investment,Single Family,Servicer_E,Current,0,0,0,0,,2022-11-01,Black Knight,Pending Review,Current,0,0,0,0,0,
LN0001618,18,2022-12,2021-06,18,342,158230.0,155531.69,6.497,700-739,<60%,28-36%,IL,Cash-Out Refinance,Investment,Single Family,Servicer_E,Current,0,0,0,0,,2022-12-01,Black Knight,Pending Review,Current,0,0,0,0,0,
LN0001630,1,2021-06,2021-05,1,179,138701.0,138160.08,,660-699,60-70%,36-43%,MA,Purchase,Primary,Condo,Servicer_A,Current,0,0,0,0,,2021-06-01,Black Knight,Pending Review,Current,0,0,0,0,0,
LN0001630,2,2021-07,2021-05,2,178,138701.0,137617.12,,660-699,60-70%,36-43%,MA,Purchase,Primary,Condo,Servicer_A,Current,0,0,0,0,,2021-07-01,Black Knight,Pending Review,Current,0,0,0,0,0,
LN0001630,3,2021-08,2021-05,3,177,138701.0,137072.13,,660-699,60-70%,36-43%,MA,Purchase,Primary,Condo,Servicer_A,Current,0,0,0,0,,2021-08-01,Black Knight,Pending Review,Current,0,0,0,0,0,
LN0001630,4,2021-09,2021-05,4,176,138701.0,136525.1,,660-699,60-70%,36-43%,MA,Purchase,Primary,Condo,Servicer_A,Current,0,0,0,0,,2021-09-01,Black Knight,Pending Review,Current,0,0,0,0,0,
LN0001630,5,2021-10,2021-05,5,175,138701.0,135976.02,,660-699,60-70%,36-43%,MA,Purchase,Primary,Condo,Servicer_A,Current,0,0,0,0,,2021-10-01,Black Knight,Pending Review,Current,0,0,0,0,0,
LN0001630,6,2021-11,2021-05,6,174,138701.0,135424.87,,660-699,60-70%,36-43%,MA,Purchase,Primary,Condo,Servicer_A,Current,0,0,0,0,,2021-11-01,Black Knight,Pending Review,Current,0,0,0,0,0,
LN0001630,7,2021-12,2021-05,7,173,138701.0,134871.66,,660-699,60-70%,36-43%,MA,Purchase,Primary,Condo,Servicer_A,Current,0,0,0,0,,2021-12-01,Black Knight,Pending Review,Current,0,0,0,0,0,
LN0001630,8,2022-01,2021-05,8,172,138701.0,134316.38,,660-699,60-70%,36-43%,MA,Purchase,Primary,Condo,Servicer_A,Current,0,0,0,0,,2022-01-01,Black Knight,Pending Review,Current,0,0,0,0,0,
LN0001630,9,2022-02,2021-05,9,171,138701.0,133759.01,,660-699,60-70%,36-43%,MA,Purchase,Primary,Condo,Servicer_A,Current,0,0,0,0,,2022-02-01,Black Knight,Pending Review,Current,0,0,0,0,0,
LN0001630,10,2022-03,2021-05,10,170,138701.0,133199.55,,660-699,60-70%,36-43%,MA,Purchase,Primary,Condo,Servicer_A,Current,0,0,0,0,,2022-03-01,Black Knight,Pending Review,Current,0,0,0,0,0,
LN0001630,11,2022-04,2021-05,11,169,138701.0,132638.0,,660-699,60-70%,36-43%,MA,Purchase,Primary,Condo,Servicer_A,Current,0,0,0,0,,2022-04-01,Black Knight,Pending Review,Current,0,0,0,0,0,
LN0001630,12,2022-05,2021-05,12,168,138701.0,132074.34,,660-699,60-70%,36-43%,MA,Purchase,Primary,Condo,Servicer_A,Current,0,0,0,0,,2022-05-01,Black Knight,Pending Review,Current,0,0,0,0,0,
LN0001630,13,2022-06,2021-05,13,167,138701.0,131508.56,,660-699,60-70%,36-43%,MA,Purchase,Primary,Condo,Servicer_A,Current,0,0,0,0,,2022-06-01,Black Knight,Pending Review,Current,0,0,0,0,0,
LN0001630,14,2022-07,2021-05,14,166,138701.0,130940.67,,660-699,60-70%,36-43%,MA,Purchase,Primary,Condo,Servicer_A,Current,0,0,0,0,,2022-07-01,Black Knight,Pending Review,Current,0,0,0,0,0,
LN0001630,15,2022-08,2021-05,15,165,138701.0,130370.64,,660-699,60-70%,36-43%,MA,Purchase,Primary,Condo,Servicer_A,Current,0,0,0,0,,2022-08-01,Black Knight,Pending Review,Current,0,0,0,0,0,
LN0001630,16,2022-09,2021-05,16,164,138701.0,129798.48,,660-699,60-70%,36-43%,MA,Purchase,Primary,Condo,Servicer_A,Current,0,0,0,0,,2022-09-01,Black Knight,Pending Review,Current,0,0,0,0,0,
LN0001630,17,2022-10,2021-05,17,163,138701.0,129224.17,,660-699,60-70%,36-43%,MA,Purchase,Primary,Condo,Servicer_A,Current,0,0,0,0,,2022-10-01,Black Knight,Pending Review,Current,0,0,0,0,0,
LN0001630,18,2022-11,2021-05,18,162,138701.0,128647.71,,660-699,60-70%,36-43%,MA,Purchase,Primary,Condo,Servicer_A,Current,0,0,0,0,,2022-11-01,Black Knight,Pending Review,Current,0,0,0,0,0,
LN0001630,19,2022-12,2021-05,19,161,138701.0,128069.08,,660-699,60-70%,36-43%,MA,Purchase,Primary,Condo,Servicer_A,Current,0,0,0,0,,2022-12-01,Black Knight,Pending Review,Current,0,0,0,0,0,
LN0001643,1,2021-05,2021-04,1,359,268730.0,268507.32,6.945,780+,80-90%,20-28%,MO,Purchase,Primary,Single Family,Servicer_C,Current,0,0,0,0,,2021-05-01,Ellie Mae,Missing Items,Current,0,0,0,0,0,
LN0001643,2,2021-06,2021-04,2,358,268730.0,268283.36,6.945,780+,80-90%,20-28%,MO,Purchase,Primary,Single Family,Servicer_C,Current,0,0,0,0,,2021-06-01,Ellie Mae,Missing Items,Current,0,0,0,0,0,
LN0001643,3,2021-07,2021-04,3,357,268730.0,268058.09,6.945,780+,80-90%,20-28%,MO,Purchase,Primary,Single Family,Servicer_C,Current,0,0,0,0,,2021-07-01,Ellie Mae,Missing Items,Current,0,0,0,0,0,
LN0001643,4,2021-08,2021-04,4,356,268730.0,267831.53,6.945,780+,80-90%,20-28%,MO,Purchase,Primary,Single Family,Servicer_C,Current,0,0,0,0,,2021-08-01,Ellie Mae,Missing Items,Current,0,0,0,0,0,
LN0001643,5,2021-09,2021-04,5,355,268730.0,267603.65,6.945,780+,80-90%,20-28%,MO,Purchase,Primary,Single Family,Servicer_C,Current,0,0,0,0,,2021-09-01,Ellie Mae,Missing Items,Current,0,0,0,0,0,
LN0001643,6,2021-02,2021-04,6,354,268730.0,267374.46,6.945,780+,80-90%,20-28%,MO,Purchase,Primary,Single Family,Servicer_C,Current,0,0,0,0,,2021-10-01,Ellie Mae,Missing Items,Current,0,0,0,0,1,Date Anomaly
LN0001643,7,2021-11,2021-04,7,353,268730.0,267143.93,6.945,780+,80-90%,20-28%,MO,Purchase,Primary,Single Family,Servicer_C,Current,0,0,0,0,,2021-11-01,Ellie Mae,Missing Items,Current,0,0,0,0,0,
LN0001643,8,2021-12,2021-04,8,352,268730.0,266912.08,6.945,780+,80-90%,20-28%,MO,Purchase,Primary,Single Family,Servicer_C,Current,0,0,0,0,,2021-12-01,Ellie Mae,Missing Items,Current,0,0,0,0,0,
LN0001643,9,2022-01,2021-04,9,351,268730.0,266678.88,6.945,780+,80-90%,20-28%,MO,Purchase,Primary,Single Family,Servicer_C,Current,0,0,0,0,,2022-01-01,Ellie Mae,Missing Items,Current,0,0,0,0,0,
LN0001643,10,2022-02,2021-04,10,350,268730.0,266444.33,6.945,780+,80-90%,20-28%,MO,Purchase,Primary,Single Family,Servicer_C,Current,0,0,0,0,,2022-02-01,Ellie Mae,Missing Items,Current,0,0,0,0,0,
LN0001643,11,2022-03,2021-04,11,349,268730.0,266208.42,6.945,780+,80-90%,20-28%,MO,Purchase,Primary,Single Family,Servicer_C,Current,0,0,0,0,,2022-03-01,Ellie Mae,Missing Items,Current,0,0,0,0,0,
LN0001643,12,2022-04,2021-04,12,348,268730.0,265971.15,6.945,780+,80-90%,20-28%,MO,Purchase,Primary,Single Family,Servicer_C,Current,0,0,0,0,,2022-04-01,Ellie Mae,Missing Items,Current,0,0,0,0,0,
LN0001643,13,2022-05,2021-04,13,347,268730.0,265732.51,6.945,780+,80-90%,20-28%,MO,Purchase,Primary,Single Family,Servicer_C,Current,0,0,0,0,,2022-05-01,Ellie Mae,Missing Items,Current,0,0,0,0,0,
LN0001643,14,2022-06,2021-04,14,346,268730.0,265492.48,6.945,780+,80-90%,20-28%,MO,Purchase,Primary,Single Family,Servicer_C,Current,0,0,0,0,,2022-06-01,Ellie Mae,Missing Items,Current,0,0,0,0,0,
LN0001643,15,2022-07,2021-04,15,345,268730.0,265251.07,6.945,780+,80-90%,20-28%,MO,Purchase,Primary,Single Family,Servicer_C,Current,0,0,0,0,,2022-07-01,Ellie Mae,Missing Items,Current,0,0,0,0,0,
LN0001643,16,2022-08,2021-04,16,344,268730.0,265008.26,6.945,780+,80-90%,20-28%,MO,Purchase,Primary,Single Family,Servicer_C,Current,0,0,0,0,,2022-08-01,Ellie Mae,Missing Items,Current,0,0,0,0,0,
LN0001643,17,2022-09,2021-04,17,343,268730.0,264764.04,6.945,780+,80-90%,20-28%,MO,Purchase,Primary,Single Family,Servicer_C,Current,0,0,0,0,,2022-09-01,Ellie Mae,Missing Items,Current,0,0,0,0,0,
LN0001643,18,2022-10,2021-04,18,342,268730.0,264518.41,6.945,780+,80-90%,20-28%,MO,Purchase,Primary,Single Family,Servicer_C,Current,0,0,0,0,,2022-10-01,Ellie Mae,Missing Items,Current,0,0,0,0,0,
LN0001643,19,2022-11,2021-04,19,341,268730.0,264271.36,6.945,780+,80-90%,20-28%,MO,Purchase,Primary,Single Family,Servicer_C,Current,0,0,0,0,,2022-11-01,Ellie Mae,Missing Items,Current,0,0,0,0,0,
LN0001643,20,2022-12,2021-04,20,340,268730.0,264022.88,6.945,780+,80-90%,20-28%,MO,Purchase,Primary,Single Family,Servicer_C,Current,0,0,0,0,,2022-12-01,Ellie Mae,Missing Items,Current,0,0,0,0,0,
LN0001646,1,2021-07,2021-06,1,359,211442.0,211175.59,4.742,780+,70-80%,28-36%,WI,Purchase,Primary,Single Family,Servicer_D,Current,0,0,0,0,,2021-07-01,Black Knight,Pending Review,Current,0,0,0,0,0,
LN0001646,2,2021-08,2021-06,2,358,211442.0,210908.12,4.742,780+,70-80%,28-36%,WI,Purchase,Primary,Single Family,Servicer_D,Current,0,0,0,0,,2021-08-01,Black Knight,Pending Review,Current,0,0,0,0,0,
LN0001646,3,2021-09,2021-06,3,357,211442.0,210639.6,4.742,780+,70-80%,28-36%,WI,Purchase,Primary,Single Family,Servicer_D,Current,0,0,0,0,,2021-09-01,Black Knight,Pending Review,Current,0,0,0,0,0,
LN0001646,4,2021-10,2021-06,4,356,211442.0,210370.01,4.742,780+,70-80%,28-36%,WI,Purchase,Primary,Single Family,Servicer_D,Current,0,0,0,0,,2021-10-01,Black Knight,Pending Review,Current,0,0,0,0,0,
LN0001646,5,2021-11,2021-06,5,355,211442.0,210099.36,4.742,780+,70-80%,28-36%,WI,Purchase,Primary,Single Family,Servicer_D,Current,0,0,0,0,,2021-11-01,Black Knight,Pending Review,Current,0,0,0,0,0,
LN0001646,6,2021-12,2021-06,6,354,211442.0,209827.64,4.742,780+,70-80%,28-36%,WI,Purchase,Primary,Single Family,Servicer_D,Current,0,0,0,0,,2021-12-01,Black Knight,Pending Review,Current,0,0,0,0,0,
LN0001646,7,2022-01,2021-06,7,353,211442.0,209554.85,4.742,780+,70-80%,28-36%,WI,Purchase,Primary,Single Family,Servicer_D,Current,0,0,0,0,,2022-01-01,Black Knight,Pending Review,Current,0,0,0,0,0,
LN0001646,8,2022-02,2021-06,8,352,211442.0,209280.98,4.742,780+,70-80%,28-36%,WI,Purchase,Primary,Single Family,Servicer_D,Current,0,0,0,0,,2022-02-01,Black Knight,Pending Review,Current,0,0,0,0,0,
LN0001646,9,2022-03,2021-06,9,351,211442.0,209006.02,4.742,780+,70-80%,28-36%,WI,Purchase,Primary,Single Family,Servicer_D,Current,0,0,0,0,,2022-03-01,Black Knight,Pending Review,Current,0,0,0,0,0,
LN0001646,10,2022-04,2021-06,10,350,211442.0,208729.98,4.742,780+,70-80%,28-36%,WI,Purchase,Primary,Single Family,Servicer_D,Current,0,0,0,0,,2022-04-01,Black Knight,Pending Review,Current,0,0,0,0,0,
LN0001646,11,2022-05,2021-06,11,349,211442.0,208452.85,4.742,780+,70-80%,28-36%,WI,Purchase,Primary,Single Family,Servicer_D,Current,0,0,0,0,,2022-05-01,Black Knight,Pending Review,Current,0,0,0,0,0,
LN0001646,12,2022-06,2021-06,12,348,211442.0,208174.63,4.742,780+,70-80%,28-36%,WI,Purchase,Primary,Single Family,Servicer_D,Current,0,0,0,0,,2022-06-01,Black Knight,Pending Review,Current,0,0,0,0,0,
LN0001646,13,2022-07,2021-06,13,347,211442.0,207895.3,4.742,780+,70-80%,28-36%,WI,Purchase,Primary,Single Family,Servicer_D,Current,0,0,0,0,,2022-07-01,Black Knight,Pending Review,Current,0,0,0,0,0,
LN0001646,14,2022-08,2021-06,14,346,211442.0,207614.87,4.742,780+,70-80%,28-36%,WI,Purchase,Primary,Single Family,Servicer_D,Current,0,0,0,0,,2022-08-01,Black Knight,Pending Review,Current,0,0,0,0,0,
LN0001646,15,2022-09,2021-06,15,345,211442.0,207333.33,4.742,780+,70-80%,28-36%,WI,Purchase,Primary,Single Family,Servicer_D,Current,0,0,0,0,,2022-09-01,Black Knight,Pending Review,Current,0,0,0,0,0,
LN0001646,16,2022-10,2021-06,16,344,211442.0,207050.68,4.742,780+,70-80%,28-36%,WI,Purchase,Primary,Single Family,Servicer_D,Current,0,0,0,0,,2022-10-01,Black Knight,Pending Review,Current,0,0,0,0,0,
LN0001646,17,2022-11,2021-06,17,343,211442.0,206766.92,4.742,780+,70-80%,28-36%,WI,Purchase,Primary,Single Family,Servicer_D,Current,0,0,0,0,,2022-11-01,Black Knight,Pending Review,Current,0,0,0,0,0,
LN0001646,18,2022-12,2021-06,18,342,211442.0,206482.03,4.742,780+,70-80%,28-36%,WI,Purchase,Primary,Single Family,Servicer_D,Current,0,0,0,0,,2022-12-01,Black Knight,Pending Review,Current,0,0,0,0,0,
LN0001660,1,2020-08,2020-07,1,359,157816.0,157636.53,5.296,700-739,90-95%,28-36%,MD,Purchase,Primary,Condo,Servicer_C,Current,0,0,0,0,,2020-08-01,Encompass,Under Exception,Current,0,0,0,0,0,
LN0001660,2,2020-09,2020-07,2,358,157816.0,157456.26,5.296,700-739,90-95%,28-36%,MD,Purchase,Primary,Condo,Servicer_C,Current,0,0,0,0,,2020-09-01,Encompass,Under Exception,Current,0,0,0,0,0,
LN0001660,3,2020-10,2020-07,3,357,157816.0,157275.2,5.296,700-739,90-95%,28-36%,MD,Purchase,Primary,Condo,Servicer_C,Current,0,0,0,0,,2020-10-01,Encompass,Under Exception,Current,0,0,0,0,0,
LN0001660,4,2020-11,2020-07,4,356,157816.0,157093.34,5.296,700-739,90-95%,28-36%,MD,Purchase,Primary,Condo,Servicer_C,Current,0,0,0,0,,2020-11-01,Encompass,Under Exception,Current,0,0,0,0,0,
LN0001660,5,2020-12,2020-07,5,355,157816.0,156910.68,5.296,700-739,90-95%,28-36%,MD,Purchase,Primary,Condo,Servicer_C,Current,0,0,0,0,,2020-12-01,Encompass,Under Exception,Current,0,0,0,0,0,
LN0001660,6,2021-01,2020-07,6,354,157816.0,156727.21,5.296,700-739,90-95%,28-36%,MD,Purchase,Primary,Condo,Servicer_C,Current,0,0,0,0,,2021-01-01,Encompass,Under Exception,Current,0,0,0,0,0,
LN0001660,7,2021-02,2020-07,7,353,157816.0,156542.93,5.296,700-739,90-95%,28-36%,MD,Purchase,Primary,Condo,Servicer_C,Current,0,0,0,0,,2021-02-01,Encompass,Under Exception,Current,0,0,0,0,0,
LN0001660,8,2021-03,2020-07,8,352,157816.0,156357.84,5.296,700-739,90-95%,28-36%,MD,Purchase,Primary,Condo,Servicer_C,Current,0,0,0,0,,2021-03-01,Encompass,Under Exception,Current,0,0,0,0,0,
LN0001660,9,2021-04,2020-07,9,351,157816.0,156171.93,5.296,700-739,90-95%,28-36%,MD,Purchase,Primary,Condo,Servicer_C,Current,0,0,0,0,,2021-04-01,Encompass,Under Exception,Current,0,0,0,0,0,
LN0001660,10,2021-05,2020-07,10,350,157816.0,155985.2,5.296,700-739,90-95%,28-36%,MD,Purchase,Primary,Condo,Servicer_C,Current,0,0,0,0,,2021-05-01,Encompass,Under Exception,Current,0,0,0,0,0,
LN0001660,11,2021-06,2020-07,11,349,157816.0,155797.65,5.296,700-739,90-95%,28-36%,MD,Purchase,Primary,Condo,Servicer_C,Current,0,0,0,0,,2021-06-01,Encompass,Under Exception,Current,0,0,0,0,0,
LN0001660,12,2021-07,2020-07,12,348,157816.0,155609.27,5.296,700-739,90-95%,28-36%,MD,Purchase,Primary,Condo,Servicer_C,Current,0,0,0,0,,2021-07-01,Encompass,Under Exception,Current,0,0,0,0,0,
LN0001660,13,2021-08,2020-07,13,347,157816.0,155420.06,5.296,700-739,90-95%,28-36%,MD,Purchase,Primary,Condo,Servicer_C,Current,0,0,0,0,,2021-08-01,Encompass,Under Exception,Current,0,0,0,0,0,
LN0001660,14,2021-09,2020-07,14,346,157816.0,155230.01,5.296,700-739,90-95%,28-36%,MD,Purchase,Primary,Condo,Servicer_C,Current,0,0,0,0,,2021-09-01,Encompass,Under Exception,Current,0,0,0,0,0,
LN0001660,15,2021-10,2020-07,15,345,157816.0,155039.13,5.296,700-739,90-95%,28-36%,MD,Purchase,Primary,Condo,Servicer_C,Current,0,0,0,0,,2021-10-01,Encompass,Under Exception,Current,0,0,0,0,0,
LN0001660,16,2021-11,2020-07,16,344,157816.0,154847.4,5.296,700-739,90-95%,28-36%,MD,Purchase,Primary,Condo,Servicer_C,Current,0,0,0,0,,2021-11-01,Encompass,Under Exception,Current,0,0,0,0,0,
LN0001660,17,2021-12,2020-07,17,343,157816.0,154654.82,5.296,700-739,90-95%,28-36%,MD,Purchase,Primary,Condo,Servicer_C,Current,0,0,0,0,,2021-12-01,Encompass,Under Exception,Current,0,0,0,0,0,
LN0001660,18,2022-01,2020-07,18,342,157816.0,154461.4,5.296,700-739,90-95%,28-36%,MD,Purchase,Primary,Condo,Servicer_C,Current,0,0,0,0,,2022-01-01,Encompass,Under Exception,Current,0,0,0,0,0,
LN0001660,19,2022-02,2020-07,19,341,157816.0,154267.12,5.296,700-739,90-95%,28-36%,MD,Purchase,Primary,Condo,Servicer_C,Current,0,0,0,0,,2022-02-01,Encompass,Under Exception,Current,0,0,0,0,0,
LN0001660,20,2022-03,2020-07,20,340,157816.0,154071.98,5.296,700-739,90-95%,28-36%,MD,Purchase,Primary,Condo,Servicer_C,Current,0,0,0,0,,2022-03-01,Encompass,Under Exception,Current,0,0,0,0,0,
LN0001660,21,2022-04,2020-07,21,339,157816.0,153875.99,5.296,700-739,90-95%,28-36%,MD,Purchase,Primary,Condo,Servicer_C,Current,0,0,0,0,,2022-04-01,Encompass,Under Exception,Current,0,0,0,0,0,
LN0001660,22,2022-05,2020-07,22,338,157816.0,153679.13,5.296,700-739,90-95%,28-36%,MD,Purchase,Primary,Condo,Servicer_C,Current,0,0,0,0,,2022-05-01,Encompass,Under Exception,Current,0,0,0,0,0,
LN0001660,23,2022-06,2020-07,23,337,157816.0,153481.4,5.296,700-739,90-95%,28-36%,MD,Purchase,Primary,Condo,Servicer_C,Current,0,0,0,0,,2022-06-01,Encompass,Under Exception,Current,0,0,0,0,0,
LN0001660,24,2022-07,2020-07,24,336,157816.0,153282.79,5.296,700-739,90-95%,28-36%,MD,Purchase,Primary,Condo,Servicer_C,Current,0,0,0,0,,2022-07-01,Encompass,Under Exception,Current,0,0,0,0,0,
LN0001660,25,2022-08,2020-07,25,335,157816.0,153083.31,5.296,700-739,90-95%,28-36%,MD,Purchase,Primary,Condo,Servicer_C,Current,0,0,0,0,,2022-08-01,Encompass,Under Exception,Current,0,0,0,0,0,
LN0001660,26,2022-09,2020-07,26,334,157816.0,152882.95,5.296,700-739,90-95%,28-36%,MD,Purchase,Primary,Condo,Servicer_C,Current,0,0,0,0,,2022-09-01,Encompass,Under Exception,Current,0,0,0,0,0,
LN0001660,27,2022-10,2020-07,27,333,157816.0,152681.71,5.296,700-739,90-95%,28-36%,MD,Purchase,Primary,Condo,Servicer_C,Current,0,0,0,0,,2022-10-01,Encompass,Under Exception,Current,0,0,0,0,0,
LN0001660,28,2022-11,2020-07,28,332,157816.0,152479.58,5.296,700-739,90-95%,28-36%,MD,Purchase,Primary,Condo,Servicer_C,Current,0,0,0,0,,2022-11-01,Encompass,Under Exception,Current,0,0,0,0,0,
LN0001660,29,2022-12,2020-07,29,331,157816.0,152276.55,5.296,700-739,90-95%,28-36%,MD,Purchase,Primary,Condo,Servicer_C,Current,0,0,0,0,,2022-12-01,Encompass,Under Exception,Current,0,0,0,0,0,
LN0001677,1,2020-12,2020-11,1,359,54126.0,54058.93,4.833,740-779,80-90%,>43%,IN,Purchase,Primary,Condo,Servicer_B,Current,0,0,0,0,,2020-12-01,CoreLogic,Complete,Current,0,0,0,0,0,
LN0001677,2,2021-01,2020-11,2,358,54126.0,53991.59,4.833,740-779,80-90%,>43%,IN,Purchase,Primary,Condo,Servicer_B,Current,0,0,0,0,,2021-01-01,CoreLogic,Complete,Current,0,0,0,0,0,
LN0001677,3,2021-02,2020-11,3,357,54126.0,53923.98,4.833,740-779,80-90%,>43%,IN,Purchase,Primary,Condo,Servicer_B,Current,0,0,0,0,,2021-02-01,CoreLogic,Complete,Current,0,0,0,0,0,
LN0001677,4,2021-03,2020-11,4,356,54126.0,53856.1,4.833,740-779,80-90%,>43%,IN,Purchase,Primary,Condo,Servicer_B,Current,0,0,0,0,,2021-03-01,CoreLogic,Complete,Current,0,0,0,0,0,
LN0001677,5,2021-04,2020-11,5,355,54126.0,53787.95,4.833,740-779,80-90%,>43%,IN,Purchase,Primary,Condo,Servicer_B,Current,0,0,0,0,,2021-04-01,CoreLogic,Complete,Current,0,0,0,0,0,
LN0001677,6,2021-05,2020-11,6,354,54126.0,53719.52,4.833,740-779,80-90%,>43%,IN,Purchase,Primary,Condo,Servicer_B,Current,0,0,0,0,,2021-05-01,CoreLogic,Complete,Current,0,0,0,0,0,
LN0001677,7,2021-06,2020-11,7,353,54126.0,53650.81,4.833,740-779,80-90%,>43%,IN,Purchase,Primary,Condo,Servicer_B,Current,0,0,0,0,,2021-06-01,CoreLogic,Complete,Current,0,0,0,0,0,
LN0001677,8,2021-07,2020-11,8,352,54126.0,53581.83,4.833,740-779,80-90%,>43%,IN,Purchase,Primary,Condo,Servicer_B,Current,0,0,0,0,,2021-07-01,CoreLogic,Complete,Current,0,0,0,0,0,
LN0001677,9,2021-08,2020-11,9,351,54126.0,53512.57,4.833,740-779,80-90%,>43%,IN,Purchase,Primary,Condo,Servicer_B,Current,0,0,0,0,,2021-08-01,CoreLogic,Complete,Current,0,0,0,0,0,
LN0001677,10,2021-09,2020-11,10,350,54126.0,53443.03,4.833,740-779,80-90%,>43%,IN,Purchase,Primary,Condo,Servicer_B,Current,0,0,0,0,,2021-09-01,CoreLogic,Complete,Current,0,0,0,0,0,
LN0001677,11,2021-10,2020-11,11,349,54126.0,53373.21,4.833,740-779,80-90%,>43%,IN,Purchase,Primary,Condo,Servicer_B,Current,0,0,0,0,,2021-10-01,CoreLogic,Complete,Current,0,0,0,0,0,
LN0001677,12,2021-11,2020-11,12,348,54126.0,53303.11,4.833,740-779,80-90%,>43%,IN,Purchase,Primary,Condo,Servicer_B,Current,0,0,0,0,,2021-11-01,CoreLogic,Complete,Current,0,0,0,0,0,
LN0001677,13,2021-12,2020-11,13,347,54126.0,53232.73,4.833,740-779,80-90%,>43%,IN,Purchase,Primary,Condo,Servicer_B,Current,0,0,0,0,,2021-12-01,CoreLogic,Complete,Current,0,0,0,0,0,
LN0001677,14,2022-01,2020-11,14,346,54126.0,53162.06,4.833,740-779,80-90%,>43%,IN,Purchase,Primary,Condo,Servicer_B,Current,0,0,0,0,,2022-01-01,CoreLogic,Complete,Current,0,0,0,0,0,
LN0001677,15,2022-02,2020-11,15,345,54126.0,53091.11,4.833,740-779,80-90%,>43%,IN,Purchase,Primary,Condo,Servicer_B,Current,0,0,0,0,,2022-02-01,CoreLogic,Complete,Current,0,0,0,0,0,
LN0001677,16,2022-03,2020-11,16,344,54126.0,53019.87,4.833,740-779,80-90%,>43%,IN,Purchase,Primary,Condo,Servicer_B,Current,0,0,0,0,,2022-03-01,CoreLogic,Complete,Current,0,0,0,0,0,
LN0001677,17,2022-04,2020-11,17,343,54126.0,52948.35,4.833,740-779,80-90%,>43%,IN,Purchase,Primary,Condo,Servicer_B,Current,0,0,0,0,,2022-04-01,CoreLogic,Complete,Current,0,0,0,0,0,
LN0001677,18,2022-05,2020-11,18,342,54126.0,52876.54,4.833,740-779,80-90%,>43%,IN,Purchase,Primary,Condo,Servicer_B,Current,0,0,0,0,,2022-05-01,CoreLogic,Complete,Current,0,0,0,0,0,
LN0001677,19,2022-06,2020-11,19,341,54126.0,52804.44,4.833,740-779,80-90%,>43%,IN,Purchase,Primary,Condo,Servicer_B,Current,0,0,0,0,,2022-06-01,CoreLogic,Complete,Current,0,0,0,0,0,
LN0001677,20,2022-07,2020-11,20,340,54126.0,52732.04,4.833,740-779,80-90%,>43%,IN,Purchase,Primary,Condo,Servicer_B,Current,0,0,0,0,,2022-07-01,CoreLogic,Complete,Current,0,0,0,0,0,
LN0001677,21,2022-08,2020-11,21,339,54126.0,52659.36,4.833,740-779,80-90%,>43%,IN,Purchase,Primary,Condo,Servicer_B,Current,0,0,0,0,,2022-08-01,CoreLogic,Complete,Current,0,0,0,0,0,
LN0001677,22,2022-09,2020-11,22,338,54126.0,52586.39,4.833,740-779,80-90%,>43%,IN,Purchase,Primary,Condo,Servicer_B,Current,0,0,0,0,,2022-09-01,CoreLogic,Complete,Current,0,0,0,0,0,
LN0001677,23,2022-10,2020-11,23,337,54126.0,52513.12,4.833,740-779,80-90%,>43%,IN,Purchase,Primary,Condo,Servicer_B,Current,0,0,0,0,,2022-10-01,CoreLogic,Complete,Current,0,0,0,0,0,
LN0001677,24,2022-11,2020-11,24,336,54126.0,52439.55,4.833,740-779,80-90%,>43%,IN,Purchase,Primary,Condo,Servicer_B,Current,0,0,0,0,,2022-11-01,CoreLogic,Complete,Current,0,0,0,0,0,
LN0001677,25,2022-12,2020-11,25,335,54126.0,52365.69,4.833,740-779,80-90%,>43%,IN,Purchase,Primary,Condo,Servicer_B,Current,0,0,0,0,,2022-12-01,CoreLogic,Complete,Current,0,0,0,0,0,
LN0001681,1,2022-12,2022-11,1,359,175129.0,175018.21,8.289,<620,80-90%,28-36%,MO,Purchase,Primary,Multi-Family,Servicer_A,Current,0,0,0,0,,2022-12-01,CoreLogic,Complete,Current,0,0,0,0,0,
LN0001687,1,2022-12,2022-11,1,239,50000.0,49876.25,4.851,660-699,90-95%,<20%,GA,Cash-Out Refinance,Primary,Single Family,Servicer_C,Current,0,0,0,0,,2022-12-01,Ellie Mae,Missing Items,Current,0,0,0,0,0,
LN0001697,1,2022-08,2022-07,1,359,159041.0,158831.57,,780+,80-90%,>43%,WA,Cash-Out Refinance,Primary,Single Family,Servicer_D,Current,0,0,0,0,,2022-08-01,CoreLogic,Complete,Current,0,0,0,0,0,
LN0001697,2,2022-09,2022-07,2,358,159041.0,158621.35,,780+,80-90%,>43%,WA,Cash-Out Refinance,Primary,Single Family,Servicer_D,Current,0,0,0,0,,2022-09-01,CoreLogic,Complete,Current,0,0,0,0,0,
LN0001697,3,2022-10,2022-07,3,357,159041.0,158410.34,,780+,80-90%,>43%,WA,Cash-Out Refinance,Primary,Single Family,Servicer_D,Current,0,0,0,0,,2022-10-01,CoreLogic,Complete,Current,0,0,0,0,0,
LN0001697,4,2022-11,2022-07,4,356,159041.0,158198.54,,780+,80-90%,>43%,WA,Cash-Out Refinance,Primary,Single Family,Servicer_D,Current,0,0,0,0,,2022-11-01,CoreLogic,Complete,Current,0,0,0,0,0,
LN0001697,5,2022-12,2022-07,5,355,159041.0,157985.95,,780+,80-90%,>43%,WA,Cash-Out Refinance,Primary,Single Family,Servicer_D,Current,0,0,0,0,,2022-12-01,CoreLogic,Complete,Current,0,0,0,0,0,
LN0001703,1,2020-10,2020-09,1,239,292398.0,291422.24,2.154,740-779,70-80%,20-28%,IN,Purchase,Primary,Single Family,Servicer_C,Current,0,0,0,0,,2020-10-01,Ellie Mae,Missing Items,Current,0,0,0,0,0,
LN0001703,2,2020-11,2020-09,2,238,292398.0,290444.73,2.154,740-779,70-80%,20-28%,IN,Purchase,Primary,Single Family,Servicer_C,Current,0,0,0,0,,2020-11-01,Ellie Mae,Missing Items,Current,0,0,0,0,0,
LN0001703,3,2020-12,2020-09,3,237,292398.0,289465.47,2.154,740-779,70-80%,20-28%,IN,Purchase,Primary,Single Family,Servicer_C,Current,0,0,0,0,,2020-12-01,Ellie Mae,Missing Items,Current,0,0,0,0,0,
LN0001703,4,2021-01,2020-09,4,236,292398.0,288484.44,2.154,740-779,70-80%,20-28%,IN,Purchase,Primary,Single Family,Servicer_C,Current,0,0,0,0,,2021-01-01,Ellie Mae,Missing Items,Current,0,0,0,0,0,
LN0001703,5,2021-02,2020-09,5,235,292398.0,287501.66,2.154,740-779,70-80%,20-28%,IN,Purchase,Primary,Single Family,Servicer_C,Current,0,0,0,0,,2021-02-01,Ellie Mae,Missing Items,Current,0,0,0,0,0,
LN0001703,6,2021-03,2020-09,6,234,292398.0,286517.11,2.154,740-779,70-80%,20-28%,IN,Purchase,Primary,Single Family,Servicer_C,Current,0,0,0,0,,2021-03-01,Ellie Mae,Missing Items,Current,0,0,0,0,0,
LN0001703,7,2021-04,2020-09,7,233,292398.0,285530.8,2.154,740-779,70-80%,20-28%,IN,Purchase,Primary,Single Family,Servicer_C,Current,0,0,0,0,,2021-04-01,Ellie Mae,Missing Items,Current,0,0,0,0,0,
LN0001703,8,2021-05,2020-09,8,232,292398.0,284542.71,2.154,740-779,70-80%,20-28%,IN,Purchase,Primary,Single Family,Servicer_C,Current,0,0,0,0,,2021-05-01,Ellie Mae,Missing Items,Current,0,0,0,0,0,
LN0001703,9,2021-06,2020-09,9,231,292398.0,283552.86,2.154,740-779,70-80%,20-28%,IN,Purchase,Primary,Single Family,Servicer_C,Current,0,0,0,0,,2021-06-01,Ellie Mae,Missing Items,Current,0,0,0,0,0,
LN0001703,10,2021-07,2020-09,10,230,292398.0,282561.22,2.154,740-779,70-80%,20-28%,IN,Purchase,Primary,Single Family,Servicer_C,Current,0,0,0,0,,2021-07-01,Ellie Mae,Missing Items,Current,0,0,0,0,0,
LN0001703,11,2021-08,2020-09,11,229,292398.0,281567.8,2.154,740-779,70-80%,20-28%,IN,Purchase,Primary,Single Family,Servicer_C,Current,0,0,0,0,,2021-08-01,Ellie Mae,Missing Items,Current,0,0,0,0,0,
LN0001703,12,2021-09,2020-09,12,228,292398.0,280572.61,2.154,740-779,70-80%,20-28%,IN,Purchase,Primary,Single Family,Servicer_C,Current,0,0,0,0,,2021-09-01,Ellie Mae,Missing Items,Current,0,0,0,0,0,
LN0001703,13,2021-10,2020-09,13,227,292398.0,279575.62,2.154,740-779,70-80%,20-28%,IN,Purchase,Primary,Single Family,Servicer_C,Current,0,0,0,0,,2021-10-01,Ellie Mae,Missing Items,Current,0,0,0,0,0,
LN0001703,14,2021-11,2020-09,14,226,292398.0,278576.85,2.154,740-779,70-80%,20-28%,IN,Purchase,Primary,Single Family,Servicer_C,Current,0,0,0,0,,2021-11-01,Ellie Mae,Missing Items,Current,0,0,0,0,0,
LN0001703,15,2021-12,2020-09,15,225,292398.0,277576.28,2.154,740-779,70-80%,20-28%,IN,Purchase,Primary,Single Family,Servicer_C,Current,0,0,0,0,,2021-12-01,Ellie Mae,Missing Items,Current,0,0,0,0,0,
LN0001703,16,2022-01,2020-09,16,224,292398.0,276573.92,2.154,740-779,70-80%,20-28%,IN,Purchase,Primary,Single Family,Servicer_C,Current,0,0,0,0,,2022-01-01,Ellie Mae,Missing Items,Current,0,0,0,0,0,
LN0001703,17,2022-02,2020-09,17,223,292398.0,275569.75,2.154,740-779,70-80%,20-28%,IN,Purchase,Primary,Single Family,Servicer_C,Current,0,0,0,0,,2022-02-01,Ellie Mae,Missing Items,Current,0,0,0,0,0,
LN0001703,18,2022-03,2020-09,18,222,292398.0,274563.79,2.154,740-779,70-80%,20-28%,IN,Purchase,Primary,Single Family,Servicer_C,Current,0,0,0,0,,2022-03-01,Ellie Mae,Missing Items,Current,0,0,0,0,0,
LN0001703,19,2022-04,2020-09,19,221,292398.0,273556.02,2.154,740-779,70-80%,20-28%,IN,Purchase,Primary,Single Family,Servicer_C,Current,0,0,0,0,,2022-04-01,Ellie Mae,Missing Items,Current,0,0,0,0,0,
LN0001703,20,2022-05,2020-09,20,220,292398.0,272546.44,2.154,740-779,70-80%,20-28%,IN,Purchase,Primary,Single Family,Servicer_C,Current,0,0,0,0,,2022-05-01,Ellie Mae,Missing Items,Current,0,0,0,0,0,
LN0001703,21,2022-06,2020-09,21,219,292398.0,271535.05,2.154,740-779,70-80%,20-28%,IN,Purchase,Primary,Single Family,Servicer_C,Current,0,0,0,0,,2022-06-01,Ellie Mae,Missing Items,Current,0,0,0,0,0,
LN0001703,22,2022-07,2020-09,22,218,292398.0,270521.84,2.154,740-779,70-80%,20-28%,IN,Purchase,Primary,Single Family,Servicer_C,Current,0,0,0,0,,2022-07-01,Ellie Mae,Missing Items,Current,0,0,0,0,0,
LN0001703,23,2022-08,2020-09,23,217,292398.0,269506.81,2.154,740-779,70-80%,20-28%,IN,Purchase,Primary,Single Family,Servicer_C,Current,0,0,0,0,,2022-08-01,Ellie Mae,Missing Items,Current,0,0,0,0,0,
LN0001703,24,2022-09,2020-09,24,216,292398.0,268489.96,2.154,740-779,70-80%,20-28%,IN,Purchase,Primary,Single Family,Servicer_C,Current,0,0,0,0,,2022-09-01,Ellie Mae,Missing Items,Current,0,0,0,0,0,
LN0001703,25,2022-10,2020-09,25,215,292398.0,267471.29,2.154,740-779,70-80%,20-28%,IN,Purchase,Primary,Single Family,Servicer_C,Current,0,0,0,0,,2022-10-01,Ellie Mae,Missing Items,Current,0,0,0,0,0,
LN0001703,26,2022-11,2020-09,26,214,292398.0,266450.79,2.154,740-779,70-80%,20-28%,IN,Purchase,Primary,Single Family,Servicer_C,Current,0,0,0,0,,2022-11-01,Ellie Mae,Missing Items,Current,0,0,0,0,0,
LN0001703,27,2022-12,2020-09,27,213,292398.0,265428.45,2.154,740-779,70-80%,20-28%,IN,Purchase,Primary,Single Family,Servicer_C,Current,0,0,0,0,,2022-12-01,Ellie Mae,Missing Items,Current,0,0,0,0,0,
LN0001705,1,2021-08,2021-07,1,359,96542.0,96437.46,5.557,620-659,60-70%,28-36%,WI,Refinance,Investment,Condo,Servicer_B,Current,0,0,0,0,,2021-08-01,CoreLogic,Complete,Current,0,0,0,0,0,
LN0001705,2,2021-09,2021-07,2,358,96542.0,96332.43,5.557,620-659,60-70%,28-36%,WI,Refinance,Investment,Condo,Servicer_B,Current,0,0,0,0,,2021-09-01,CoreLogic,Complete,Current,0,0,0,0,0,
LN0001705,3,2021-10,2021-07,3,357,96542.0,96226.92,5.557,620-659,60-70%,28-36%,WI,Refinance,Investment,Condo,Servicer_B,Current,0,0,0,0,,2021-10-01,CoreLogic,Complete,Current,0,0,0,0,0,
LN0001705,4,2021-11,2021-07,4,356,96542.0,96120.92,5.557,620-659,60-70%,28-36%,WI,Refinance,Investment,Condo,Servicer_B,Current,0,0,0,0,,2021-11-01,CoreLogic,Complete,Current,0,0,0,0,0,
LN0001705,5,2021-12,2021-07,5,355,96542.0,96014.42,5.557,620-659,60-70%,28-36%,WI,Refinance,Investment,Condo,Servicer_B,Current,0,0,0,0,,2021-12-01,CoreLogic,Complete,Current,0,0,0,0,0,
LN0001705,6,2022-01,2021-07,6,354,96542.0,95907.44,5.557,620-659,60-70%,28-36%,WI,Refinance,Investment,Condo,Servicer_B,Current,0,0,0,0,,2022-01-01,CoreLogic,Complete,Current,0,0,0,0,0,
LN0001705,7,2022-02,2021-07,7,353,96542.0,95799.96,5.557,620-659,60-70%,28-36%,WI,Refinance,Investment,Condo,Servicer_B,Current,0,0,0,0,,2022-02-01,CoreLogic,Complete,Current,0,0,0,0,0,
LN0001705,8,2022-03,2021-07,8,352,96542.0,95691.98,5.557,620-659,60-70%,28-36%,WI,Refinance,Investment,Condo,Servicer_B,Current,0,0,0,0,,2022-03-01,CoreLogic,Complete,Current,0,0,0,0,0,
LN0001705,9,2022-04,2021-07,9,351,96542.0,95583.5,5.557,620-659,60-70%,28-36%,WI,Refinance,Investment,Condo,Servicer_B,Current,0,0,0,0,,2022-04-01,CoreLogic,Complete,Current,0,0,0,0,0,
LN0001705,10,2022-05,2021-07,10,350,96542.0,95474.52,5.557,620-659,60-70%,28-36%,WI,Refinance,Investment,Condo,Servicer_B,Current,0,0,0,0,,2022-05-01,CoreLogic,Complete,Current,0,0,0,0,0,
LN0001705,11,2022-06,2021-07,11,349,96542.0,95365.03,5.557,620-659,60-70%,28-36%,WI,Refinance,Investment,Condo,Servicer_B,Current,0,0,0,0,,2022-06-01,CoreLogic,Complete,Current,0,0,0,0,0,
LN0001705,12,2022-07,2021-07,12,348,96542.0,95255.04,5.557,620-659,60-70%,28-36%,WI,Refinance,Investment,Condo,Servicer_B,Current,0,0,0,0,,2022-07-01,CoreLogic,Complete,Current,0,0,0,0,0,
LN0001705,13,2022-08,2021-07,13,347,96542.0,95144.54,5.557,620-659,60-70%,28-36%,WI,Refinance,Investment,Condo,Servicer_B,Current,0,0,0,0,,2022-08-01,CoreLogic,Complete,Current,0,0,0,0,0,
LN0001705,14,2022-09,2021-07,14,346,96542.0,95033.52,5.557,620-659,60-70%,28-36%,WI,Refinance,Investment,Condo,Servicer_B,Current,0,0,0,0,,2022-09-01,CoreLogic,Complete,Current,0,0,0,0,0,
LN0001705,15,2022-10,2021-07,15,345,96542.0,94922.0,5.557,620-659,60-70%,28-36%,WI,Refinance,Investment,Condo,Servicer_B,Current,0,0,0,0,,2022-10-01,CoreLogic,Complete,Current,0,0,0,0,0,
LN0001705,16,2022-11,2021-07,16,344,96542.0,94809.95,5.557,620-659,60-70%,28-36%,WI,Refinance,Investment,Condo,Servicer_B,Current,0,0,0,0,,2022-11-01,CoreLogic,Complete,Current,0,0,0,0,0,
LN0001705,17,2022-12,2021-07,17,343,96542.0,94697.39,5.557,620-659,60-70%,28-36%,WI,Refinance,Investment,Condo,Servicer_B,Current,0,0,0,0,,2022-12-01,CoreLogic,Complete,Current,0,0,0,0,0,
LN0001729,1,2022-07,2022-06,1,359,50307.0,50259.0,6.221,660-699,80-90%,28-36%,VA,Refinance,Primary,Multi-Family,Servicer_B,Current,0,0,0,0,,2022-07-01,CoreLogic,Complete,Current,0,0,0,0,0,
LN0001729,2,2022-08,2022-06,2,358,50307.0,50210.75,6.221,660-699,80-90%,28-36%,VA,Refinance,Primary,Multi-Family,Servicer_B,Current,0,0,0,0,,2022-08-01,CoreLogic,Complete,Current,0,0,0,0,0,
LN0001729,3,2022-09,2022-06,3,357,50307.0,50162.25,6.221,660-699,80-90%,28-36%,VA,Refinance,Primary,Multi-Family,Servicer_B,Current,0,0,0,0,,2022-09-01,CoreLogic,Complete,Current,0,0,0,0,0,
LN0001729,4,2022-10,2022-06,4,356,50307.0,50113.5,6.221,660-699,80-90%,28-36%,VA,Refinance,Primary,Multi-Family,Servicer_B,Current,0,0,0,0,,2022-10-01,CoreLogic,Complete,Current,0,0,0,0,0,
LN0001729,5,2022-11,2022-06,5,355,50307.0,50064.49,6.221,660-699,80-90%,28-36%,VA,Refinance,Primary,Multi-Family,Servicer_B,Current,0,0,0,0,,2022-11-01,CoreLogic,Complete,Current,0,0,0,0,0,
LN0001729,6,2022-12,2022-06,6,354,50307.0,50015.24,6.221,660-699,80-90%,28-36%,VA,Refinance,Primary,Multi-Family,Servicer_B,Current,0,0,0,0,,2022-12-01,CoreLogic,Complete,Current,0,0,0,0,0,
LN0001739,1,2021-07,2021-06,1,179,172026.0,171271.41,3.055,780+,70-80%,20-28%,MA,Purchase,Primary,Townhouse,Servicer_A,Current,0,0,0,0,,2021-07-01,Ellie Mae,Missing Items,Current,0,0,0,0,0,
LN0001739,2,2021-08,2021-06,2,178,172026.0,170514.91,3.055,780+,70-80%,20-28%,MA,Purchase,Primary,Townhouse,Servicer_A,Current,0,0,0,0,,2021-08-01,Ellie Mae,Missing Items,Current,0,0,0,0,0,
LN0001739,3,2021-09,2021-06,3,177,172026.0,169756.47,3.055,780+,70-80%,20-28%,MA,Purchase,Primary,Townhouse,Servicer_A,Current,0,0,0,0,,2021-09-01,Ellie Mae,Missing Items,Current,0,0,0,0,0,
LN0001739,4,2021-10,2021-06,4,176,172026.0,168996.11,3.055,780+,70-80%,20-28%,MA,Purchase,Primary,Townhouse,Servicer_A,Current,0,0,0,0,,2021-10-01,Ellie Mae,Missing Items,Current,0,0,0,0,0,
LN0001739,5,2021-11,2021-06,5,175,172026.0,168233.81,3.055,780+,70-80%,20-28%,MA,Purchase,Primary,Townhouse,Servicer_A,Current,0,0,0,0,,2021-11-01,Ellie Mae,Missing Items,Current,0,0,0,0,0,
LN0001739,6,2021-12,2021-06,6,174,172026.0,167469.57,3.055,780+,70-80%,20-28%,MA,Purchase,Primary,Townhouse,Servicer_A,Current,0,0,0,0,,2021-12-01,Ellie Mae,Missing Items,Current,0,0,0,0,0,
LN0001739,7,2022-01,2021-06,7,173,172026.0,166703.38,3.055,780+,70-80%,20-28%,MA,Purchase,Primary,Townhouse,Servicer_A,Current,0,0,0,0,,2022-01-01,Ellie Mae,Missing Items,Current,0,0,0,0,0,
LN0001739,8,2022-02,2021-06,8,172,172026.0,165935.25,3.055,780+,70-80%,20-28%,MA,Purchase,Primary,Townhouse,Servicer_A,Current,0,0,0,0,,2022-02-01,Ellie Mae,Missing Items,Current,0,0,0,0,0,
LN0001739,9,2022-03,2021-06,9,171,172026.0,165165.15,3.055,780+,70-80%,20-28%,MA,Purchase,Primary,Townhouse,Servicer_A,Current,0,0,0,0,,2022-03-01,Ellie Mae,Missing Items,Current,0,0,0,0,0,
LN0001739,10,2022-04,2021-06,10,170,172026.0,164393.1,3.055,780+,70-80%,20-28%,MA,Purchase,Primary,Townhouse,Servicer_A,Current,0,0,0,0,,2022-04-01,Ellie Mae,Missing Items,Current,0,0,0,0,0,
LN0001739,11,2022-05,2021-06,11,169,172026.0,163619.08,3.055,780+,70-80%,20-28%,MA,Purchase,Primary,Townhouse,Servicer_A,Current,0,0,0,0,,2022-05-01,Ellie Mae,Missing Items,Current,0,0,0,0,0,
LN0001739,12,2022-06,2021-06,12,168,172026.0,162843.09,3.055,780+,70-80%,20-28%,MA,Purchase,Primary,Townhouse,Servicer_A,Current,0,0,0,0,,2022-06-01,Ellie Mae,Missing Items,Current,0,0,0,0,0,
LN0001739,13,2022-07,2021-06,13,167,172026.0,162065.13,3.055,780+,70-80%,20-28%,MA,Purchase,Primary,Townhouse,Servicer_A,Current,0,0,0,0,,2022-07-01,Ellie Mae,Missing Items,Current,0,0,0,0,0,
LN0001739,14,2022-08,2021-06,14,166,172026.0,161285.19,3.055,780+,70-80%,20-28%,MA,Purchase,Primary,Townhouse,Servicer_A,Current,0,0,0,0,,2022-08-01,Ellie Mae,Missing Items,Current,0,0,0,0,0,
LN0001739,15,2022-09,2021-06,15,165,172026.0,160503.25,3.055,780+,70-80%,20-28%,MA,Purchase,Primary,Townhouse,Servicer_A,Current,0,0,0,0,,2022-09-01,Ellie Mae,Missing Items,Current,0,0,0,0,0,
LN0001739,16,2022-10,2021-06,16,164,172026.0,159719.33,3.055,780+,70-80%,20-28%,MA,Purchase,Primary,Townhouse,Servicer_A,Current,0,0,0,0,,2022-10-01,Ellie Mae,Missing Items,Current,0,0,0,0,0,
LN0001739,17,2022-11,2021-06,17,163,172026.0,158933.42,3.055,780+,70-80%,20-28%,MA,Purchase,Primary,Townhouse,Servicer_A,Current,0,0,0,0,,2022-11-01,Ellie Mae,Missing Items,Current,0,0,0,0,0,
LN0001739,18,2022-12,2021-06,18,162,172026.0,158145.5,3.055,780+,70-80%,20-28%,MA,Purchase,Primary,Townhouse,Servicer_A,Current,0,0,0,0,,2022-12-01,Ellie Mae,Missing Items,Current,0,0,0,0,0,
LN0001754,1,2022-11,2022-10,1,359,76211.0,76134.04,5.925,700-739,80-90%,28-36%,WI,Home Improvement,Primary,Single Family,Servicer_D,Current,0,0,0,0,,2022-11-01,Black Knight,Pending Review,Current,0,0,0,0,0,
LN0001754,2,2022-12,2022-10,2,358,76211.0,76056.69,5.925,700-739,80-90%,28-36%,WI,Home Improvement,Primary,Single Family,Servicer_D,Current,0,0,0,0,,2022-12-01,Black Knight,Pending Review,Current,0,0,0,0,0,
LN0001755,1,2020-12,2020-11,1,359,62087.0,61989.65,3.521,780+,60-70%,28-36%,VA,Refinance,Primary,Single Family,Servicer_C,Current,0,0,0,0,,2020-12-01,Ellie Mae,Missing Items,Current,0,0,0,0,0,
LN0001755,2,2021-01,2020-11,2,358,62087.0,61892.01,3.521,780+,60-70%,28-36%,VA,Refinance,Primary,Single Family,Servicer_C,Current,0,0,0,0,,2021-01-01,Ellie Mae,Missing Items,Current,0,0,0,0,0,
LN0001755,3,2021-02,2020-11,3,357,62087.0,61794.08,3.521,780+,60-70%,28-36%,VA,Refinance,Primary,Single Family,Servicer_C,Current,0,0,0,0,,2021-02-01,Ellie Mae,Missing Items,Current,0,0,0,0,0,
LN0001755,4,2021-03,2020-11,4,356,62087.0,61695.87,3.521,780+,60-70%,28-36%,VA,Refinance,Primary,Single Family,Servicer_C,Current,0,0,0,0,,2021-03-01,Ellie Mae,Missing Items,Current,0,0,0,0,0,
LN0001755,5,2021-04,2020-11,5,355,62087.0,61597.37,3.521,780+,60-70%,28-36%,VA,Refinance,Primary,Single Family,Servicer_C,Current,0,0,0,0,,2021-04-01,Ellie Mae,Missing Items,Current,0,0,0,0,0,
LN0001755,6,2021-05,2020-11,6,354,62087.0,61498.58,3.521,780+,60-70%,28-36%,VA,Refinance,Primary,Single Family,Servicer_C,Current,0,0,0,0,,2021-05-01,Ellie Mae,Missing Items,Current,0,0,0,0,0,
LN0001755,7,2021-06,2020-11,7,353,62087.0,61399.5,3.521,780+,60-70%,28-36%,VA,Refinance,Primary,Single Family,Servicer_C,Current,0,0,0,0,,2021-06-01,Ellie Mae,Missing Items,Current,0,0,0,0,0,
LN0001755,8,2021-07,2020-11,8,352,62087.0,61300.13,3.521,780+,60-70%,28-36%,VA,Refinance,Primary,Single Family,Servicer_C,Current,0,0,0,0,,2021-07-01,Ellie Mae,Missing Items,Current,0,0,0,0,0,
LN0001755,9,2021-08,2020-11,9,351,62087.0,61200.47,3.521,780+,60-70%,28-36%,VA,Refinance,Primary,Single Family,Servicer_C,Current,0,0,0,0,,2021-08-01,Ellie Mae,Missing Items,Current,0,0,0,0,0,
LN0001755,10,2021-09,2020-11,10,350,62087.0,61100.51,3.521,780+,60-70%,28-36%,VA,Refinance,Primary,Single Family,Servicer_C,Current,0,0,0,0,,2021-09-01,Ellie Mae,Missing Items,Current,0,0,0,0,0,
LN0001755,11,2021-10,2020-11,11,349,62087.0,61000.27,3.521,780+,60-70%,28-36%,VA,Refinance,Primary,Single Family,Servicer_C,Current,0,0,0,0,,2021-10-01,Ellie Mae,Missing Items,Current,0,0,0,0,0,
LN0001755,12,2021-11,2020-11,12,348,62087.0,60899.72,3.521,780+,60-70%,28-36%,VA,Refinance,Primary,Single Family,Servicer_C,Current,0,0,0,0,,2021-11-01,Ellie Mae,Missing Items,Current,0,0,0,0,0,
LN0001755,13,2021-12,2020-11,13,347,62087.0,60798.89,3.521,780+,60-70%,28-36%,VA,Refinance,Primary,Single Family,Servicer_C,Current,0,0,0,0,,2021-12-01,Ellie Mae,Missing Items,Current,0,0,0,0,0,
LN0001755,14,2022-01,2020-11,14,346,62087.0,60697.76,3.521,780+,60-70%,28-36%,VA,Refinance,Primary,Single Family,Servicer_C,Current,0,0,0,0,,2022-01-01,Ellie Mae,Missing Items,Current,0,0,0,0,0,
LN0001755,15,2022-02,2020-11,15,345,62087.0,60596.33,3.521,780+,60-70%,28-36%,VA,Refinance,Primary,Single Family,Servicer_C,Current,0,0,0,0,,2022-02-01,Ellie Mae,Missing Items,Current,0,0,0,0,0,
LN0001755,16,2022-03,2020-11,16,344,62087.0,60494.6,3.521,780+,60-70%,28-36%,VA,Refinance,Primary,Single Family,Servicer_C,Current,0,0,0,0,,2022-03-01,Ellie Mae,Missing Items,Current,0,0,0,0,0,
LN0001755,17,2022-04,2020-11,17,343,62087.0,60392.57,3.521,780+,60-70%,28-36%,VA,Refinance,Primary,Single Family,Servicer_C,Current,0,0,0,0,,2022-04-01,Ellie Mae,Missing Items,Current,0,0,0,0,0,
LN0001755,18,2022-05,2020-11,18,342,62087.0,60290.25,3.521,780+,60-70%,28-36%,VA,Refinance,Primary,Single Family,Servicer_C,Current,0,0,0,0,,2022-05-01,Ellie Mae,Missing Items,Current,0,0,0,0,0,
LN0001755,19,2022-06,2020-11,19,341,62087.0,60187.62,3.521,780+,60-70%,28-36%,VA,Refinance,Primary,Single Family,Servicer_C,Current,0,0,0,0,,2022-06-01,Ellie Mae,Missing Items,Current,0,0,0,0,0,
LN0001755,20,2022-07,2020-11,20,340,62087.0,60084.7,3.521,780+,60-70%,28-36%,VA,Refinance,Primary,Single Family,Servicer_C,Current,0,0,0,0,,2022-07-01,Ellie Mae,Missing Items,Current,0,0,0,0,0,
LN0001755,21,2022-08,2020-11,21,339,62087.0,59981.47,3.521,780+,60-70%,28-36%,VA,Refinance,Primary,Single Family,Servicer_C,Current,0,0,0,0,,2022-08-01,Ellie Mae,Missing Items,Current,0,0,0,0,0,
LN0001755,22,2022-09,2020-11,22,338,62087.0,59877.94,3.521,780+,60-70%,28-36%,VA,Refinance,Primary,Single Family,Servicer_C,Current,0,0,0,0,,2022-09-01,Ellie Mae,Missing Items,Current,0,0,0,0,0,
LN0001755,23,2022-10,2020-11,23,337,62087.0,59774.1,3.521,780+,60-70%,28-36%,VA,Refinance,Primary,Single Family,Servicer_C,Current,0,0,0,0,,2022-10-01,Ellie Mae,Missing Items,Current,0,0,0,1,0,
LN0001755,24,2022-11,2020-11,24,336,62087.0,59669.96,3.521,780+,60-70%,28-36%,VA,Refinance,Primary,Single Family,Servicer_C,Current,0,0,0,0,,2022-11-01,Ellie Mae,Missing Items,Current,0,0,0,1,0,
LN0001755,25,2022-12,2020-11,25,335,62087.0,59565.52,3.521,780+,60-70%,28-36%,VA,Refinance,Primary,Single Family,Servicer_C,Current,0,0,0,0,,2022-12-01,Ellie Mae,Missing Items,Current,0,0,0,1,0,
LN0001757,1,2021-09,2021-08,1,359,68220.0,68139.47,5.096,700-739,>95%,20-28%,TX,Home Improvement,Primary,Single Family,Servicer_A,Current,0,0,0,0,,2021-09-01,CoreLogic,Complete,Current,0,0,0,0,0,
LN0001757,2,2021-10,2021-08,2,358,68220.0,68058.61,5.096,700-739,>95%,20-28%,TX,Home Improvement,Primary,Single Family,Servicer_A,Current,0,0,0,0,,2021-10-01,CoreLogic,Complete,Current,0,0,0,0,0,
LN0001757,3,2021-11,2021-08,3,357,68220.0,67977.4,5.096,700-739,>95%,20-28%,TX,Home Improvement,Primary,Single Family,Servicer_A,Current,0,0,0,0,,2021-11-01,CoreLogic,Complete,Current,0,0,0,0,0,
LN0001757,4,2021-12,2021-08,4,356,68220.0,67895.84,5.096,700-739,>95%,20-28%,TX,Home Improvement,Primary,Single Family,Servicer_A,Current,0,0,0,0,,2021-12-01,CoreLogic,Complete,Current,0,0,0,0,0,
LN0001757,5,2022-01,2021-08,5,355,68220.0,67813.94,5.096,700-739,>95%,20-28%,TX,Home Improvement,Primary,Single Family,Servicer_A,Current,0,0,0,0,,2022-01-01,CoreLogic,Complete,Current,0,0,0,0,0,
LN0001757,6,2022-02,2021-08,6,354,68220.0,67731.69,5.096,700-739,>95%,20-28%,TX,Home Improvement,Primary,Single Family,Servicer_A,Current,0,0,0,0,,2022-02-01,CoreLogic,Complete,Current,0,0,0,0,0,
LN0001757,7,2022-03,2021-08,7,353,68220.0,67649.09,5.096,700-739,>95%,20-28%,TX,Home Improvement,Primary,Single Family,Servicer_A,Current,0,0,0,0,,2022-03-01,CoreLogic,Complete,Current,0,0,0,0,0,
LN0001757,8,2022-04,2021-08,8,352,68220.0,67566.14,5.096,700-739,>95%,20-28%,TX,Home Improvement,Primary,Single Family,Servicer_A,Current,0,0,0,0,,2022-04-01,CoreLogic,Complete,Current,0,0,0,0,0,
LN0001757,9,2022-05,2021-08,9,351,68220.0,67482.84,5.096,700-739,>95%,20-28%,TX,Home Improvement,Primary,Single Family,Servicer_A,Current,0,0,0,0,,2022-05-01,CoreLogic,Complete,Current,0,0,0,0,0,
LN0001757,10,2022-06,2021-08,10,350,68220.0,67399.19,5.096,700-739,>95%,20-28%,TX,Home Improvement,Primary,Single Family,Servicer_A,Current,0,0,0,0,,2022-06-01,CoreLogic,Complete,Current,0,0,0,0,0,
LN0001757,11,2022-07,2021-08,11,349,68220.0,67315.17,5.096,700-739,>95%,20-28%,TX,Home Improvement,Primary,Single Family,Servicer_A,Current,0,0,0,0,,2022-07-01,CoreLogic,Complete,Current,0,0,0,0,0,
LN0001757,12,2022-08,2021-08,12,348,68220.0,67230.81,5.096,700-739,>95%,20-28%,TX,Home Improvement,Primary,Single Family,Servicer_A,Current,0,0,0,0,,2022-08-01,CoreLogic,Complete,Current,0,0,0,0,0,
LN0001757,13,2022-09,2021-08,13,347,68220.0,67146.08,5.096,700-739,>95%,20-28%,TX,Home Improvement,Primary,Single Family,Servicer_A,Current,0,0,0,0,,2022-09-01,CoreLogic,Complete,Current,0,0,0,0,0,
LN0001757,14,2022-10,2021-08,14,346,68220.0,67061.0,5.096,700-739,>95%,20-28%,TX,Home Improvement,Primary,Single Family,Servicer_A,Current,0,0,0,0,,2022-10-01,CoreLogic,Complete,Current,0,0,0,0,0,
LN0001757,15,2022-11,2021-08,15,345,68220.0,66975.55,5.096,700-739,>95%,20-28%,TX,Home Improvement,Primary,Single Family,Servicer_A,Current,0,0,0,0,,2022-11-01,CoreLogic,Complete,Current,0,0,0,0,0,
LN0001757,16,2022-12,2021-08,16,344,68220.0,66889.74,5.096,700-739,>95%,20-28%,TX,Home Improvement,Primary,Single Family,Servicer_A,Current,0,0,0,0,,2022-12-01,CoreLogic,Complete,Current,0,0,0,0,0,
LN0001766,1,2022-10,2022-09,1,179,167896.0,167262.44,4.897,740-779,90-95%,28-36%,TX,Purchase,Primary,Single Family,Servicer_B,Current,0,0,0,0,,2022-10-01,Black Knight,Pending Review,Current,0,0,0,0,0,
LN0001766,2,2022-11,2022-09,2,178,167896.0,166626.29,4.897,740-779,90-95%,28-36%,TX,Purchase,Primary,Single Family,Servicer_B,Current,0,0,0,0,,2022-11-01,Black Knight,Pending Review,Current,0,0,0,0,0,
LN0001766,3,2022-12,2022-09,3,177,167896.0,165987.54,4.897,740-779,90-95%,28-36%,TX,Purchase,Primary,Single Family,Servicer_B,Current,0,0,0,0,,2022-12-01,Black Knight,Pending Review,Current,0,0,0,0,0,
LN0001772,1,2022-08,2022-07,1,359,124486.0,124324.97,4.598,620-659,80-90%,<20%,FL,Refinance,Second Home,Single Family,Servicer_B,Current,0,0,0,0,,2022-08-01,Encompass,Under Exception,Current,0,0,0,0,0,
LN0001772,2,2022-09,2022-07,2,358,124486.0,124163.32,4.598,620-659,80-90%,<20%,FL,Refinance,Second Home,Single Family,Servicer_B,Current,0,0,0,0,,2022-09-01,Encompass,Under Exception,Current,0,0,0,0,0,
LN0001772,3,2022-10,2022-07,3,357,124486.0,124001.05,4.598,620-659,80-90%,<20%,FL,Refinance,Second Home,Single Family,Servicer_B,Current,0,0,0,0,,2022-10-01,Encompass,Under Exception,Current,0,0,0,0,0,
LN0001772,4,2022-11,2022-07,4,356,124486.0,123838.16,4.598,620-659,80-90%,<20%,FL,Refinance,Second Home,Single Family,Servicer_B,Current,0,0,0,0,,2022-11-01,Encompass,Under Exception,Current,0,0,0,0,0,
LN0001772,5,2022-12,2022-07,5,355,124486.0,123674.64,4.598,620-659,80-90%,<20%,FL,Refinance,Second Home,Single Family,Servicer_B,Current,0,0,0,0,,2022-12-01,Encompass,Under Exception,Current,0,0,0,0,0,
LN0001773,1,2022-11,2022-10,1,359,107074.0,106947.28,5.082,660-699,80-90%,<20%,TX,Purchase,Investment,Single Family,Servicer_A,Current,0,0,0,0,,2022-11-01,CoreLogic,Complete,Current,0,0,0,0,0,
LN0001773,2,2022-12,2022-10,2,358,107074.0,106820.03,5.082,660-699,80-90%,<20%,TX,Purchase,Investment,Single Family,Servicer_A,Current,0,0,0,0,,2022-12-01,CoreLogic,Complete,Current,0,0,0,0,0,
LN0001807,1,2021-04,2021-03,1,359,271803.0,271295.48,2.502,780+,70-80%,20-28%,AZ,Cash-Out Refinance,Primary,Single Family,Servicer_A,Current,0,0,0,0,,2021-04-01,Ellie Mae,Missing Items,Current,0,0,0,0,0,
LN0001807,2,2021-05,2021-03,2,358,271803.0,270786.89,2.502,780+,70-80%,20-28%,AZ,Cash-Out Refinance,Primary,Single Family,Servicer_A,Current,0,0,0,0,,2021-05-01,Ellie Mae,Missing Items,Current,0,0,0,0,0,
LN0001807,3,2021-06,2021-03,3,357,271803.0,270277.25,2.502,780+,70-80%,20-28%,AZ,Cash-Out Refinance,Primary,Single Family,Servicer_A,Current,0,0,0,0,,2021-06-01,Ellie Mae,Missing Items,Current,0,0,0,0,0,
LN0001807,4,2021-07,2021-03,4,356,271803.0,269766.55,2.502,780+,70-80%,20-28%,AZ,Cash-Out Refinance,Primary,Single Family,Servicer_A,Current,0,0,0,0,,2021-07-01,Ellie Mae,Missing Items,Current,0,0,0,0,0,
LN0001807,5,2021-08,2021-03,5,355,271803.0,269254.78,2.502,780+,70-80%,20-28%,AZ,Cash-Out Refinance,Primary,Single Family,Servicer_A,Current,0,0,0,0,,2021-08-01,Ellie Mae,Missing Items,Current,0,0,0,0,0,
LN0001807,6,2021-09,2021-03,6,354,271803.0,268741.94,2.502,780+,70-80%,20-28%,AZ,Cash-Out Refinance,Primary,Single Family,Servicer_A,Current,0,0,0,0,,2021-09-01,Ellie Mae,Missing Items,Current,0,0,0,0,0,
LN0001807,7,2021-10,2021-03,7,353,271803.0,268228.03,2.502,780+,70-80%,20-28%,AZ,Cash-Out Refinance,Primary,Single Family,Servicer_A,Current,0,0,0,0,,2021-10-01,Ellie Mae,Missing Items,Current,0,0,0,0,0,
LN0001807,8,2021-11,2021-03,8,352,271803.0,267713.06,2.502,780+,70-80%,20-28%,AZ,Cash-Out Refinance,Primary,Single Family,Servicer_A,Current,0,0,0,0,,2021-11-01,Ellie Mae,Missing Items,Current,0,0,0,0,0,
LN0001807,9,2021-12,2021-03,9,351,271803.0,267197.0,2.502,780+,70-80%,20-28%,AZ,Cash-Out Refinance,Primary,Single Family,Servicer_A,Current,0,0,0,0,,2021-12-01,Ellie Mae,Missing Items,Current,0,0,0,0,0,
LN0001807,10,2022-01,2021-03,10,350,271803.0,266679.88,2.502,780+,70-80%,20-28%,AZ,Cash-Out Refinance,Primary,Single Family,Servicer_A,Current,0,0,0,0,,2022-01-01,Ellie Mae,Missing Items,Current,0,0,0,0,0,
LN0001807,11,2022-02,2021-03,11,349,271803.0,266161.67,2.502,780+,70-80%,20-28%,AZ,Cash-Out Refinance,Primary,Single Family,Servicer_A,Current,0,0,0,0,,2022-02-01,Ellie Mae,Missing Items,Current,0,0,0,0,0,
LN0001807,12,2022-03,2021-03,12,348,271803.0,265642.39,2.502,780+,70-80%,20-28%,AZ,Cash-Out Refinance,Primary,Single Family,Servicer_A,Current,0,0,0,0,,2022-03-01,Ellie Mae,Missing Items,Current,0,0,0,0,0,
LN0001807,13,2022-04,2021-03,13,347,271803.0,265122.02,2.502,780+,70-80%,20-28%,AZ,Cash-Out Refinance,Primary,Single Family,Servicer_A,Current,0,0,0,0,,2022-04-01,Ellie Mae,Missing Items,Current,0,0,0,0,0,
LN0001807,14,2022-05,2021-03,14,346,271803.0,264600.56,2.502,780+,70-80%,20-28%,AZ,Cash-Out Refinance,Primary,Single Family,Servicer_A,Current,0,0,0,0,,2022-05-01,Ellie Mae,Missing Items,Current,0,0,0,0,0,
LN0001807,15,2022-06,2021-03,15,345,271803.0,264078.02,2.502,780+,70-80%,20-28%,AZ,Cash-Out Refinance,Primary,Single Family,Servicer_A,Current,0,0,0,0,,2022-06-01,Ellie Mae,Missing Items,Current,0,0,0,0,0,
LN0001807,16,2022-07,2021-03,16,344,271803.0,263554.39,2.502,780+,70-80%,20-28%,AZ,Cash-Out Refinance,Primary,Single Family,Servicer_A,Current,0,0,0,0,,2022-07-01,Ellie Mae,Missing Items,Current,0,0,0,0,0,
LN0001807,17,2022-08,2021-03,17,343,271803.0,263029.67,2.502,780+,70-80%,20-28%,AZ,Cash-Out Refinance,Primary,Single Family,Servicer_A,Current,0,0,0,0,,2022-08-01,Ellie Mae,Missing Items,Current,0,0,0,0,0,
LN0001807,18,2022-09,2021-03,18,342,271803.0,262503.85,2.502,780+,70-80%,20-28%,AZ,Cash-Out Refinance,Primary,Single Family,Servicer_A,Current,0,0,0,0,,2022-09-01,Ellie Mae,Missing Items,Current,0,0,0,0,0,
LN0001807,19,2022-10,2021-03,19,341,271803.0,261976.94,2.502,780+,70-80%,20-28%,AZ,Cash-Out Refinance,Primary,Single Family,Servicer_A,Current,0,0,0,0,,2022-10-01,Ellie Mae,Missing Items,Current,0,0,0,0,0,
LN0001807,20,2022-11,2021-03,20,340,271803.0,261448.93,2.502,780+,70-80%,20-28%,AZ,Cash-Out Refinance,Primary,Single Family,Servicer_A,Current,0,0,0,0,,2022-11-01,Ellie Mae,Missing Items,Current,0,0,0,0,0,
LN0001807,21,2022-12,2021-03,21,339,271803.0,260919.82,2.502,780+,70-80%,20-28%,AZ,Cash-Out Refinance,Primary,Single Family,Servicer_A,Current,0,0,0,0,,2022-12-01,Ellie Mae,Missing Items,Current,0,0,0,0,0,
LN0001811,1,2022-10,2022-09,1,239,61840.0,61685.14,4.749,740-779,70-80%,28-36%,MA,Cash-Out Refinance,Primary,Townhouse,Servicer_A,Current,0,0,0,0,,2022-10-01,Ellie Mae,Missing Items,Current,0,0,0,0,0,
LN0001811,2,2022-11,2022-09,2,238,61840.0,61529.67,4.749,740-779,70-80%,28-36%,MA,Cash-Out Refinance,Primary,Townhouse,Servicer_A,Current,0,0,0,0,,2022-11-01,Ellie Mae,Missing Items,Current,0,0,0,0,0,
LN0001811,3,2022-12,2022-09,3,237,61840.0,61373.58,4.749,740-779,70-80%,28-36%,MA,Cash-Out Refinance,Primary,Townhouse,Servicer_A,Current,0,0,0,0,,2022-12-01,Ellie Mae,Missing Items,Current,0,0,0,0,0,
LN0001818,1,2020-10,2020-09,1,359,118351.0,118130.34,2.511,700-739,80-90%,20-28%,IN,Purchase,Primary,Single Family,Servicer_A,Current,0,0,0,0,,2020-10-01,Black Knight,Pending Review,Current,0,0,0,0,0,
LN0001818,2,2020-11,2020-09,2,358,118351.0,117909.22,2.511,700-739,80-90%,20-28%,IN,Purchase,Primary,Single Family,Servicer_A,Current,0,0,0,0,,2020-11-01,Black Knight,Pending Review,Current,0,0,0,0,0,
LN0001818,3,2020-12,2020-09,3,357,118351.0,117687.64,2.511,700-739,80-90%,20-28%,IN,Purchase,Primary,Single Family,Servicer_A,Current,0,0,0,0,,2020-12-01,Black Knight,Pending Review,Current,0,0,0,0,0,
LN0001818,4,2021-01,2020-09,4,356,118351.0,117465.6,2.511,700-739,80-90%,20-28%,IN,Purchase,Primary,Single Family,Servicer_A,Current,0,0,0,0,,2021-01-01,Black Knight,Pending Review,Current,0,0,0,0,0,
LN0001818,5,2021-02,2020-09,5,355,118351.0,117243.09,2.511,700-739,80-90%,20-28%,IN,Purchase,Primary,Single Family,Servicer_A,Current,0,0,0,0,,2021-02-01,Black Knight,Pending Review,Current,0,0,0,0,0,
LN0001818,6,2021-03,2020-09,6,354,118351.0,117020.11,2.511,700-739,80-90%,20-28%,IN,Purchase,Primary,Single Family,Servicer_A,Current,0,0,0,0,,2021-03-01,Black Knight,Pending Review,Current,0,0,0,0,0,
LN0001818,7,2021-04,2020-09,7,353,118351.0,116796.67,2.511,700-739,80-90%,20-28%,IN,Purchase,Primary,Single Family,Servicer_A,Current,0,0,0,0,,2021-04-01,Black Knight,Pending Review,Current,0,0,0,0,0,
LN0001818,8,2021-05,2020-09,8,352,118351.0,116572.76,2.511,700-739,80-90%,20-28%,IN,Purchase,Primary,Single Family,Servicer_A,Current,0,0,0,0,,2021-05-01,Black Knight,Pending Review,Current,0,0,0,0,0,
LN0001818,9,2021-06,2020-09,9,351,118351.0,116348.38,2.511,700-739,80-90%,20-28%,IN,Purchase,Primary,Single Family,Servicer_A,Current,0,0,0,0,,2021-06-01,Black Knight,Pending Review,Current,0,0,0,0,0,
LN0001818,10,2021-07,2020-09,10,350,118351.0,116123.53,2.511,700-739,80-90%,20-28%,IN,Purchase,Primary,Single Family,Servicer_A,Current,0,0,0,0,,2021-07-01,Black Knight,Pending Review,Current,0,0,0,0,0,
LN0001818,11,2021-08,2020-09,11,349,118351.0,115898.22,2.511,700-739,80-90%,20-28%,IN,Purchase,Primary,Single Family,Servicer_A,Current,0,0,0,0,,2021-08-01,Black Knight,Pending Review,Current,0,0,0,0,0,
LN0001818,12,2021-09,2020-09,12,348,118351.0,115672.43,2.511,700-739,80-90%,20-28%,IN,Purchase,Primary,Single Family,Servicer_A,Current,0,0,0,0,,2021-09-01,Black Knight,Pending Review,Current,0,0,0,0,0,
LN0001818,13,2021-10,2020-09,13,347,118351.0,115446.16,2.511,700-739,80-90%,20-28%,IN,Purchase,Primary,Single Family,Servicer_A,Current,0,0,0,0,,2021-10-01,Black Knight,Pending Review,Current,0,0,0,0,0,
LN0001818,14,2021-11,2020-09,14,346,118351.0,115219.43,2.511,700-739,80-90%,20-28%,IN,Purchase,Primary,Single Family,Servicer_A,Current,0,0,0,0,,2021-11-01,Black Knight,Pending Review,Current,0,0,0,0,0,
LN0001818,15,2021-12,2020-09,15,345,118351.0,114992.22,2.511,700-739,80-90%,20-28%,IN,Purchase,Primary,Single Family,Servicer_A,Current,0,0,0,0,,2021-12-01,Black Knight,Pending Review,Current,0,0,0,0,0,
LN0001818,16,2022-01,2020-09,16,344,118351.0,114764.53,2.511,700-739,80-90%,20-28%,IN,Purchase,Primary,Single Family,Servicer_A,Current,0,0,0,0,,2022-01-01,Black Knight,Pending Review,Current,0,0,0,0,0,
LN0001818,17,2022-02,2020-09,17,343,118351.0,114536.37,2.511,700-739,80-90%,20-28%,IN,Purchase,Primary,Single Family,Servicer_A,Current,0,0,0,0,,2022-02-01,Black Knight,Pending Review,Current,0,0,0,0,0,
LN0001818,18,2022-03,2020-09,18,342,118351.0,114307.73,2.511,700-739,80-90%,20-28%,IN,Purchase,Primary,Single Family,Servicer_A,Current,0,0,0,0,,2022-03-01,Black Knight,Pending Review,Current,0,0,0,0,0,
LN0001818,19,2022-04,2020-09,19,341,118351.0,114078.61,2.511,700-739,80-90%,20-28%,IN,Purchase,Primary,Single Family,Servicer_A,Current,0,0,0,0,,2022-04-01,Black Knight,Pending Review,Current,0,0,0,0,0,
LN0001818,20,2022-05,2020-09,20,340,118351.0,113849.02,2.511,700-739,80-90%,20-28%,IN,Purchase,Primary,Single Family,Servicer_A,Current,0,0,0,0,,2022-05-01,Black Knight,Pending Review,Current,0,0,0,0,0,
LN0001818,21,2022-06,2020-09,21,339,118351.0,113618.94,2.511,700-739,80-90%,20-28%,IN,Purchase,Primary,Single Family,Servicer_A,Current,0,0,0,0,,2022-06-01,Black Knight,Pending Review,Current,0,0,0,0,0,
LN0001818,22,2022-07,2020-09,22,338,118351.0,113388.38,2.511,700-739,80-90%,20-28%,IN,Purchase,Primary,Single Family,Servicer_A,Current,0,0,0,0,,2022-07-01,Black Knight,Pending Review,Current,0,0,0,0,0,
LN0001818,23,2022-08,2020-09,23,337,118351.0,113157.34,2.511,700-739,80-90%,20-28%,IN,Purchase,Primary,Single Family,Servicer_A,Current,0,0,0,0,,2022-08-01,Black Knight,Pending Review,Current,0,0,0,0,0,
LN0001818,24,2022-09,2020-09,24,336,118351.0,112925.81,2.511,700-739,80-90%,20-28%,IN,Purchase,Primary,Single Family,Servicer_A,Current,0,0,0,0,,2022-09-01,Black Knight,Pending Review,Current,0,0,0,0,0,
LN0001818,25,2022-10,2020-09,25,335,118351.0,112693.8,2.511,700-739,80-90%,20-28%,IN,Purchase,Primary,Single Family,Servicer_A,Current,0,0,0,0,,2022-10-01,Black Knight,Pending Review,Current,0,0,0,0,0,
LN0001818,26,2022-11,2020-09,26,334,118351.0,112461.31,2.511,700-739,80-90%,20-28%,IN,Purchase,Primary,Single Family,Servicer_A,Current,0,0,0,0,,2022-11-01,Black Knight,Pending Review,Current,0,0,0,0,0,
LN0001818,27,2022-12,2020-09,27,333,118351.0,112228.33,2.511,700-739,80-90%,20-28%,IN,Purchase,Primary,Single Family,Servicer_A,Current,0,0,0,0,,2022-12-01,Black Knight,Pending Review,Current,0,0,0,0,0,
LN0001819,1,2021-05,2021-04,1,359,108605.0,108476.09,5.066,740-779,<60%,28-36%,IN,Refinance,Investment,Condo,Servicer_A,Current,0,0,0,0,,2021-05-01,Ellie Mae,Missing Items,Current,0,0,0,0,0,
LN0001819,2,2021-06,2021-04,2,358,108605.0,108346.64,5.066,740-779,<60%,28-36%,IN,Refinance,Investment,Condo,Servicer_A,Current,0,0,0,0,,2021-06-01,Ellie Mae,Missing Items,Current,0,0,0,0,0,
LN0001819,3,2021-07,2021-04,3,357,108605.0,108216.64,5.066,740-779,<60%,28-36%,IN,Refinance,Investment,Condo,Servicer_A,Current,0,0,0,0,,2021-07-01,Ellie Mae,Missing Items,Current,0,0,0,0,0,
LN0001819,4,2021-08,2021-04,4,356,108605.0,108086.09,5.066,740-779,<60%,28-36%,IN,Refinance,Investment,Condo,Servicer_A,Current,0,0,0,0,,2021-08-01,Ellie Mae,Missing Items,Current,0,0,0,0,0,
LN0001819,5,2021-09,2021-04,5,355,108605.0,107954.99,5.066,740-779,<60%,28-36%,IN,Refinance,Investment,Condo,Servicer_A,Current,0,0,0,0,,2021-09-01,Ellie Mae,Missing Items,Current,0,0,0,0,0,
LN0001819,6,2021-10,2021-04,6,354,108605.0,107823.33,5.066,740-779,<60%,28-36%,IN,Refinance,Investment,Condo,Servicer_A,Current,0,0,0,0,,2021-10-01,Ellie Mae,Missing Items,Current,0,0,0,0,0,
LN0001819,7,2021-11,2021-04,7,353,108605.0,107691.12,5.066,740-779,<60%,28-36%,IN,Refinance,Investment,Condo,Servicer_A,Current,0,0,0,0,,2021-11-01,Ellie Mae,Missing Items,Current,0,0,0,0,0,
LN0001819,8,2021-12,2021-04,8,352,108605.0,107558.36,5.066,740-779,<60%,28-36%,IN,Refinance,Investment,Condo,Servicer_A,Current,0,0,0,0,,2021-12-01,Ellie Mae,Missing Items,Current,0,0,0,0,0,
LN0001819,9,2022-01,2021-04,9,351,108605.0,107425.03,5.066,740-779,<60%,28-36%,IN,Refinance,Investment,Condo,Servicer_A,Current,0,0,0,0,,2022-01-01,Ellie Mae,Missing Items,Current,0,0,0,0,0,
LN0001819,10,2022-02,2021-04,10,350,108605.0,107291.14,5.066,740-779,<60%,28-36%,IN,Refinance,Investment,Condo,Servicer_A,Current,0,0,0,0,,2022-02-01,Ellie Mae,Missing Items,Current,0,0,0,0,0,
LN0001819,11,2022-03,2021-04,11,349,108605.0,107156.68,5.066,740-779,<60%,28-36%,IN,Refinance,Investment,Condo,Servicer_A,Current,0,0,0,0,,2022-03-01,Ellie Mae,Missing Items,Current,0,0,0,0,0,
LN0001819,12,2022-04,2021-04,12,348,108605.0,107021.66,5.066,740-779,<60%,28-36%,IN,Refinance,Investment,Condo,Servicer_A,Current,0,0,0,0,,2022-04-01,Ellie Mae,Missing Items,Current,0,0,0,0,0,
LN0001819,13,2022-05,2021-04,13,347,108605.0,106886.06,5.066,740-779,<60%,28-36%,IN,Refinance,Investment,Condo,Servicer_A,Current,0,0,0,0,,2022-05-01,Ellie Mae,Missing Items,Current,0,0,0,0,0,
LN0001819,14,2022-06,2021-04,14,346,108605.0,106749.9,5.066,740-779,<60%,28-36%,IN,Refinance,Investment,Condo,Servicer_A,Current,0,0,0,0,,2022-06-01,Ellie Mae,Missing Items,Current,0,0,0,0,0,
LN0001819,15,2022-07,2021-04,15,345,108605.0,106613.15,5.066,740-779,<60%,28-36%,IN,Refinance,Investment,Condo,Servicer_A,Current,0,0,0,0,,2022-07-01,Ellie Mae,Missing Items,Current,0,0,0,0,0,
LN0001819,16,2022-08,2021-04,16,344,108605.0,106475.84,5.066,740-779,<60%,28-36%,IN,Refinance,Investment,Condo,Servicer_A,Current,0,0,0,0,,2022-08-01,Ellie Mae,Missing Items,Current,0,0,0,0,0,
LN0001819,17,2022-09,2021-04,17,343,108605.0,106337.94,5.066,740-779,<60%,28-36%,IN,Refinance,Investment,Condo,Servicer_A,Current,0,0,0,0,,2022-09-01,Ellie Mae,Missing Items,Current,0,0,0,0,0,
LN0001819,18,2022-10,2021-04,18,342,108605.0,106199.46,5.066,740-779,<60%,28-36%,IN,Refinance,Investment,Condo,Servicer_A,Current,0,0,0,0,,2022-10-01,Ellie Mae,Missing Items,Current,0,0,0,0,0,
LN0001819,19,2022-11,2021-04,19,341,108605.0,106060.39,5.066,740-779,<60%,28-36%,IN,Refinance,Investment,Condo,Servicer_A,Current,0,0,0,0,,2022-11-01,Ellie Mae,Missing Items,Current,0,0,0,0,0,
LN0001819,20,2022-12,2021-04,20,340,108605.0,105920.74,5.066,740-779,<60%,28-36%,IN,Refinance,Investment,Condo,Servicer_A,Current,0,0,0,0,,2022-12-01,Ellie Mae,Missing Items,Current,0,0,0,0,0,
LN0001842,1,2022-05,2022-04,1,359,121884.0,121718.96,4.346,740-779,80-90%,28-36%,NY,Purchase,Primary,Single Family,Servicer_D,Current,0,0,0,0,,2022-05-01,Black Knight,Pending Review,Current,0,0,0,0,0,
LN0001842,2,2022-06,2022-04,2,358,121884.0,121553.32,4.346,740-779,80-90%,28-36%,NY,Purchase,Primary,Single Family,Servicer_D,Current,0,0,0,0,,2022-06-01,Black Knight,Pending Review,Current,0,0,0,0,0,
LN0001842,3,2022-07,2022-04,3,357,121884.0,121387.08,4.346,740-779,80-90%,28-36%,NY,Purchase,Primary,Single Family,Servicer_D,Current,0,0,0,0,,2022-07-01,Black Knight,Pending Review,Current,0,0,0,0,0,
LN0001842,4,2022-08,2022-04,4,356,121884.0,121220.23,4.346,740-779,80-90%,28-36%,NY,Purchase,Primary,Single Family,Servicer_D,Current,0,0,0,0,,2022-08-01,Black Knight,Pending Review,Current,0,0,0,0,0,
LN0001842,5,2022-09,2022-04,5,355,121884.0,121052.79,4.346,740-779,80-90%,28-36%,NY,Purchase,Primary,Single Family,Servicer_D,Current,0,0,0,0,,2022-09-01,Black Knight,Pending Review,Current,0,0,0,0,0,
LN0001842,6,2022-10,2022-04,6,354,121884.0,120884.74,4.346,740-779,80-90%,28-36%,NY,Purchase,Primary,Single Family,Servicer_D,Current,0,0,0,0,,2022-10-01,Black Knight,Pending Review,Current,0,0,0,0,0,
LN0001842,7,2022-11,2022-04,7,353,121884.0,120716.07,4.346,740-779,80-90%,28-36%,NY,Purchase,Primary,Single Family,Servicer_D,Current,0,0,0,0,,2022-11-01,Black Knight,Pending Review,Current,0,0,0,0,0,
LN0001842,8,2022-12,2022-04,8,352,121884.0,120546.8,4.346,740-779,80-90%,28-36%,NY,Purchase,Primary,Single Family,Servicer_D,Current,0,0,0,0,,2022-12-01,Black Knight,Pending Review,Current,0,0,0,0,0,
LN0001855,1,2022-12,2022-11,1,359,98138.0,98005.45,4.36,700-739,90-95%,>43%,IL,Cash-Out Refinance,Primary,Single Family,Servicer_B,Current,0,0,0,0,,2022-12-01,Ellie Mae,Missing Items,Current,0,0,0,0,0,
LN0001857,1,2020-08,2020-07,1,359,333696.0,333154.86,3.328,740-779,90-95%,28-36%,NC,Refinance,Investment,Single Family,Servicer_A,Current,0,0,0,0,,2020-08-01,CoreLogic,Complete,Current,0,0,0,0,0,
LN0001857,2,2020-09,2020-07,2,358,333696.0,332612.22,3.328,740-779,90-95%,28-36%,NC,Refinance,Investment,Single Family,Servicer_A,Current,0,0,0,0,,2020-09-01,CoreLogic,Complete,Current,0,0,0,0,0,
LN0001857,3,2020-10,2020-07,3,357,333696.0,332068.08,3.328,740-779,90-95%,28-36%,NC,Refinance,Investment,Single Family,Servicer_A,Current,0,0,0,0,,2020-10-01,CoreLogic,Complete,Current,0,0,0,0,0,
LN0001857,4,2020-11,2020-07,4,356,333696.0,331522.42,3.328,740-779,90-95%,28-36%,NC,Refinance,Investment,Single Family,Servicer_A,Current,0,0,0,0,,2020-11-01,CoreLogic,Complete,Current,0,0,0,0,0,
LN0001857,5,2020-12,2020-07,5,355,333696.0,330975.25,3.328,740-779,90-95%,28-36%,NC,Refinance,Investment,Single Family,Servicer_A,Current,0,0,0,0,,2020-12-01,CoreLogic,Complete,Current,0,0,0,0,0,
LN0001857,6,2021-01,2020-07,6,354,333696.0,330426.57,3.328,740-779,90-95%,28-36%,NC,Refinance,Investment,Single Family,Servicer_A,Current,0,0,0,0,,2021-01-01,CoreLogic,Complete,Current,0,0,0,0,0,
LN0001857,7,2021-02,2020-07,7,353,333696.0,329876.36,3.328,740-779,90-95%,28-36%,NC,Refinance,Investment,Single Family,Servicer_A,Current,0,0,0,0,,2021-02-01,CoreLogic,Complete,Current,0,0,0,0,0,
LN0001857,8,2021-03,2020-07,8,352,333696.0,329324.63,3.328,740-779,90-95%,28-36%,NC,Refinance,Investment,Single Family,Servicer_A,Current,0,0,0,0,,2021-03-01,CoreLogic,Complete,Current,0,0,0,0,0,
LN0001857,9,2021-04,2020-07,9,351,333696.0,328771.37,3.328,740-779,90-95%,28-36%,NC,Refinance,Investment,Single Family,Servicer_A,Current,0,0,0,0,,2021-04-01,CoreLogic,Complete,Current,0,0,0,0,0,
LN0001857,10,2021-05,2020-07,10,350,333696.0,328216.57,3.328,740-779,90-95%,28-36%,NC,Refinance,Investment,Single Family,Servicer_A,Current,0,0,0,0,,2021-05-01,CoreLogic,Complete,Current,0,0,0,0,0,
LN0001857,11,2021-06,2020-07,11,349,333696.0,327660.23,3.328,740-779,90-95%,28-36%,NC,Refinance,Investment,Single Family,Servicer_A,Current,0,0,0,0,,2021-06-01,CoreLogic,Complete,Current,0,0,0,0,0,
LN0001857,12,2021-07,2020-07,12,348,333696.0,327102.36,3.328,740-779,90-95%,28-36%,NC,Refinance,Investment,Single Family,Servicer_A,Current,0,0,0,0,,2021-07-01,CoreLogic,Complete,Current,0,0,0,0,0,
LN0001857,13,2021-08,2020-07,13,347,333696.0,326542.93,3.328,740-779,90-95%,28-36%,NC,Refinance,Investment,Single Family,Servicer_A,Current,0,0,0,0,,2021-08-01,CoreLogic,Complete,Current,0,0,0,0,0,
LN0001857,14,2021-09,2020-07,14,346,333696.0,325981.95,3.328,740-779,90-95%,28-36%,NC,Refinance,Investment,Single Family,Servicer_A,Current,0,0,0,0,,2021-09-01,CoreLogic,Complete,Current,0,0,0,0,0,
LN0001857,15,2021-10,2020-07,15,345,333696.0,325419.42,3.328,740-779,90-95%,28-36%,NC,Refinance,Investment,Single Family,Servicer_A,Current,0,0,0,0,,2021-10-01,CoreLogic,Complete,Current,0,0,0,0,0,
LN0001857,16,2021-11,2020-07,16,344,333696.0,324855.33,3.328,740-779,90-95%,28-36%,NC,Refinance,Investment,Single Family,Servicer_A,Current,0,0,0,0,,2021-11-01,CoreLogic,Complete,Current,0,0,0,0,0,
LN0001857,17,2021-12,2020-07,17,343,333696.0,324289.67,3.328,740-779,90-95%,28-36%,NC,Refinance,Investment,Single Family,Servicer_A,Current,0,0,0,0,,2021-12-01,CoreLogic,Complete,Current,0,0,0,0,0,
LN0001857,18,2022-01,2020-07,18,342,333696.0,323722.44,3.328,740-779,90-95%,28-36%,NC,Refinance,Investment,Single Family,Servicer_A,Current,0,0,0,0,,2022-01-01,CoreLogic,Complete,Current,0,0,0,0,0,
LN0001857,19,2022-02,2020-07,19,341,333696.0,323153.64,3.328,740-779,90-95%,28-36%,NC,Refinance,Investment,Single Family,Servicer_A,Current,0,0,0,0,,2022-02-01,CoreLogic,Complete,Current,0,0,0,0,0,
LN0001857,20,2022-03,2020-07,20,340,333696.0,322583.27,3.328,740-779,90-95%,28-36%,NC,Refinance,Investment,Single Family,Servicer_A,Current,0,0,0,0,,2022-03-01,CoreLogic,Complete,Current,0,0,0,0,0,
LN0001857,21,2022-04,2020-07,21,339,333696.0,322011.31,3.328,740-779,90-95%,28-36%,NC,Refinance,Investment,Single Family,Servicer_A,Current,0,0,0,0,,2022-04-01,CoreLogic,Complete,Current,0,0,0,0,0,
LN0001857,22,2022-05,2020-07,22,338,333696.0,321437.76,3.328,740-779,90-95%,28-36%,NC,Refinance,Investment,Single Family,Servicer_A,Current,0,0,0,0,,2022-05-01,CoreLogic,Complete,Current,0,0,0,0,0,
LN0001857,23,2022-06,2020-07,23,337,333696.0,320862.63,3.328,740-779,90-95%,28-36%,NC,Refinance,Investment,Single Family,Servicer_A,Current,0,0,0,0,,2022-06-01,CoreLogic,Complete,Current,0,0,0,0,0,
LN0001857,24,2022-07,2020-07,24,336,333696.0,320285.9,3.328,740-779,90-95%,28-36%,NC,Refinance,Investment,Single Family,Servicer_A,Current,0,0,0,0,,2022-07-01,CoreLogic,Complete,Current,0,0,0,0,0,
LN0001857,25,2022-08,2020-07,25,335,333696.0,319707.57,3.328,740-779,90-95%,28-36%,NC,Refinance,Investment,Single Family,Servicer_A,Current,0,0,0,0,,2022-08-01,CoreLogic,Complete,Current,0,0,0,0,0,
LN0001857,26,2022-09,2020-07,26,334,333696.0,319127.63,3.328,740-779,90-95%,28-36%,NC,Refinance,Investment,Single Family,Servicer_A,Current,0,0,0,0,,2022-09-01,CoreLogic,Complete,Current,0,0,0,0,0,
LN0001857,27,2022-10,2020-07,27,333,333696.0,318546.09,3.328,740-779,90-95%,28-36%,NC,Refinance,Investment,Single Family,Servicer_A,Current,0,0,0,0,,2022-10-01,CoreLogic,Complete,Current,0,0,0,0,0,
LN0001857,28,2022-11,2020-07,28,332,333696.0,317962.94,3.328,740-779,90-95%,28-36%,NC,Refinance,Investment,Single Family,Servicer_A,Current,0,0,0,0,,2022-11-01,CoreLogic,Complete,Current,0,0,0,0,0,
LN0001857,29,2022-12,2020-07,29,331,333696.0,317378.16,3.328,740-779,90-95%,28-36%,NC,Refinance,Investment,Single Family,Servicer_A,Current,0,0,0,0,,2022-12-01,CoreLogic,Complete,Current,0,0,0,0,0,
LN0001858,1,2021-12,2021-11,1,179,79347.0,79042.43,4.692,660-699,70-80%,20-28%,IN,Refinance,Primary,Townhouse,Servicer_E,Current,0,0,0,0,,2021-12-01,Black Knight,Pending Review,Current,0,0,0,0,0,
LN0001858,2,2022-01,2021-11,2,178,79347.0,78736.67,4.692,660-699,70-80%,20-28%,IN,Refinance,Primary,Townhouse,Servicer_E,Current,0,0,0,0,,2022-01-01,Black Knight,Pending Review,Current,0,0,0,0,0,
LN0001858,3,2022-02,2021-11,3,177,79347.0,78429.72,4.692,660-699,70-80%,20-28%,IN,Refinance,Primary,Townhouse,Servicer_E,Current,0,0,0,0,,2022-02-01,Black Knight,Pending Review,Current,0,0,0,0,0,
LN0001858,4,2022-03,2021-11,4,176,79347.0,78121.57,4.692,660-699,70-80%,20-28%,IN,Refinance,Primary,Townhouse,Servicer_E,Current,0,0,0,0,,2022-03-01,Black Knight,Pending Review,Current,0,0,0,0,0,
LN0001858,5,2022-04,2021-11,5,175,79347.0,77812.21,4.692,660-699,70-80%,20-28%,IN,Refinance,Primary,Townhouse,Servicer_E,Current,0,0,0,0,,2022-04-01,Black Knight,Pending Review,Current,0,0,0,0,0,
LN0001858,6,2022-05,2021-11,6,174,79347.0,77501.64,4.692,660-699,70-80%,20-28%,IN,Refinance,Primary,Townhouse,Servicer_E,Current,0,0,0,0,,2022-05-01,Black Knight,Pending Review,Current,0,0,0,0,0,
LN0001858,7,2022-06,2021-11,7,173,79347.0,77189.86,4.692,660-699,70-80%,20-28%,IN,Refinance,Primary,Townhouse,Servicer_E,Current,0,0,0,0,,2022-06-01,Black Knight,Pending Review,Current,0,0,0,0,0,
LN0001858,8,2022-07,2021-11,8,172,79347.0,76876.85,4.692,660-699,70-80%,20-28%,IN,Refinance,Primary,Townhouse,Servicer_E,Current,0,0,0,0,,2022-07-01,Black Knight,Pending Review,Current,0,0,0,0,0,
LN0001858,9,2022-08,2021-11,9,171,79347.0,76562.63,4.692,660-699,70-80%,20-28%,IN,Refinance,Primary,Townhouse,Servicer_E,Current,0,0,0,0,,2022-08-01,Black Knight,Pending Review,Current,0,0,0,0,0,
LN0001858,10,2022-09,2021-11,10,170,79347.0,76247.17,4.692,660-699,70-80%,20-28%,IN,Refinance,Primary,Townhouse,Servicer_E,Current,0,0,0,0,,2022-09-01,Black Knight,Pending Review,Current,0,0,0,0,0,
LN0001858,11,2022-10,2021-11,11,169,79347.0,75930.49,4.692,660-699,70-80%,20-28%,IN,Refinance,Primary,Townhouse,Servicer_E,Current,0,0,0,0,,2022-10-01,Black Knight,Pending Review,Current,0,0,0,0,0,
LN0001858,12,2022-11,2021-11,12,168,79347.0,75612.56,4.692,660-699,70-80%,20-28%,IN,Refinance,Primary,Townhouse,Servicer_E,Current,0,0,0,0,,2022-11-01,Black Knight,Pending Review,Current,0,0,0,0,0,
LN0001858,13,2022-12,2021-11,13,167,79347.0,75293.39,4.692,660-699,70-80%,20-28%,IN,Refinance,Primary,Townhouse,Servicer_E,Current,0,0,0,0,,2022-12-01,Black Knight,Pending Review,Current,0,0,0,0,0,
LN0001860,1,2022-08,2022-07,1,359,111623.0,111449.8,3.581,660-699,>95%,28-36%,FL,Cash-Out Refinance,Primary,Multi-Family,Servicer_D,Current,0,0,0,0,,2022-08-01,Encompass,Under Exception,Current,0,0,0,0,0,
LN0001860,2,2022-09,2022-07,2,358,111623.0,111276.09,3.581,660-699,>95%,28-36%,FL,Cash-Out Refinance,Primary,Multi-Family,Servicer_D,Current,0,0,0,0,,2022-09-01,Encompass,Under Exception,Current,0,0,0,0,0,
LN0001860,3,2022-10,2022-07,3,357,111623.0,111101.86,3.581,660-699,>95%,28-36%,FL,Cash-Out Refinance,Primary,Multi-Family,Servicer_D,Current,0,0,0,0,,2022-10-01,Encompass,Under Exception,Current,0,0,0,0,0,
LN0001860,4,2022-11,2022-07,4,356,111623.0,110927.11,3.581,660-699,>95%,28-36%,FL,Cash-Out Refinance,Primary,Multi-Family,Servicer_D,Current,0,0,0,0,,2022-11-01,Encompass,Under Exception,Current,0,0,0,0,0,
LN0001860,5,2022-12,2022-07,5,355,111623.0,110751.84,3.581,660-699,>95%,28-36%,FL,Cash-Out Refinance,Primary,Multi-Family,Servicer_D,Current,0,0,0,0,,2022-12-01,Encompass,Under Exception,Current,0,0,0,0,0,
LN0001864,1,2022-08,2022-07,1,359,88856.0,88755.42,5.321,620-659,80-90%,36-43%,NY,Cash-Out Refinance,Primary,Multi-Family,Servicer_A,Current,0,0,0,0,,2022-08-01,Encompass,Under Exception,Current,0,0,0,0,0,
LN0001864,2,2022-09,2022-07,2,358,88856.0,88654.4,5.321,620-659,80-90%,36-43%,NY,Cash-Out Refinance,Primary,Multi-Family,Servicer_A,Current,0,0,0,0,,2022-09-01,Encompass,Under Exception,Current,0,0,0,0,0,
LN0001864,3,2022-10,2022-07,3,357,88856.0,88552.92,5.321,620-659,80-90%,36-43%,NY,Cash-Out Refinance,Primary,Multi-Family,Servicer_A,Current,0,0,0,0,,2022-10-01,Encompass,Under Exception,Current,0,0,0,0,0,
LN0001864,4,2022-11,2022-07,4,356,88856.0,88451.0,5.321,620-659,80-90%,36-43%,NY,Cash-Out Refinance,Primary,Multi-Family,Servicer_A,Current,0,0,0,0,,2022-11-01,Encompass,Under Exception,Current,0,0,0,0,0,
LN0001864,5,2022-12,2022-07,5,355,88856.0,88348.63,5.321,620-659,80-90%,36-43%,NY,Cash-Out Refinance,Primary,Multi-Family,Servicer_A,Current,0,0,0,0,,2022-12-01,Encompass,Under Exception,Current,0,0,0,0,0,
LN0001865,1,2021-11,2021-10,1,359,61181.0,61100.43,,660-699,60-70%,<20%,NY,Refinance,Investment,Single Family,Servicer_D,Current,0,0,0,0,,2021-11-01,CoreLogic,Complete,Current,0,0,0,0,0,
LN0001865,2,2021-12,2021-10,2,358,61181.0,61019.57,,660-699,60-70%,<20%,NY,Refinance,Investment,Single Family,Servicer_D,Current,0,0,0,0,,2021-12-01,CoreLogic,Complete,Current,0,0,0,0,0,
LN0001865,3,2022-01,2021-10,3,357,61181.0,60938.39,,660-699,60-70%,<20%,NY,Refinance,Investment,Single Family,Servicer_D,Current,0,0,0,0,,2022-01-01,CoreLogic,Complete,Current,0,0,0,0,0,
LN0001865,4,2022-02,2021-10,4,356,61181.0,60856.92,,660-699,60-70%,<20%,NY,Refinance,Investment,Single Family,Servicer_D,Current,0,0,0,0,,2022-02-01,CoreLogic,Complete,Current,0,0,0,0,0,
LN0001865,5,2022-03,2021-10,5,355,61181.0,60775.14,,660-699,60-70%,<20%,NY,Refinance,Investment,Single Family,Servicer_D,Current,0,0,0,0,,2022-03-01,CoreLogic,Complete,Current,0,0,0,0,0,
LN0001865,6,2022-04,2021-10,6,354,61181.0,60693.05,,660-699,60-70%,<20%,NY,Refinance,Investment,Single Family,Servicer_D,Current,0,0,0,0,,2022-04-01,CoreLogic,Complete,Current,0,0,0,0,0,
LN0001865,7,2022-05,2021-10,7,353,61181.0,60610.65,,660-699,60-70%,<20%,NY,Refinance,Investment,Single Family,Servicer_D,Current,0,0,0,0,,2022-05-01,CoreLogic,Complete,Current,0,0,0,0,0,
LN0001865,8,2022-06,2021-10,8,352,61181.0,60527.95,,660-699,60-70%,<20%,NY,Refinance,Investment,Single Family,Servicer_D,Current,0,0,0,0,,2022-06-01,CoreLogic,Complete,Current,0,0,0,0,0,
LN0001865,9,2022-07,2021-10,9,351,61181.0,60444.93,,660-699,60-70%,<20%,NY,Refinance,Investment,Single Family,Servicer_D,Current,0,0,0,0,,2022-07-01,CoreLogic,Complete,Current,0,0,0,0,0,
LN0001865,10,2022-08,2021-10,10,350,61181.0,60361.6,,660-699,60-70%,<20%,NY,Refinance,Investment,Single Family,Servicer_D,Current,0,0,0,0,,2022-08-01,CoreLogic,Complete,Current,0,0,0,0,0,
LN0001865,11,2022-09,2021-10,11,349,61181.0,60277.96,,660-699,60-70%,<20%,NY,Refinance,Investment,Single Family,Servicer_D,Current,0,0,0,0,,2022-09-01,CoreLogic,Complete,Current,0,0,0,0,0,
LN0001865,12,2022-10,2021-10,12,348,61181.0,60194.01,,660-699,60-70%,<20%,NY,Refinance,Investment,Single Family,Servicer_D,Current,0,0,0,0,,2022-10-01,CoreLogic,Complete,Current,0,0,0,0,0,
LN0001865,13,2022-11,2021-10,13,347,61181.0,60109.74,,660-699,60-70%,<20%,NY,Refinance,Investment,Single Family,Servicer_D,Current,0,0,0,0,,2022-11-01,CoreLogic,Complete,Current,0,0,0,0,0,
LN0001865,14,2022-12,2021-10,14,346,61181.0,60025.16,,660-699,60-70%,<20%,NY,Refinance,Investment,Single Family,Servicer_D,Current,0,0,0,0,,2022-12-01,CoreLogic,Complete,Current,0,0,0,0,0,
LN0001875,1,2021-02,2021-01,1,359,369729.0,369396.06,6.52,660-699,60-70%,20-28%,MI,Purchase,Investment,Single Family,Servicer_D,Current,0,0,0,0,,2021-02-01,Ellie Mae,Missing Items,Current,0,0,0,0,0,
LN0001875,2,2021-03,2021-01,2,358,369729.0,369061.3,6.52,660-699,60-70%,20-28%,MI,Purchase,Investment,Single Family,Servicer_D,Current,0,0,0,0,,2021-03-01,Ellie Mae,Missing Items,Current,0,0,0,0,0,
LN0001875,3,2021-04,2021-01,3,357,369729.0,368724.73,6.52,660-699,60-70%,20-28%,MI,Purchase,Investment,Single Family,Servicer_D,Current,0,0,0,0,,2021-04-01,Ellie Mae,Missing Items,Current,0,0,0,0,0,
LN0001875,4,2021-05,2021-01,4,356,369729.0,368386.33,6.52,660-699,60-70%,20-28%,MI,Purchase,Investment,Single Family,Servicer_D,Current,0,0,0,0,,2021-05-01,Ellie Mae,Missing Items,Current,0,0,0,0,0,
LN0001875,5,2021-06,2021-01,5,355,369729.0,368046.1,6.52,660-699,60-70%,20-28%,MI,Purchase,Investment,Single Family,Servicer_D,Current,0,0,0,0,,2021-06-01,Ellie Mae,Missing Items,Current,0,0,0,0,0,
LN0001875,6,2021-07,2021-01,6,354,369729.0,367704.01,6.52,660-699,60-70%,20-28%,MI,Purchase,Investment,Single Family,Servicer_D,Current,0,0,0,0,,2021-07-01,Ellie Mae,Missing Items,Current,0,0,0,0,0,
LN0001875,7,2021-08,2021-01,7,353,369729.0,367360.06,6.52,660-699,60-70%,20-28%,MI,Purchase,Investment,Single Family,Servicer_D,Current,0,0,0,0,,2021-08-01,Ellie Mae,Missing Items,Current,0,0,0,0,0,
LN0001875,8,2021-09,2021-01,8,352,369729.0,367014.25,6.52,660-699,60-70%,20-28%,MI,Purchase,Investment,Single Family,Servicer_D,Current,0,0,0,0,,2021-09-01,Ellie Mae,Missing Items,Current,0,0,0,0,0,
LN0001875,9,2021-10,2021-01,9,351,369729.0,366666.56,6.52,660-699,60-70%,20-28%,MI,Purchase,Investment,Single Family,Servicer_D,Current,0,0,0,0,,2021-10-01,Ellie Mae,Missing Items,Current,0,0,0,0,0,
LN0001875,10,2021-11,2021-01,10,350,369729.0,366316.97,6.52,660-699,60-70%,20-28%,MI,Purchase,Investment,Single Family,Servicer_D,Current,0,0,0,0,,2021-11-01,Ellie Mae,Missing Items,Current,0,0,0,0,0,
LN0001875,11,2021-12,2021-01,11,349,369729.0,365965.49,6.52,660-699,60-70%,20-28%,MI,Purchase,Investment,Single Family,Servicer_D,Current,0,0,0,0,,2021-12-01,Ellie Mae,Missing Items,Current,0,0,0,0,0,
LN0001875,12,2022-01,2021-01,12,348,369729.0,365612.1,6.52,660-699,60-70%,20-28%,MI,Purchase,Investment,Single Family,Servicer_D,Current,0,0,0,0,,2022-01-01,Ellie Mae,Missing Items,Current,0,0,0,0,0,
LN0001875,13,2022-02,2021-01,13,347,369729.0,365256.79,6.52,660-699,60-70%,20-28%,MI,Purchase,Investment,Single Family,Servicer_D,Current,0,0,0,0,,2022-02-01,Ellie Mae,Missing Items,Current,0,0,0,0,0,
LN0001875,14,2022-03,2021-01,14,346,369729.0,364899.55,6.52,660-699,60-70%,20-28%,MI,Purchase,Investment,Single Family,Servicer_D,Current,0,0,0,0,,2022-03-01,Ellie Mae,Missing Items,Current,0,0,0,0,0,
LN0001875,15,2022-04,2021-01,15,345,369729.0,364540.36,6.52,660-699,60-70%,20-28%,MI,Purchase,Investment,Single Family,Servicer_D,Current,0,0,0,0,,2022-04-01,Ellie Mae,Missing Items,Current,0,0,0,0,0,
LN0001875,16,2022-05,2021-01,16,344,369729.0,364179.23,6.52,660-699,60-70%,20-28%,MI,Purchase,Investment,Single Family,Servicer_D,Current,0,0,0,0,,2022-05-01,Ellie Mae,Missing Items,Current,0,0,0,0,0,
LN0001875,17,2022-06,2021-01,17,343,369729.0,363816.13,6.52,660-699,60-70%,20-28%,MI,Purchase,Investment,Single Family,Servicer_D,Current,0,0,0,0,,2022-06-01,Ellie Mae,Missing Items,Current,0,0,0,0,0,
LN0001875,18,2022-07,2021-01,18,342,369729.0,363451.06,6.52,660-699,60-70%,20-28%,MI,Purchase,Investment,Single Family,Servicer_D,Current,0,0,0,0,,2022-07-01,Ellie Mae,Missing Items,Current,0,0,0,0,0,
LN0001875,19,2022-08,2021-01,19,341,369729.0,363084.01,6.52,660-699,60-70%,20-28%,MI,Purchase,Investment,Single Family,Servicer_D,Current,0,0,0,0,,2022-08-01,Ellie Mae,Missing Items,Current,0,0,0,0,0,
LN0001875,20,2022-09,2021-01,20,340,369729.0,362714.96,6.52,660-699,60-70%,20-28%,MI,Purchase,Investment,Single Family,Servicer_D,Current,0,0,0,0,,2022-09-01,Ellie Mae,Missing Items,Current,0,0,0,0,0,
LN0001875,21,2022-10,2021-01,21,339,369729.0,362343.91,6.52,660-699,60-70%,20-28%,MI,Purchase,Investment,Single Family,Servicer_D,Current,0,0,0,0,,2022-10-01,Ellie Mae,Missing Items,Current,0,0,0,0,0,
LN0001875,22,2022-11,2021-01,22,338,369729.0,361970.84,6.52,660-699,60-70%,20-28%,MI,Purchase,Investment,Single Family,Servicer_D,Current,0,0,0,0,,2022-11-01,Ellie Mae,Missing Items,Current,0,0,0,0,0,
LN0001875,23,2022-12,2021-01,23,337,369729.0,361595.75,6.52,660-699,60-70%,20-28%,MI,Purchase,Investment,Single Family,Servicer_D,Current,0,0,0,0,,2022-12-01,Ellie Mae,Missing Items,Current,0,0,0,0,0,
LN0001885,1,2022-02,2022-01,1,359,192787.0,192512.19,4.06,740-779,70-80%,28-36%,NJ,Refinance,Investment,Single Family,Servicer_E,Current,0,0,0,0,,2022-02-01,CoreLogic,Complete,Current,0,0,0,0,0,
LN0001885,2,2022-03,2022-01,2,358,192787.0,192236.44,4.06,740-779,70-80%,28-36%,NJ,Refinance,Investment,Single Family,Servicer_E,Current,0,0,0,0,,2022-03-01,CoreLogic,Complete,Current,0,0,0,0,0,
LN0001885,3,2022-04,2022-01,3,357,192787.0,191959.77,4.06,740-779,70-80%,28-36%,NJ,Refinance,Investment,Single Family,Servicer_E,Current,0,0,0,0,,2022-04-01,CoreLogic,Complete,Current,0,0,0,0,0,
LN0001885,4,2022-05,2022-01,4,356,192787.0,191682.16,4.06,740-779,70-80%,28-36%,NJ,Refinance,Investment,Single Family,Servicer_E,Current,0,0,0,0,,2022-05-01,CoreLogic,Complete,Current,0,0,0,0,0,
LN0001885,5,2022-06,2022-01,5,355,192787.0,191403.61,4.06,740-779,70-80%,28-36%,NJ,Refinance,Investment,Single Family,Servicer_E,Current,0,0,0,0,,2022-06-01,CoreLogic,Complete,Current,0,0,0,0,0,
LN0001885,6,2022-07,2022-01,6,354,192787.0,191124.11,4.06,740-779,70-80%,28-36%,NJ,Refinance,Investment,Single Family,Servicer_E,Current,0,0,0,0,,2022-07-01,CoreLogic,Complete,Current,0,0,0,0,0,
LN0001885,7,2022-08,2022-01,7,353,192787.0,190843.67,4.06,740-779,70-80%,28-36%,NJ,Refinance,Investment,Single Family,Servicer_E,Current,0,0,0,0,,2022-08-01,CoreLogic,Complete,Current,0,0,0,0,0,
LN0001885,8,2022-09,2022-01,8,352,192787.0,190562.28,4.06,740-779,70-80%,28-36%,NJ,Refinance,Investment,Single Family,Servicer_E,Current,0,0,0,0,,2022-09-01,CoreLogic,Complete,Current,0,0,0,0,0,
LN0001885,9,2022-10,2022-01,9,351,192787.0,190279.94,4.06,740-779,70-80%,28-36%,NJ,Refinance,Investment,Single Family,Servicer_E,Current,0,0,0,0,,2022-10-01,CoreLogic,Complete,Current,0,0,0,0,0,
LN0001885,10,2022-11,2022-01,10,350,192787.0,189996.65,4.06,740-779,70-80%,28-36%,NJ,Refinance,Investment,Single Family,Servicer_E,Current,0,0,0,0,,2022-11-01,CoreLogic,Complete,Current,0,0,0,0,0,
LN0001885,11,2022-12,2022-01,11,349,192787.0,189712.4,4.06,740-779,70-80%,28-36%,NJ,Refinance,Investment,Single Family,Servicer_E,Current,0,0,0,0,,2022-12-01,CoreLogic,Complete,Current,0,0,0,0,0,
LN0001889,1,2021-07,2021-06,1,359,137729.0,137725.5,22.17271689187336,740-779,70-80%,28-36%,TN,Cash-Out Refinance,Primary,Single Family,Servicer_E,Current,0,0,0,0,,2021-07-01,CoreLogic,Complete,Current,0,0,0,0,0,
LN0001889,2,2021-08,2021-06,2,358,137729.0,137721.94,22.17271689187336,740-779,70-80%,28-36%,TN,Cash-Out Refinance,Primary,Single Family,Servicer_E,Current,0,0,0,0,,2021-08-01,CoreLogic,Complete,Current,0,0,0,0,0,
LN0001889,3,2021-09,2021-06,3,357,137729.0,137718.31,22.17271689187336,740-779,70-80%,28-36%,TN,Cash-Out Refinance,Primary,Single Family,Servicer_E,Current,0,0,0,0,,2021-09-01,CoreLogic,Complete,Current,0,0,0,0,0,
LN0001889,4,2021-10,2021-06,4,356,137729.0,137714.62,22.17271689187336,740-779,70-80%,28-36%,TN,Cash-Out Refinance,Primary,Single Family,Servicer_E,Current,0,0,0,0,,2021-10-01,CoreLogic,Complete,Current,0,0,0,0,0,
LN0001889,5,2021-11,2021-06,5,355,137729.0,137710.85,22.17271689187336,740-779,70-80%,28-36%,TN,Cash-Out Refinance,Primary,Single Family,Servicer_E,Current,0,0,0,0,,2021-11-01,CoreLogic,Complete,Current,0,0,0,0,0,
LN0001889,6,2021-12,2021-06,6,354,137729.0,137707.02,22.17271689187336,740-779,70-80%,28-36%,TN,Cash-Out Refinance,Primary,Single Family,Servicer_E,Current,0,0,0,0,,2021-12-01,CoreLogic,Complete,Current,0,0,0,0,0,
LN0001889,7,2022-01,2021-06,7,353,137729.0,137703.12,22.17271689187336,740-779,70-80%,28-36%,TN,Cash-Out Refinance,Primary,Single Family,Servicer_E,Current,0,0,0,0,,2022-01-01,CoreLogic,Complete,Current,0,0,0,0,0,
LN0001889,8,2022-02,2021-06,8,352,137729.0,137699.14,22.17271689187336,740-779,70-80%,28-36%,TN,Cash-Out Refinance,Primary,Single Family,Servicer_E,Current,0,0,0,0,,2022-02-01,CoreLogic,Complete,Current,0,0,0,0,0,
LN0001889,9,2022-03,2021-06,9,351,137729.0,137695.09,22.17271689187336,740-779,70-80%,28-36%,TN,Cash-Out Refinance,Primary,Single Family,Servicer_E,Current,0,0,0,0,,2022-03-01,CoreLogic,Complete,Current,0,0,0,0,0,
LN0001889,10,2022-04,2021-06,10,350,137729.0,137690.97,22.17271689187336,740-779,70-80%,28-36%,TN,Cash-Out Refinance,Primary,Single Family,Servicer_E,Current,0,0,0,0,,2022-04-01,CoreLogic,Complete,Current,0,0,0,0,0,
LN0001889,11,2022-05,2021-06,11,349,137729.0,137686.77,22.17271689187336,740-779,70-80%,28-36%,TN,Cash-Out Refinance,Primary,Single Family,Servicer_E,Current,0,0,0,0,,2022-05-01,CoreLogic,Complete,Current,0,0,0,0,0,
LN0001889,12,2022-06,2021-06,12,348,137729.0,137682.49,22.17271689187336,740-779,70-80%,28-36%,TN,Cash-Out Refinance,Primary,Single Family,Servicer_E,Current,0,0,0,0,,2022-06-01,CoreLogic,Complete,Current,0,0,0,0,0,
LN0001889,13,2022-07,2021-06,13,347,137729.0,137678.13,22.17271689187336,740-779,70-80%,28-36%,TN,Cash-Out Refinance,Primary,Single Family,Servicer_E,Current,0,0,0,0,,2022-07-01,CoreLogic,Complete,Current,0,0,0,0,0,
LN0001889,14,2022-08,2021-06,14,346,137729.0,137673.69,22.17271689187336,740-779,70-80%,28-36%,TN,Cash-Out Refinance,Primary,Single Family,Servicer_E,Current,0,0,0,0,,2022-08-01,CoreLogic,Complete,Current,0,0,0,0,0,
LN0001889,15,2022-09,2021-06,15,345,137729.0,137669.17,22.17271689187336,740-779,70-80%,28-36%,TN,Cash-Out Refinance,Primary,Single Family,Servicer_E,Current,0,0,0,0,,2022-09-01,CoreLogic,Complete,Current,0,0,0,0,0,
LN0001889,16,2022-10,2021-06,16,344,137729.0,137664.57,22.17271689187336,740-779,70-80%,28-36%,TN,Cash-Out Refinance,Primary,Single Family,Servicer_E,Current,0,0,0,0,,2022-10-01,CoreLogic,Complete,Current,0,0,0,0,0,
LN0001889,17,2022-11,2021-06,17,343,137729.0,137659.88,22.17271689187336,740-779,70-80%,28-36%,TN,Cash-Out Refinance,Primary,Single Family,Servicer_E,Current,0,0,0,0,,2022-11-01,CoreLogic,Complete,Current,0,0,0,0,0,
LN0001889,18,2022-12,2021-06,18,342,137729.0,137655.11,22.17271689187336,740-779,70-80%,28-36%,TN,Cash-Out Refinance,Primary,Single Family,Servicer_E,Current,0,0,0,0,,2022-12-01,CoreLogic,Complete,Current,0,0,0,0,0,
LN0001911,1,2021-08,2021-07,1,359,126611.0,126397.58,3.104,740-779,>95%,>43%,TN,Purchase,Primary,Multi-Family,Servicer_E,Current,0,0,0,0,,2021-08-01,Ellie Mae,Missing Items,Current,0,0,0,0,0,
LN0001911,2,2021-09,2021-07,2,358,126611.0,126183.6,3.104,740-779,>95%,>43%,TN,Purchase,Primary,Multi-Family,Servicer_E,Current,0,0,0,0,,2021-09-01,Ellie Mae,Missing Items,Current,0,0,0,0,0,
LN0001911,3,2021-10,2021-07,3,357,126611.0,125969.07,3.104,740-779,>95%,>43%,TN,Purchase,Primary,Multi-Family,Servicer_E,Current,0,0,0,0,,2021-10-01,Ellie Mae,Missing Items,Current,0,0,0,0,0,
LN0001911,4,2021-11,2021-07,4,356,126611.0,125753.98,3.104,740-779,>95%,>43%,TN,Purchase,Primary,Multi-Family,Servicer_E,Current,0,0,0,0,,2021-11-01,Ellie Mae,Missing Items,Current,0,0,0,0,0,
LN0001911,5,2021-12,2021-07,5,355,126611.0,125538.34,3.104,740-779,>95%,>43%,TN,Purchase,Primary,Multi-Family,Servicer_E,Current,0,0,0,0,,2021-12-01,Ellie Mae,Missing Items,Current,0,0,0,0,0,
LN0001911,6,2022-01,2021-07,6,354,126611.0,125322.14,3.104,740-779,>95%,>43%,TN,Purchase,Primary,Multi-Family,Servicer_E,Current,0,0,0,0,,2022-01-01,Ellie Mae,Missing Items,Current,0,0,0,0,0,
LN0001911,7,2022-02,2021-07,7,353,126611.0,125105.39,3.104,740-779,>95%,>43%,TN,Purchase,Primary,Multi-Family,Servicer_E,Current,0,0,0,0,,2022-02-01,Ellie Mae,Missing Items,Current,0,0,0,0,0,
LN0001911,8,2022-03,2021-07,8,352,126611.0,124888.07,3.104,740-779,>95%,>43%,TN,Purchase,Primary,Multi-Family,Servicer_E,Current,0,0,0,0,,2022-03-01,Ellie Mae,Missing Items,Current,0,0,0,0,0,
LN0001911,9,2022-04,2021-07,9,351,126611.0,124670.19,3.104,740-779,>95%,>43%,TN,Purchase,Primary,Multi-Family,Servicer_E,Current,0,0,0,0,,2022-04-01,Ellie Mae,Missing Items,Current,0,0,0,0,0,
LN0001911,10,2022-05,2021-07,10,350,126611.0,124451.74,3.104,740-779,>95%,>43%,TN,Purchase,Primary,Multi-Family,Servicer_E,Current,0,0,0,0,,2022-05-01,Ellie Mae,Missing Items,Current,0,0,0,0,0,
LN0001911,11,2022-06,2021-07,11,349,126611.0,124232.73,3.104,740-779,>95%,>43%,TN,Purchase,Primary,Multi-Family,Servicer_E,Current,0,0,0,0,,2022-06-01,Ellie Mae,Missing Items,Current,0,0,0,0,0,
LN0001911,12,2022-07,2021-07,12,348,126611.0,124013.16,3.104,740-779,>95%,>43%,TN,Purchase,Primary,Multi-Family,Servicer_E,Current,0,0,0,0,,2022-07-01,Ellie Mae,Missing Items,Current,0,0,0,0,0,
LN0001911,13,2022-08,2021-07,13,347,126611.0,123793.01,3.104,740-779,>95%,>43%,TN,Purchase,Primary,Multi-Family,Servicer_E,Current,0,0,0,0,,2022-08-01,Ellie Mae,Missing Items,Current,0,0,0,0,0,
LN0001911,14,2022-09,2021-07,14,346,126611.0,123572.3,3.104,740-779,>95%,>43%,TN,Purchase,Primary,Multi-Family,Servicer_E,Current,0,0,0,0,,2022-09-01,Ellie Mae,Missing Items,Current,0,0,0,0,0,
LN0001911,15,2022-10,2021-07,15,345,126611.0,123351.01,3.104,740-779,>95%,>43%,TN,Purchase,Primary,Multi-Family,Servicer_E,Current,0,0,0,0,,2022-10-01,Ellie Mae,Missing Items,Current,0,0,0,1,0,
LN0001911,16,2022-11,2021-07,16,344,126611.0,123129.16,3.104,740-779,>95%,>43%,TN,Purchase,Primary,Multi-Family,Servicer_E,Current,0,0,0,0,,2022-11-01,Ellie Mae,Missing Items,Current,0,0,0,1,0,
LN0001911,17,2022-12,2021-07,17,343,126611.0,122906.73,3.104,740-779,>95%,>43%,TN,Purchase,Primary,Multi-Family,Servicer_E,Current,0,0,0,0,,2022-12-01,Ellie Mae,Missing Items,Current,0,0,0,1,0,
LN0001915,1,2022-02,2022-01,1,359,89107.0,89000.96,5.052,740-779,60-70%,28-36%,AZ,Home Improvement,Second Home,Single Family,Servicer_E,Current,0,0,0,0,,2022-02-01,Ellie Mae,Missing Items,Current,0,0,0,0,0,
LN0001915,2,2022-03,2022-01,2,358,89107.0,88894.47,5.052,740-779,60-70%,28-36%,AZ,Home Improvement,Second Home,Single Family,Servicer_E,Current,0,0,0,0,,2022-03-01,Ellie Mae,Missing Items,Current,0,0,0,0,0,
LN0001915,3,2022-04,2022-01,3,357,89107.0,88787.54,5.052,740-779,60-70%,28-36%,AZ,Home Improvement,Second Home,Single Family,Servicer_E,Current,0,0,0,0,,2022-04-01,Ellie Mae,Missing Items,Current,0,0,0,0,0,
LN0001915,4,2022-05,2022-01,4,356,89107.0,88680.15,5.052,740-779,60-70%,28-36%,AZ,Home Improvement,Second Home,Single Family,Servicer_E,Current,0,0,0,0,,2022-05-01,Ellie Mae,Missing Items,Current,0,0,0,0,0,
LN0001915,5,2022-06,2022-01,5,355,89107.0,88572.31,5.052,740-779,60-70%,28-36%,AZ,Home Improvement,Second Home,Single Family,Servicer_E,Current,0,0,0,0,,2022-06-01,Ellie Mae,Missing Items,Current,0,0,0,0,0,
LN0001915,6,2022-07,2022-01,6,354,89107.0,88464.02,5.052,740-779,60-70%,28-36%,AZ,Home Improvement,Second Home,Single Family,Servicer_E,Current,0,0,0,0,,2022-07-01,Ellie Mae,Missing Items,Current,0,0,0,0,0,
LN0001915,7,2022-08,2022-01,7,353,89107.0,88355.27,5.052,740-779,60-70%,28-36%,AZ,Home Improvement,Second Home,Single Family,Servicer_E,Current,0,0,0,0,,2022-08-01,Ellie Mae,Missing Items,Current,0,0,0,0,0,
LN0001915,8,2022-09,2022-01,8,352,89107.0,88246.07,5.052,740-779,60-70%,28-36%,AZ,Home Improvement,Second Home,Single Family,Servicer_E,Current,0,0,0,0,,2022-09-01,Ellie Mae,Missing Items,Current,0,0,0,0,0,
LN0001915,9,2022-10,2022-01,9,351,89107.0,88136.4,5.052,740-779,60-70%,28-36%,AZ,Home Improvement,Second Home,Single Family,Servicer_E,Current,0,0,0,0,,2022-10-01,Ellie Mae,Missing Items,Current,0,0,0,0,0,
LN0001915,10,2022-11,2022-01,10,350,89107.0,88026.27,5.052,740-779,60-70%,28-36%,AZ,Home Improvement,Second Home,Single Family,Servicer_E,Current,0,0,0,0,,2022-11-01,Ellie Mae,Missing Items,Current,0,0,0,0,0,
LN0001915,11,2022-12,2022-01,11,349,89107.0,87915.68,5.052,740-779,60-70%,28-36%,AZ,Home Improvement,Second Home,Single Family,Servicer_E,Current,0,0,0,0,,2022-12-01,Ellie Mae,Missing Items,Current,0,0,0,0,0,
LN0001927,1,2022-06,2022-05,1,359,161322.0,161109.56,,740-779,70-80%,28-36%,NY,Refinance,Primary,Single Family,Servicer_C,Current,0,0,0,0,,2022-06-01,Ellie Mae,Missing Items,Current,0,0,0,0,0,
LN0001927,2,2022-07,2022-05,2,358,161322.0,160896.33,,740-779,70-80%,28-36%,NY,Refinance,Primary,Single Family,Servicer_C,Current,358,0,0,0,,2022-07-01,Ellie Mae,Missing Items,Current,0,0,0,0,0,
LN0001927,3,2022-08,2022-05,3,357,161322.0,160682.29,,740-779,70-80%,28-36%,NY,Refinance,Primary,Single Family,Servicer_C,Current,0,0,0,0,,2022-08-01,Ellie Mae,Missing Items,Current,0,0,0,0,0,
LN0001927,4,2022-09,2022-05,4,356,161322.0,160467.46,,740-779,70-80%,28-36%,NY,Refinance,Primary,Single Family,Servicer_C,Current,0,0,0,0,,2022-09-01,Ellie Mae,Missing Items,Current,0,0,0,0,0,
LN0001927,5,2022-10,2022-05,5,355,161322.0,160251.82,,740-779,70-80%,28-36%,NY,Refinance,Primary,Single Family,Servicer_C,Current,0,0,0,0,,2022-10-01,Ellie Mae,Missing Items,Current,0,0,0,0,0,
LN0001927,6,2022-11,2022-05,6,354,161322.0,160035.37,,740-779,70-80%,28-36%,NY,Refinance,Primary,Single Family,Servicer_C,Current,0,0,0,0,,2022-11-01,Ellie Mae,Missing Items,Current,0,0,0,0,0,
LN0001927,7,2022-12,2022-05,7,353,161322.0,159818.1,,740-779,70-80%,28-36%,NY,Refinance,Primary,Single Family,Servicer_C,Current,0,0,0,0,,2022-12-01,Ellie Mae,Missing Items,Current,0,0,0,0,0,
LN0001938,1,2020-10,2020-09,1,359,71831.0,71752.26,5.492,780+,60-70%,28-36%,CA,Cash-Out Refinance,Primary,Condo,Servicer_B,Current,0,0,0,0,,2020-10-01,Black Knight,Pending Review,Current,0,0,0,0,0,
LN0001938,2,2020-11,2020-09,2,358,71831.0,71673.16,5.492,780+,60-70%,28-36%,CA,Cash-Out Refinance,Primary,Condo,Servicer_B,Current,0,0,0,0,,2020-11-01,Black Knight,Pending Review,Current,0,0,0,0,0,
LN0001938,3,2020-12,2020-09,3,357,71831.0,71593.69,5.492,780+,60-70%,28-36%,CA,Cash-Out Refinance,Primary,Condo,Servicer_B,Current,0,0,0,0,,2020-12-01,Black Knight,Pending Review,Current,0,0,0,0,0,
LN0001938,4,2021-01,2020-09,4,356,71831.0,71513.87,5.492,780+,60-70%,28-36%,CA,Cash-Out Refinance,Primary,Condo,Servicer_B,Current,0,0,0,0,,2021-01-01,Black Knight,Pending Review,Current,0,0,0,0,0,
LN0001938,5,2021-02,2020-09,5,355,71831.0,71433.67,5.492,780+,60-70%,28-36%,CA,Cash-Out Refinance,Primary,Condo,Servicer_B,Current,0,0,0,0,,2021-02-01,Black Knight,Pending Review,Current,0,0,0,0,0,
LN0001938,6,2021-03,2020-09,6,354,71831.0,71353.11,5.492,780+,60-70%,28-36%,CA,Cash-Out Refinance,Primary,Condo,Servicer_B,Current,0,0,0,0,,2021-03-01,Black Knight,Pending Review,Current,0,0,0,0,0,
LN0001938,7,2021-04,2020-09,7,353,71831.0,71272.18,5.492,780+,60-70%,28-36%,CA,Cash-Out Refinance,Primary,Condo,Servicer_B,Current,0,0,0,0,,2021-04-01,Black Knight,Pending Review,Current,0,0,0,0,0,
LN0001938,8,2021-05,2020-09,8,352,71831.0,71190.88,5.492,780+,60-70%,28-36%,CA,Cash-Out Refinance,Primary,Condo,Servicer_B,Current,0,0,0,0,,2021-05-01,Black Knight,Pending Review,Current,0,0,0,0,0,
LN0001938,9,2021-06,2020-09,9,351,71831.0,71109.21,5.492,780+,60-70%,28-36%,CA,Cash-Out Refinance,Primary,Condo,Servicer_B,Current,0,0,0,0,,2021-06-01,Black Knight,Pending Review,Current,0,0,0,0,0,
LN0001938,10,2021-07,2020-09,10,350,71831.0,71027.17,5.492,780+,60-70%,28-36%,CA,Cash-Out Refinance,Primary,Condo,Servicer_B,Current,0,0,0,0,,2021-07-01,Black Knight,Pending Review,Current,0,0,0,0,0,
LN0001938,11,2021-08,2020-09,11,349,71831.0,70944.75,5.492,780+,60-70%,28-36%,CA,Cash-Out Refinance,Primary,Condo,Servicer_B,Current,0,0,0,0,,2021-08-01,Black Knight,Pending Review,Current,0,0,0,0,0,
LN0001938,12,2021-09,2020-09,12,348,71831.0,70861.95,5.492,780+,60-70%,28-36%,CA,Cash-Out Refinance,Primary,Condo,Servicer_B,Current,0,0,0,0,,2021-09-01,Black Knight,Pending Review,Current,0,0,0,0,0,
LN0001938,13,2021-10,2020-09,13,347,71831.0,70778.77,5.492,780+,60-70%,28-36%,CA,Cash-Out Refinance,Primary,Condo,Servicer_B,Current,0,0,0,0,,2021-10-01,Black Knight,Pending Review,Current,0,0,0,0,0,
LN0001938,14,2021-11,2020-09,14,346,71831.0,70695.22,5.492,780+,60-70%,28-36%,CA,Cash-Out Refinance,Primary,Condo,Servicer_B,Current,0,0,0,0,,2021-11-01,Black Knight,Pending Review,Current,0,0,0,0,0,
LN0001938,15,2021-12,2020-09,15,345,71831.0,70611.28,5.492,780+,60-70%,28-36%,CA,Cash-Out Refinance,Primary,Condo,Servicer_B,Current,0,0,0,0,,2021-12-01,Black Knight,Pending Review,Current,0,0,0,0,0,
LN0001938,16,2022-01,2020-09,16,344,71831.0,70526.95,5.492,780+,60-70%,28-36%,CA,Cash-Out Refinance,Primary,Condo,Servicer_B,Current,0,0,0,0,,2022-01-01,Black Knight,Pending Review,Current,0,0,0,0,0,
LN0001938,17,2022-02,2020-09,17,343,71831.0,70442.24,5.492,780+,60-70%,28-36%,CA,Cash-Out Refinance,Primary,Condo,Servicer_B,Current,0,0,0,0,,2022-02-01,Black Knight,Pending Review,Current,0,0,0,0,0,
LN0001938,18,2022-03,2020-09,18,342,71831.0,70357.15,5.492,780+,60-70%,28-36%,CA,Cash-Out Refinance,Primary,Condo,Servicer_B,Current,0,0,0,0,,2022-03-01,Black Knight,Pending Review,Current,0,0,0,0,0,
LN0001938,19,2022-04,2020-09,19,341,71831.0,70271.66,5.492,780+,60-70%,28-36%,CA,Cash-Out Refinance,Primary,Condo,Servicer_B,Current,0,0,0,0,,2022-04-01,Black Knight,Pending Review,Current,0,0,0,0,0,
LN0001938,20,2022-05,2020-09,20,340,71831.0,70185.78,5.492,780+,60-70%,28-36%,CA,Cash-Out Refinance,Primary,Condo,Servicer_B,Current,0,0,0,0,,2022-05-01,Black Knight,Pending Review,Current,0,0,0,0,0,
LN0001938,21,2022-06,2020-09,21,339,71831.0,70099.51,5.492,780+,60-70%,28-36%,CA,Cash-Out Refinance,Primary,Condo,Servicer_B,Current,0,0,0,0,,2022-06-01,Black Knight,Pending Review,Current,0,0,0,0,0,
LN0001938,22,2022-07,2020-09,22,338,71831.0,70012.84,5.492,780+,60-70%,28-36%,CA,Cash-Out Refinance,Primary,Condo,Servicer_B,Current,0,0,0,0,,2022-07-01,Black Knight,Pending Review,Current,0,0,0,0,0,
LN0001938,23,2022-08,2020-09,23,337,71831.0,69925.78,5.492,780+,60-70%,28-36%,CA,Cash-Out Refinance,Primary,Condo,Servicer_B,Current,0,0,0,0,,2022-08-01,Black Knight,Pending Review,Current,0,0,0,0,0,
LN0001938,24,2022-09,2020-09,24,336,71831.0,69838.32,5.492,780+,60-70%,28-36%,CA,Cash-Out Refinance,Primary,Condo,Servicer_B,Current,0,0,0,0,,2022-09-01,Black Knight,Pending Review,Current,0,0,0,0,0,
LN0001938,25,2022-10,2020-09,25,335,71831.0,69750.46,5.492,780+,60-70%,28-36%,CA,Cash-Out Refinance,Primary,Condo,Servicer_B,Current,0,0,0,0,,2022-10-01,Black Knight,Pending Review,Current,0,0,0,0,0,
LN0001938,26,2022-11,2020-09,26,334,71831.0,69662.2,5.492,780+,60-70%,28-36%,CA,Cash-Out Refinance,Primary,Condo,Servicer_B,Current,0,0,0,0,,2022-11-01,Black Knight,Pending Review,Current,0,0,0,0,0,
LN0001938,27,2022-12,2020-09,27,333,71831.0,69573.53,5.492,780+,60-70%,28-36%,CA,Cash-Out Refinance,Primary,Condo,Servicer_B,Current,0,0,0,0,,2022-12-01,Black Knight,Pending Review,Current,0,0,0,0,0,
LN0001954,1,2021-08,2021-07,1,359,162487.0,162307.84,5.461,740-779,<60%,<20%,MD,Home Improvement,Primary,Multi-Family,Servicer_D,Current,0,0,0,0,,2021-08-01,Black Knight,Pending Review,Current,0,0,0,0,0,
LN0001954,2,2021-09,2021-07,2,358,162487.0,162127.86,5.461,740-779,<60%,<20%,MD,Home Improvement,Primary,Multi-Family,Servicer_D,Current,0,0,0,0,,2021-09-01,Black Knight,Pending Review,Current,0,0,0,0,0,
LN0001954,3,2021-10,2021-07,3,357,162487.0,161947.07,5.461,740-779,<60%,<20%,MD,Home Improvement,Primary,Multi-Family,Servicer_D,Current,0,0,0,0,,2021-10-01,Black Knight,Pending Review,Current,0,0,0,0,0,
LN0001954,4,2021-11,2021-07,4,356,162487.0,161765.45,5.461,740-779,<60%,<20%,MD,Home Improvement,Primary,Multi-Family,Servicer_D,Current,0,0,0,0,,2021-11-01,Black Knight,Pending Review,Current,0,0,0,0,0,
LN0001954,5,2021-12,2021-07,5,355,162487.0,161583.01,5.461,740-779,<60%,<20%,MD,Home Improvement,Primary,Multi-Family,Servicer_D,Current,0,0,0,0,,2021-12-01,Black Knight,Pending Review,Current,0,0,0,0,0,
LN0001954,6,2022-01,2021-07,6,354,162487.0,161399.74,5.461,740-779,<60%,<20%,MD,Home Improvement,Primary,Multi-Family,Servicer_D,Current,0,0,0,0,,2022-01-01,Black Knight,Pending Review,Current,0,0,0,0,0,
LN0001954,7,2022-02,2021-07,7,353,162487.0,161215.63,5.461,740-779,<60%,<20%,MD,Home Improvement,Primary,Multi-Family,Servicer_D,Current,0,0,0,0,,2022-02-01,Black Knight,Pending Review,Current,0,0,0,0,0,
LN0001954,8,2022-03,2021-07,8,352,162487.0,161030.68,5.461,740-779,<60%,<20%,MD,Home Improvement,Primary,Multi-Family,Servicer_D,Current,0,0,0,0,,2022-03-01,Black Knight,Pending Review,Current,0,0,0,0,0,
LN0001954,9,2022-04,2021-07,9,351,162487.0,160844.89,5.461,740-779,<60%,<20%,MD,Home Improvement,Primary,Multi-Family,Servicer_D,Current,0,0,0,0,,2022-04-01,Black Knight,Pending Review,Current,0,0,0,0,0,
LN0001954,10,2022-05,2021-07,10,350,162487.0,160658.26,5.461,740-779,<60%,<20%,MD,Home Improvement,Primary,Multi-Family,Servicer_D,Current,0,0,0,0,,2022-05-01,Black Knight,Pending Review,Current,0,0,0,1,0,
LN0001954,11,2022-06,2021-07,11,349,162487.0,160470.78,5.461,740-779,<60%,<20%,MD,Home Improvement,Primary,Multi-Family,Servicer_D,Current,0,0,0,0,,2022-06-01,Black Knight,Pending Review,Current,0,0,0,1,0,
LN0001954,12,2022-07,2021-07,12,348,162487.0,160282.44,5.461,740-779,<60%,<20%,MD,Home Improvement,Primary,Multi-Family,Servicer_D,Current,0,0,0,0,,2022-07-01,Black Knight,Pending Review,Current,0,0,0,1,0,
LN0001954,13,2022-08,2021-07,13,347,162487.0,160093.25,5.461,740-779,<60%,<20%,MD,Home Improvement,Primary,Multi-Family,Servicer_D,Current,0,0,0,0,,2022-08-01,Black Knight,Pending Review,Current,0,0,0,1,0,
LN0001954,14,2022-09,2021-07,14,346,162487.0,159903.2,5.461,740-779,<60%,<20%,MD,Home Improvement,Primary,Multi-Family,Servicer_D,Current,0,0,0,0,,2022-09-01,Black Knight,Pending Review,Current,0,0,0,1,0,
LN0001954,15,2022-10,2021-07,15,345,162487.0,159712.28,5.461,740-779,<60%,<20%,MD,Home Improvement,Primary,Multi-Family,Servicer_D,Current,0,0,0,0,,2022-10-01,Black Knight,Pending Review,Current,0,0,0,1,0,
LN0001954,16,2022-11,2021-07,16,344,162487.0,159520.49,5.461,740-779,<60%,<20%,MD,Home Improvement,Primary,Multi-Family,Servicer_D,Current,0,0,0,0,,2022-11-01,Black Knight,Pending Review,Current,0,0,0,1,0,
LN0001954,17,2022-12,2021-07,17,343,162487.0,159327.83,5.461,740-779,<60%,<20%,MD,Home Improvement,Primary,Multi-Family,Servicer_D,Current,0,0,0,0,,2022-12-01,Black Knight,Pending Review,Current,0,0,0,1,0,
LN0001954,21,2021-05,2021-07,21,339,162487.0,158548.38,5.461,740-779,<60%,<20%,MD,Home Improvement,Primary,Multi-Family,Servicer_D,Current,0,0,0,0,,2023-04-01,Black Knight,Pending Review,Prepaid,0,0,0,1,1,Date Anomaly
LN0001955,1,2021-07,2021-06,1,359,82874.0,82781.88,5.418,740-779,80-90%,28-36%,NY,Cash-Out Refinance,Second Home,Condo,Servicer_D,Current,0,0,0,0,,2021-07-01,Ellie Mae,Missing Items,Current,0,0,0,0,0,
LN0001955,2,2021-08,2021-06,2,358,82874.0,82689.35,5.418,740-779,80-90%,28-36%,NY,Cash-Out Refinance,Second Home,Condo,Servicer_D,Current,0,0,0,0,,2021-08-01,Ellie Mae,Missing Items,Current,0,0,0,0,0,
LN0001955,3,2021-09,2021-06,3,357,82874.0,82596.39,5.418,740-779,80-90%,28-36%,NY,Cash-Out Refinance,Second Home,Condo,Servicer_D,Current,0,0,0,0,,2021-09-01,Ellie Mae,Missing Items,Current,0,0,0,0,0,
LN0001955,4,2021-10,2021-06,4,356,82874.0,82503.02,5.418,740-779,80-90%,28-36%,NY,Cash-Out Refinance,Second Home,Condo,Servicer_D,Current,0,0,0,0,,2021-10-01,Ellie Mae,Missing Items,Current,0,0,0,0,0,
LN0001955,5,2021-11,2021-06,5,355,82874.0,82409.23,5.418,740-779,80-90%,28-36%,NY,Cash-Out Refinance,Second Home,Condo,Servicer_D,Current,0,0,0,0,,2021-11-01,Ellie Mae,Missing Items,Current,0,0,0,0,0,
LN0001955,6,2021-12,2021-06,6,354,82874.0,82315.01,5.418,740-779,80-90%,28-36%,NY,Cash-Out Refinance,Second Home,Condo,Servicer_D,Current,0,0,0,0,,2021-12-01,Ellie Mae,Missing Items,Current,0,0,0,0,0,
LN0001955,7,2022-01,2021-06,7,353,82874.0,82220.37,5.418,740-779,80-90%,28-36%,NY,Cash-Out Refinance,Second Home,Condo,Servicer_D,Current,0,0,0,0,,2022-01-01,Ellie Mae,Missing Items,Current,0,0,0,0,0,
LN0001955,8,2022-02,2021-06,8,352,82874.0,82125.3,5.418,740-779,80-90%,28-36%,NY,Cash-Out Refinance,Second Home,Condo,Servicer_D,Current,0,0,0,0,,2022-02-01,Ellie Mae,Missing Items,Current,0,0,0,0,0,
LN0001955,9,2022-03,2021-06,9,351,82874.0,82029.8,5.418,740-779,80-90%,28-36%,NY,Cash-Out Refinance,Second Home,Condo,Servicer_D,Current,0,0,0,0,,2022-03-01,Ellie Mae,Missing Items,Current,0,0,0,0,0,
LN0001955,10,2022-04,2021-06,10,350,82874.0,81933.87,5.418,740-779,80-90%,28-36%,NY,Cash-Out Refinance,Second Home,Condo,Servicer_D,Current,0,0,0,0,,2022-04-01,Ellie Mae,Missing Items,Current,0,0,0,0,0,
LN0001955,11,2022-05,2021-06,11,349,82874.0,81837.51,5.418,740-779,80-90%,28-36%,NY,Cash-Out Refinance,Second Home,Condo,Servicer_D,Current,0,0,0,0,,2022-05-01,Ellie Mae,Missing Items,Current,0,0,0,0,0,
LN0001955,12,2022-06,2021-06,12,348,82874.0,81740.71,5.418,740-779,80-90%,28-36%,NY,Cash-Out Refinance,Second Home,Condo,Servicer_D,Current,0,0,0,0,,2022-06-01,Ellie Mae,Missing Items,Current,0,0,0,0,0,
LN0001955,13,2022-07,2021-06,13,347,82874.0,81643.47,5.418,740-779,80-90%,28-36%,NY,Cash-Out Refinance,Second Home,Condo,Servicer_D,Current,0,0,0,0,,2022-07-01,Ellie Mae,Missing Items,Current,0,0,0,0,0,
LN0001955,14,2022-08,2021-06,14,346,82874.0,81545.8,5.418,740-779,80-90%,28-36%,NY,Cash-Out Refinance,Second Home,Condo,Servicer_D,Current,0,0,0,0,,2022-08-01,Ellie Mae,Missing Items,Current,0,0,0,0,0,
LN0001955,15,2022-09,2021-06,15,345,82874.0,81447.68,5.418,740-779,80-90%,28-36%,NY,Cash-Out Refinance,Second Home,Condo,Servicer_D,Current,0,0,0,0,,2022-09-01,Ellie Mae,Missing Items,Current,0,0,0,0,0,
LN0001955,16,2022-10,2021-06,16,344,82874.0,81349.13,5.418,740-779,80-90%,28-36%,NY,Cash-Out Refinance,Second Home,Condo,Servicer_D,Current,0,0,0,0,,2022-10-01,Ellie Mae,Missing Items,Current,0,0,0,0,0,
LN0001955,17,2022-11,2021-06,17,343,82874.0,81250.12,5.418,740-779,80-90%,28-36%,NY,Cash-Out Refinance,Second Home,Condo,Servicer_D,Current,0,0,0,0,,2022-11-01,Ellie Mae,Missing Items,Current,0,0,0,0,0,
LN0001955,18,2022-12,2021-06,18,342,82874.0,81150.67,5.418,740-779,80-90%,28-36%,NY,Cash-Out Refinance,Second Home,Condo,Servicer_D,Current,0,0,0,0,,2022-12-01,Ellie Mae,Missing Items,Current,0,0,0,0,0,
LN0001958,1,2021-12,2021-11,1,359,172809.0,172467.91,2.169,620-659,80-90%,28-36%,NC,Refinance,Primary,Single Family,Servicer_D,Current,0,0,0,0,,2021-12-01,Black Knight,Pending Review,Current,0,0,0,0,0,
LN0001958,2,2022-01,2021-11,2,358,172809.0,172126.21,2.169,620-659,80-90%,28-36%,NC,Refinance,Primary,Single Family,Servicer_D,Current,0,0,0,0,,2022-01-01,Black Knight,Pending Review,Current,0,0,0,0,0,
LN0001958,3,2022-02,2021-11,3,357,172809.0,171783.89,2.169,620-659,80-90%,28-36%,NC,Refinance,Primary,Single Family,Servicer_D,Current,0,0,0,0,,2022-02-01,Black Knight,Pending Review,Current,0,0,0,0,0,
LN0001958,4,2022-03,2021-11,4,356,172809.0,171440.95,2.169,620-659,80-90%,28-36%,NC,Refinance,Primary,Single Family,Servicer_D,Current,0,0,0,0,,2022-03-01,Black Knight,Pending Review,Current,0,0,0,0,0,
LN0001958,5,2022-04,2021-11,5,355,172809.0,171097.39,2.169,620-659,80-90%,28-36%,NC,Refinance,Primary,Single Family,Servicer_D,Current,0,0,0,0,,2022-04-01,Black Knight,Pending Review,Current,0,0,0,0,0,
LN0001958,6,2022-05,2021-11,6,354,172809.0,170753.21,2.169,620-659,80-90%,28-36%,NC,Refinance,Primary,Single Family,Servicer_D,Current,0,0,0,0,,2022-05-01,Black Knight,Pending Review,Current,0,0,0,0,0,
LN0001958,7,2022-06,2021-11,7,353,172809.0,170408.41,2.169,620-659,80-90%,28-36%,NC,Refinance,Primary,Single Family,Servicer_D,Current,0,0,0,0,,2022-06-01,Black Knight,Pending Review,Current,0,0,0,0,0,
LN0001958,8,2022-07,2021-11,8,352,172809.0,170062.98,2.169,620-659,80-90%,28-36%,NC,Refinance,Primary,Single Family,Servicer_D,Current,0,0,0,0,,2022-07-01,Black Knight,Pending Review,Current,0,0,0,0,0,
LN0001958,9,2022-08,2021-11,9,351,172809.0,169716.93,2.169,620-659,80-90%,28-36%,NC,Refinance,Primary,Single Family,Servicer_D,Current,0,0,0,0,,2022-08-01,Black Knight,Pending Review,Current,0,0,0,0,0,
LN0001958,10,2022-09,2021-11,10,350,172809.0,169370.26,2.169,620-659,80-90%,28-36%,NC,Refinance,Primary,Single Family,Servicer_D,Current,0,0,0,0,,2022-09-01,Black Knight,Pending Review,Current,0,0,0,0,0,
LN0001958,11,2022-10,2021-11,11,349,172809.0,169022.96,2.169,620-659,80-90%,28-36%,NC,Refinance,Primary,Single Family,Servicer_D,Current,0,0,0,0,,2022-10-01,Black Knight,Pending Review,Current,0,0,0,0,0,
LN0001958,12,2022-11,2021-11,12,348,172809.0,168675.03,2.169,620-659,80-90%,28-36%,NC,Refinance,Primary,Single Family,Servicer_D,Current,0,0,0,0,,2022-11-01,Black Knight,Pending Review,Current,0,0,0,0,0,
LN0001958,13,2022-12,2021-11,13,347,172809.0,168326.47,2.169,620-659,80-90%,28-36%,NC,Refinance,Primary,Single Family,Servicer_D,Current,0,0,0,0,,2022-12-01,Black Knight,Pending Review,Current,0,0,0,0,0,
LN0001961,1,2022-07,2022-06,1,239,50000.0,49975.49,17.154107052621402,620-659,80-90%,28-36%,NJ,Home Improvement,Primary,Multi-Family,Servicer_A,Current,0,0,0,0,,2022-07-01,CoreLogic,Complete,Current,0,0,0,0,0,
LN0001961,2,2022-08,2022-06,2,238,50000.0,49950.63,17.154107052621402,620-659,80-90%,28-36%,NJ,Home Improvement,Primary,Multi-Family,Servicer_A,Current,0,0,0,0,,2022-08-01,CoreLogic,Complete,Current,0,0,0,0,0,
LN0001961,3,2022-09,2022-06,3,237,50000.0,49925.41,17.154107052621402,620-659,80-90%,28-36%,NJ,Home Improvement,Primary,Multi-Family,Servicer_A,Current,0,0,0,0,,2022-09-01,CoreLogic,Complete,Current,0,0,0,0,0,
LN0001961,4,2022-10,2022-06,4,236,50000.0,49899.83,17.154107052621402,620-659,80-90%,28-36%,NJ,Home Improvement,Primary,Multi-Family,Servicer_A,Current,0,0,0,0,,2022-10-01,CoreLogic,Complete,Current,0,0,0,0,0,
LN0001961,5,2022-11,2022-06,5,235,50000.0,49873.89,17.154107052621402,620-659,80-90%,28-36%,NJ,Home Improvement,Primary,Multi-Family,Servicer_A,Current,0,0,0,0,,2022-11-01,CoreLogic,Complete,Current,0,0,0,0,0,
LN0001961,6,2022-12,2022-06,6,234,50000.0,49847.58,17.154107052621402,620-659,80-90%,28-36%,NJ,Home Improvement,Primary,Multi-Family,Servicer_A,Current,0,0,0,0,,2022-12-01,CoreLogic,Complete,Current,0,0,0,0,0,
LN0001967,1,2021-12,2021-11,1,359,77517.0,77359.68,2.0,740-779,<60%,20-28%,IL,Refinance,Primary,Single Family,Servicer_D,Current,0,0,0,0,,2021-12-01,Ellie Mae,Missing Items,Current,0,0,0,0,0,
LN0001967,2,2022-01,2021-11,2,358,77517.0,77202.09,2.0,740-779,<60%,20-28%,IL,Refinance,Primary,Single Family,Servicer_D,Current,0,0,0,0,,2022-01-01,Ellie Mae,Missing Items,Current,0,0,0,0,0,
LN0001967,3,2022-02,2021-11,3,357,77517.0,77044.24,2.0,740-779,<60%,20-28%,IL,Refinance,Primary,Single Family,Servicer_D,Current,0,0,0,0,,2022-02-01,Ellie Mae,Missing Items,Current,0,0,0,0,0,
LN0001967,4,2022-03,2021-11,4,356,77517.0,76886.13,2.0,740-779,<60%,20-28%,IL,Refinance,Primary,Single Family,Servicer_D,Current,0,0,0,0,,2022-03-01,Ellie Mae,Missing Items,Current,0,0,0,0,0,
LN0001967,5,2022-04,2021-11,5,355,77517.0,76727.76,2.0,740-779,<60%,20-28%,IL,Refinance,Primary,Single Family,Servicer_D,Current,0,0,0,0,,2022-04-01,Ellie Mae,Missing Items,Current,0,0,0,0,0,
LN0001967,6,2022-05,2021-11,6,354,77517.0,76569.12,2.0,740-779,<60%,20-28%,IL,Refinance,Primary,Single Family,Servicer_D,Current,0,0,0,0,,2022-05-01,Ellie Mae,Missing Items,Current,0,0,0,0,0,
LN0001967,7,2022-06,2021-11,7,353,77517.0,76410.22,2.0,740-779,<60%,20-28%,IL,Refinance,Primary,Single Family,Servicer_D,Current,0,0,0,0,,2022-06-01,Ellie Mae,Missing Items,Current,0,0,0,0,0,
LN0001967,8,2022-07,2021-11,8,352,77517.0,76251.05,2.0,740-779,<60%,20-28%,IL,Refinance,Primary,Single Family,Servicer_D,Current,0,0,0,0,,2022-07-01,Ellie Mae,Missing Items,Current,0,0,0,0,0,
LN0001967,9,2022-08,2021-11,9,351,77517.0,76091.62,2.0,740-779,<60%,20-28%,IL,Refinance,Primary,Single Family,Servicer_D,Current,0,0,0,0,,2022-08-01,Ellie Mae,Missing Items,Current,0,0,0,0,0,
LN0001967,10,2022-09,2021-11,10,350,77517.0,75931.92,2.0,740-779,<60%,20-28%,IL,Refinance,Primary,Single Family,Servicer_D,Current,0,0,0,0,,2022-09-01,Ellie Mae,Missing Items,Current,0,0,0,0,0,
LN0001967,11,2022-10,2021-11,11,349,77517.0,75771.95,2.0,740-779,<60%,20-28%,IL,Refinance,Primary,Single Family,Servicer_D,Current,0,0,0,0,,2022-10-01,Ellie Mae,Missing Items,Current,0,0,0,0,0,
LN0001967,12,2022-11,2021-11,12,348,77517.0,75611.72,2.0,740-779,<60%,20-28%,IL,Refinance,Primary,Single Family,Servicer_D,Current,0,0,0,0,,2022-11-01,Ellie Mae,Missing Items,Current,0,0,0,0,0,
LN0001967,13,2022-12,2021-11,13,347,77517.0,75451.22,2.0,740-779,<60%,20-28%,IL,Refinance,Primary,Single Family,Servicer_D,Current,0,0,0,0,,2022-12-01,Ellie Mae,Missing Items,Current,0,0,0,0,0,
LN0001989,1,2020-07,2020-06,1,179,85377.0,85043.07,4.465,780+,60-70%,20-28%,NY,Cash-Out Refinance,Primary,Single Family,Servicer_C,Current,0,0,0,0,,2020-07-01,CoreLogic,Complete,Current,0,0,0,0,0,
LN0001989,2,2020-08,2020-06,2,178,85377.0,84707.9,4.465,780+,60-70%,20-28%,NY,Cash-Out Refinance,Primary,Single Family,Servicer_C,Current,0,0,0,0,,2020-08-01,CoreLogic,Complete,Current,0,0,0,0,0,
LN0001989,3,2020-09,2020-06,3,177,85377.0,84371.48,4.465,780+,60-70%,20-28%,NY,Cash-Out Refinance,Primary,Single Family,Servicer_C,Current,0,0,0,0,,2020-09-01,CoreLogic,Complete,Current,0,0,0,0,0,
LN0001989,4,2020-10,2020-06,4,176,85377.0,84033.81,4.465,780+,60-70%,20-28%,NY,Cash-Out Refinance,Primary,Single Family,Servicer_C,Current,0,0,0,0,,2020-10-01,CoreLogic,Complete,Current,0,0,0,0,0,
LN0001989,5,2020-11,2020-06,5,175,85377.0,83694.89,4.465,780+,60-70%,20-28%,NY,Cash-Out Refinance,Primary,Single Family,Servicer_C,Current,0,0,0,0,,2020-11-01,CoreLogic,Complete,Current,0,0,0,0,0,
LN0001989,6,2020-12,2020-06,6,174,85377.0,83354.7,4.465,780+,60-70%,20-28%,NY,Cash-Out Refinance,Primary,Single Family,Servicer_C,Current,0,0,0,0,,2020-12-01,CoreLogic,Complete,Current,0,0,0,0,0,
LN0001989,7,2021-01,2020-06,7,173,85377.0,83013.25,4.465,780+,60-70%,20-28%,NY,Cash-Out Refinance,Primary,Single Family,Servicer_C,Current,0,0,0,0,,2021-01-01,CoreLogic,Complete,Current,0,0,0,0,0,
LN0001989,8,2021-02,2020-06,8,172,85377.0,82670.52,4.465,780+,60-70%,20-28%,NY,Cash-Out Refinance,Primary,Single Family,Servicer_C,Current,0,0,0,0,,2021-02-01,CoreLogic,Complete,Current,0,0,0,0,0,
LN0001989,9,2021-03,2020-06,9,171,85377.0,82326.52,4.465,780+,60-70%,20-28%,NY,Cash-Out Refinance,Primary,Single Family,Servicer_C,Current,0,0,0,0,,2021-03-01,CoreLogic,Complete,Current,0,0,0,0,0,
LN0001989,10,2021-04,2020-06,10,170,85377.0,81981.24,4.465,780+,60-70%,20-28%,NY,Cash-Out Refinance,Primary,Single Family,Servicer_C,Current,0,0,0,0,,2021-04-01,CoreLogic,Complete,Current,0,0,0,0,0,
LN0001989,11,2021-05,2020-06,11,169,85377.0,81634.68,4.465,780+,60-70%,20-28%,NY,Cash-Out Refinance,Primary,Single Family,Servicer_C,Current,0,0,0,0,,2021-05-01,CoreLogic,Complete,Current,0,0,0,0,0,
LN0001989,12,2021-06,2020-06,12,168,85377.0,81286.83,4.465,780+,60-70%,20-28%,NY,Cash-Out Refinance,Primary,Single Family,Servicer_C,Current,0,0,0,0,,2021-06-01,CoreLogic,Complete,Current,0,0,0,0,0,
LN0001989,13,2021-07,2020-06,13,167,85377.0,80937.68,4.465,780+,60-70%,20-28%,NY,Cash-Out Refinance,Primary,Single Family,Servicer_C,Current,0,0,0,0,,2021-07-01,CoreLogic,Complete,Current,0,0,0,0,0,
LN0001989,14,2021-08,2020-06,14,166,85377.0,80587.23,4.465,780+,60-70%,20-28%,NY,Cash-Out Refinance,Primary,Single Family,Servicer_C,Current,0,0,0,0,,2021-08-01,CoreLogic,Complete,Current,0,0,0,0,0,
LN0001989,15,2021-09,2020-06,15,165,85377.0,80235.48,4.465,780+,60-70%,20-28%,NY,Cash-Out Refinance,Primary,Single Family,Servicer_C,Current,0,0,0,0,,2021-09-01,CoreLogic,Complete,Current,0,0,0,0,0,
LN0001989,16,2021-10,2020-06,16,164,85377.0,79882.42,4.465,780+,60-70%,20-28%,NY,Cash-Out Refinance,Primary,Single Family,Servicer_C,Current,0,0,0,0,,2021-10-01,CoreLogic,Complete,Current,0,0,0,0,0,
LN0001989,17,2021-11,2020-06,17,163,85377.0,79528.05,4.465,780+,60-70%,20-28%,NY,Cash-Out Refinance,Primary,Single Family,Servicer_C,Current,0,0,0,0,,2021-11-01,CoreLogic,Complete,Current,0,0,0,0,0,
LN0001989,18,2021-12,2020-06,18,162,85377.0,79172.36,4.465,780+,60-70%,20-28%,NY,Cash-Out Refinance,Primary,Single Family,Servicer_C,Current,0,0,0,0,,2021-12-01,CoreLogic,Complete,Current,0,0,0,0,0,
LN0001989,19,2022-01,2020-06,19,161,85377.0,78815.34,4.465,780+,60-70%,20-28%,NY,Cash-Out Refinance,Primary,Single Family,Servicer_C,Current,0,0,0,0,,2022-01-01,CoreLogic,Complete,Current,0,0,0,0,0,
LN0001989,20,2022-02,2020-06,20,160,85377.0,78457.0,4.465,780+,60-70%,20-28%,NY,Cash-Out Refinance,Primary,Single Family,Servicer_C,Current,0,0,0,0,,2022-02-01,CoreLogic,Complete,Current,0,0,0,0,0,
LN0001989,21,2022-03,2020-06,21,159,85377.0,78097.32,4.465,780+,60-70%,20-28%,NY,Cash-Out Refinance,Primary,Single Family,Servicer_C,Current,0,0,0,0,,2022-03-01,CoreLogic,Complete,Current,0,0,0,0,0,
LN0001989,22,2022-04,2020-06,22,158,85377.0,77736.31,4.465,780+,60-70%,20-28%,NY,Cash-Out Refinance,Primary,Single Family,Servicer_C,Current,0,0,0,0,,2022-04-01,CoreLogic,Complete,Current,0,0,0,0,0,
LN0001989,23,2022-05,2020-06,23,157,85377.0,77373.95,4.465,780+,60-70%,20-28%,NY,Cash-Out Refinance,Primary,Single Family,Servicer_C,Current,0,0,0,0,,2022-05-01,CoreLogic,Complete,Current,0,0,0,0,0,
LN0001989,24,2022-06,2020-06,24,156,85377.0,77010.24,4.465,780+,60-70%,20-28%,NY,Cash-Out Refinance,Primary,Single Family,Servicer_C,Current,0,0,0,0,,2022-06-01,CoreLogic,Complete,Current,0,0,0,0,0,
LN0001989,25,2022-07,2020-06,25,155,85377.0,76645.18,4.465,780+,60-70%,20-28%,NY,Cash-Out Refinance,Primary,Single Family,Servicer_C,Current,0,0,0,0,,2022-07-01,CoreLogic,Complete,Current,0,0,0,0,0,
LN0001989,26,2022-08,2020-06,26,154,85377.0,76278.77,4.465,780+,60-70%,20-28%,NY,Cash-Out Refinance,Primary,Single Family,Servicer_C,Current,0,0,0,0,,2022-08-01,CoreLogic,Complete,Current,0,0,0,0,0,
LN0001989,27,2022-09,2020-06,27,153,85377.0,75910.98,4.465,780+,60-70%,20-28%,NY,Cash-Out Refinance,Primary,Single Family,Servicer_C,Current,0,0,0,0,,2022-09-01,CoreLogic,Complete,Current,0,0,0,0,0,
LN0001989,28,2022-10,2020-06,28,152,85377.0,75541.83,4.465,780+,60-70%,20-28%,NY,Cash-Out Refinance,Primary,Single Family,Servicer_C,Current,0,0,0,0,,2022-10-01,CoreLogic,Complete,Current,0,0,0,0,0,
LN0001989,29,2022-11,2020-06,29,151,85377.0,75171.31,4.465,780+,60-70%,20-28%,NY,Cash-Out Refinance,Primary,Single Family,Servicer_C,Current,0,0,0,0,,2022-11-01,CoreLogic,Complete,Current,0,0,0,0,0,
LN0001989,30,2022-12,2020-06,30,150,85377.0,74799.41,4.465,780+,60-70%,20-28%,NY,Cash-Out Refinance,Primary,Single Family,Servicer_C,Current,0,0,0,0,,2022-12-01,CoreLogic,Complete,Current,0,0,0,0,0,
LN0001992,1,2022-10,2022-09,1,359,117967.0,117852.14,6.116,700-739,80-90%,20-28%,MA,Cash-Out Refinance,Primary,Townhouse,Servicer_C,Current,0,0,0,0,,2022-10-01,Encompass,Under Exception,Current,0,0,0,0,0,
LN0001992,2,2022-11,2022-09,2,358,117967.0,117736.7,6.116,700-739,80-90%,20-28%,MA,Cash-Out Refinance,Primary,Townhouse,Servicer_C,Current,0,0,0,0,,2022-11-01,Encompass,Under Exception,Current,0,0,0,0,0,
LN0001992,3,2022-12,2022-09,3,357,117967.0,117620.68,6.116,700-739,80-90%,20-28%,MA,Cash-Out Refinance,Primary,Townhouse,Servicer_C,Current,0,0,0,0,,2022-12-01,Encompass,Under Exception,Current,0,0,0,0,0,
LN0001998,1,2021-12,2021-11,1,359,157126.0,156822.99,2.309,740-779,<60%,36-43%,MA,Purchase,Primary,Townhouse,Servicer_B,Current,0,0,0,0,,2021-12-01,Black Knight,Pending Review,Current,0,0,0,0,0,
LN0001998,2,2022-01,2021-11,2,358,157126.0,156519.4,2.309,740-779,<60%,36-43%,MA,Purchase,Primary,Townhouse,Servicer_B,Current,0,0,0,0,,2022-01-01,Black Knight,Pending Review,Current,0,0,0,0,0,
LN0001998,3,2022-02,2021-11,3,357,157126.0,156215.22,2.309,740-779,<60%,36-43%,MA,Purchase,Primary,Townhouse,Servicer_B,Current,0,0,0,0,,2022-02-01,Black Knight,Pending Review,Current,0,0,0,0,0,
LN0001998,4,2022-03,2021-11,4,356,157126.0,155910.45,2.309,740-779,<60%,36-43%,MA,Purchase,Primary,Townhouse,Servicer_B,Current,0,0,0,0,,2022-03-01,Black Knight,Pending Review,Current,0,0,0,0,0,
LN0001998,5,2022-04,2021-11,5,355,157126.0,155605.11,2.309,740-779,<60%,36-43%,MA,Purchase,Primary,Townhouse,Servicer_B,Current,0,0,0,0,,2022-04-01,Black Knight,Pending Review,Current,0,0,0,0,0,
LN0001998,6,2022-05,2021-11,6,354,157126.0,155299.17,2.309,740-779,<60%,36-43%,MA,Purchase,Primary,Townhouse,Servicer_B,Current,0,0,0,0,,2022-05-01,Black Knight,Pending Review,Current,0,0,0,0,0,
LN0001998,7,2022-06,2021-11,7,353,157126.0,154992.64,2.309,740-779,<60%,36-43%,MA,Purchase,Primary,Townhouse,Servicer_B,Current,0,0,0,0,,2022-06-01,Black Knight,Pending Review,Current,0,0,0,0,0,
LN0001998,8,2022-07,2021-11,8,352,157126.0,154685.53,2.309,740-779,<60%,36-43%,MA,Purchase,Primary,Townhouse,Servicer_B,Current,0,0,0,0,,2022-07-01,Black Knight,Pending Review,Current,0,0,0,0,0,
LN0001998,9,2022-08,2021-11,9,351,157126.0,154377.82,2.309,740-779,<60%,36-43%,MA,Purchase,Primary,Townhouse,Servicer_B,Current,0,0,0,0,,2022-08-01,Black Knight,Pending Review,Current,0,0,0,0,0,
LN0001998,10,2022-09,2021-11,10,350,157126.0,154069.52,2.309,740-779,<60%,36-43%,MA,Purchase,Primary,Townhouse,Servicer_B,Current,0,0,0,0,,2022-09-01,Black Knight,Pending Review,Current,0,0,0,0,0,
LN0001998,11,2022-10,2021-11,11,349,157126.0,153760.63,2.309,740-779,<60%,36-43%,MA,Purchase,Primary,Townhouse,Servicer_B,Current,0,0,0,0,,2022-10-01,Black Knight,Pending Review,Current,0,0,0,0,0,
LN0001998,12,2022-11,2021-11,12,348,157126.0,153451.14,2.309,740-779,<60%,36-43%,MA,Purchase,Primary,Townhouse,Servicer_B,Current,0,0,0,0,,2022-11-01,Black Knight,Pending Review,Current,0,0,0,0,0,
LN0001998,13,2022-12,2021-11,13,347,157126.0,153141.06,2.309,740-779,<60%,36-43%,MA,Purchase,Primary,Townhouse,Servicer_B,Current,0,0,0,0,,2022-12-01,Black Knight,Pending Review,Current,0,0,0,0,0,
LN0001998,28,2021-09,2021-11,28,332,157126.0,148417.59,2.309,740-779,<60%,36-43%,MA,Purchase,Primary,Townhouse,Servicer_B,Current,0,0,0,0,,2024-03-01,Black Knight,Pending Review,Current,0,0,0,0,1,Date Anomaly
LN0002015,1,2021-06,2021-05,1,359,201278.0,201006.97,4.377,700-739,60-70%,<20%,AZ,Purchase,Primary,Condo,Servicer_B,Current,0,0,0,0,,2021-06-01,Ellie Mae,Missing Items,Current,0,0,0,0,0,
LN0002015,2,2021-07,2021-05,2,358,201278.0,200734.96,4.377,700-739,60-70%,<20%,AZ,Purchase,Primary,Condo,Servicer_B,Current,0,0,0,0,,2021-07-01,Ellie Mae,Missing Items,Current,0,0,0,0,0,
LN0002015,3,2021-08,2021-05,3,357,201278.0,200461.95,4.377,700-739,60-70%,<20%,AZ,Purchase,Primary,Condo,Servicer_B,Current,0,0,0,0,,2021-08-01,Ellie Mae,Missing Items,Current,0,0,0,0,0,
LN0002015,4,2021-09,2021-05,4,356,201278.0,200187.94,4.377,700-739,60-70%,<20%,AZ,Purchase,Primary,Condo,Servicer_B,Current,0,0,0,0,,2021-09-01,Ellie Mae,Missing Items,Current,0,0,0,0,0,
LN0002015,5,2021-10,2021-05,5,355,201278.0,199912.94,4.377,700-739,60-70%,<20%,AZ,Purchase,Primary,Condo,Servicer_B,Current,0,0,0,0,,2021-10-01,Ellie Mae,Missing Items,Current,0,0,0,0,0,
LN0002015,6,2021-11,2021-05,6,354,201278.0,199636.94,4.377,700-739,60-70%,<20%,AZ,Purchase,Primary,Condo,Servicer_B,Current,0,0,0,0,,2021-11-01,Ellie Mae,Missing Items,Current,0,0,0,0,0,
LN0002015,7,2021-12,2021-05,7,353,201278.0,199359.92,4.377,700-739,60-70%,<20%,AZ,Purchase,Primary,Condo,Servicer_B,Current,0,0,0,0,,2021-12-01,Ellie Mae,Missing Items,Current,0,0,0,0,0,
LN0002015,8,2022-01,2021-05,8,352,201278.0,199081.9,4.377,700-739,60-70%,<20%,AZ,Purchase,Primary,Condo,Servicer_B,Current,0,0,0,0,,2022-01-01,Ellie Mae,Missing Items,Current,0,0,0,0,0,
LN0002015,9,2022-02,2021-05,9,351,201278.0,198802.86,4.377,700-739,60-70%,<20%,AZ,Purchase,Primary,Condo,Servicer_B,Current,0,0,0,0,,2022-02-01,Ellie Mae,Missing Items,Current,0,0,0,0,0,
LN0002015,10,2022-03,2021-05,10,350,201278.0,198522.81,4.377,700-739,60-70%,<20%,AZ,Purchase,Primary,Condo,Servicer_B,Current,0,0,0,0,,2022-03-01,Ellie Mae,Missing Items,Current,0,0,0,0,0,
LN0002015,11,2022-04,2021-05,11,349,201278.0,198241.73,4.377,700-739,60-70%,<20%,AZ,Purchase,Primary,Condo,Servicer_B,Current,0,0,0,0,,2022-04-01,Ellie Mae,Missing Items,Current,0,0,0,0,0,
LN0002015,12,2022-05,2021-05,12,348,201278.0,197959.63,4.377,700-739,60-70%,<20%,AZ,Purchase,Primary,Condo,Servicer_B,Current,0,0,0,0,,2022-05-01,Ellie Mae,Missing Items,Current,0,0,0,0,0,
LN0002015,13,2022-06,2021-05,13,347,201278.0,197676.5,4.377,700-739,60-70%,<20%,AZ,Purchase,Primary,Condo,Servicer_B,Current,0,0,0,0,,2022-06-01,Ellie Mae,Missing Items,Current,0,0,0,0,0,
LN0002015,14,2022-07,2021-05,14,346,201278.0,197392.33,4.377,700-739,60-70%,<20%,AZ,Purchase,Primary,Condo,Servicer_B,Current,0,0,0,0,,2022-07-01,Ellie Mae,Missing Items,Current,0,0,0,0,0,
LN0002015,15,2022-08,2021-05,15,345,201278.0,197107.13,4.377,700-739,60-70%,<20%,AZ,Purchase,Primary,Condo,Servicer_B,Current,0,0,0,0,,2022-08-01,Ellie Mae,Missing Items,Current,0,0,0,0,0,
LN0002015,16,2022-09,2021-05,16,344,201278.0,196820.89,4.377,700-739,60-70%,<20%,AZ,Purchase,Primary,Condo,Servicer_B,Current,0,0,0,0,,2022-09-01,Ellie Mae,Missing Items,Current,0,0,0,0,0,
LN0002015,17,2022-10,2021-05,17,343,201278.0,196533.61,4.377,700-739,60-70%,<20%,AZ,Purchase,Primary,Condo,Servicer_B,Current,0,0,0,0,,2022-10-01,Ellie Mae,Missing Items,Current,0,0,0,0,0,
LN0002015,18,2022-11,2021-05,18,342,201278.0,196245.27,4.377,700-739,60-70%,<20%,AZ,Purchase,Primary,Condo,Servicer_B,Current,0,0,0,0,,2022-11-01,Ellie Mae,Missing Items,Current,0,0,0,0,0,
LN0002015,19,2022-12,2021-05,19,341,201278.0,195955.89,4.377,700-739,60-70%,<20%,AZ,Purchase,Primary,Condo,Servicer_B,Current,0,0,0,0,,2022-12-01,Ellie Mae,Missing Items,Current,0,0,0,0,0,
LN0002018,1,2022-09,2022-08,1,179,158765.0,158096.01,3.554,620-659,70-80%,28-36%,IL,Cash-Out Refinance,Primary,Single Family,Servicer_B,Current,0,0,0,0,,2022-09-01,Black Knight,Pending Review,Current,0,0,0,0,0,
LN0002018,2,2022-10,2022-08,2,178,158765.0,157425.04,3.554,620-659,70-80%,28-36%,IL,Cash-Out Refinance,Primary,Single Family,Servicer_B,Current,0,0,0,0,,2022-10-01,Black Knight,Pending Review,Current,0,0,0,0,0,
LN0002018,3,2022-11,2022-08,3,177,158765.0,156752.08,3.554,620-659,70-80%,28-36%,IL,Cash-Out Refinance,Primary,Single Family,Servicer_B,Current,0,0,0,0,,2022-11-01,Black Knight,Pending Review,Current,0,0,0,0,0,
LN0002018,4,2022-12,2022-08,4,176,158765.0,156077.13,3.554,620-659,70-80%,28-36%,IL,Cash-Out Refinance,Primary,Single Family,Servicer_B,Current,0,0,0,0,,2022-12-01,Black Knight,Pending Review,Current,0,0,0,0,0,
LN0002022,1,2022-09,2022-08,1,239,156918.0,156544.45,5.188,740-779,60-70%,<20%,MI,Home Improvement,Primary,Condo,Servicer_D,Current,0,0,0,0,,2022-09-01,Black Knight,Pending Review,Current,0,0,0,0,0,
LN0002022,2,2022-10,2022-08,2,238,156918.0,156169.29,5.188,740-779,60-70%,<20%,MI,Home Improvement,Primary,Condo,Servicer_D,Current,0,0,0,0,,2022-10-01,Black Knight,Pending Review,Current,0,0,0,0,0,
LN0002022,3,2022-11,2022-08,3,237,156918.0,155792.51,5.188,740-779,60-70%,<20%,MI,Home Improvement,Primary,Condo,Servicer_D,Current,0,0,0,0,,2022-11-01,Black Knight,Pending Review,Current,0,0,0,0,0,
LN0002022,4,2022-12,2022-08,4,236,156918.0,155414.1,5.188,740-779,60-70%,<20%,MI,Home Improvement,Primary,Condo,Servicer_D,Current,0,0,0,0,,2022-12-01,Black Knight,Pending Review,Current,0,0,0,0,0,
LN0002023,1,2022-12,2022-11,1,359,69280.0,69277.25,20.37630676603545,620-659,80-90%,28-36%,NJ,Refinance,Investment,Single Family,Servicer_C,Current,0,0,0,0,,2022-12-01,Ellie Mae,Missing Items,30-59 DPD,1,1,0,0,0,
LN0002048,1,2022-11,2022-10,1,359,150520.0,150371.21,6.037,700-739,90-95%,28-36%,IL,Refinance,Primary,Single Family,Servicer_A,Current,0,0,0,0,,2022-11-01,Encompass,Under Exception,Current,0,0,0,0,0,
LN0002048,2,2022-12,2022-10,2,358,150520.0,150221.68,6.037,700-739,90-95%,28-36%,IL,Refinance,Primary,Single Family,Servicer_A,Current,0,0,0,0,,2022-12-01,Encompass,Under Exception,Current,0,0,0,0,0,
LN0002060,1,2022-02,2022-01,1,359,152316.0,152099.96,4.088,700-739,90-95%,36-43%,NY,Purchase,Primary,Condo,Servicer_A,Current,0,0,0,0,,2022-02-01,Encompass,Under Exception,Current,0,0,0,0,0,
LN0002060,2,2022-03,2022-01,2,358,152316.0,151883.19,4.088,700-739,90-95%,36-43%,NY,Purchase,Primary,Condo,Servicer_A,Current,0,0,0,0,,2022-03-01,Encompass,Under Exception,Current,0,0,0,0,0,
LN0002060,3,2022-04,2022-01,3,357,152316.0,151665.67,4.088,700-739,90-95%,36-43%,NY,Purchase,Primary,Condo,Servicer_A,Current,0,0,0,0,,2022-04-01,Encompass,Under Exception,Current,0,0,0,0,0,
LN0002060,4,2022-05,2022-01,4,356,152316.0,151447.42,4.088,700-739,90-95%,36-43%,NY,Purchase,Primary,Condo,Servicer_A,Current,0,0,0,0,,2022-05-01,Encompass,Under Exception,Current,0,0,0,0,0,
LN0002060,5,2022-06,2022-01,5,355,152316.0,151228.42,4.088,700-739,90-95%,36-43%,NY,Purchase,Primary,Condo,Servicer_A,Current,0,0,0,0,,2022-06-01,Encompass,Under Exception,Current,0,0,0,0,0,
LN0002060,6,2022-07,2022-01,6,354,152316.0,151008.68,4.088,700-739,90-95%,36-43%,NY,Purchase,Primary,Condo,Servicer_A,Current,0,0,0,0,,2022-07-01,Encompass,Under Exception,Current,0,0,0,0,0,
LN0002060,7,2022-08,2022-01,7,353,152316.0,150788.19,4.088,700-739,90-95%,36-43%,NY,Purchase,Primary,Condo,Servicer_A,Current,0,0,0,0,,2022-08-01,Encompass,Under Exception,Current,0,0,0,0,0,
LN0002060,8,2022-09,2022-01,8,352,152316.0,150566.94,4.088,700-739,90-95%,36-43%,NY,Purchase,Primary,Condo,Servicer_A,Current,0,0,0,0,,2022-09-01,Encompass,Under Exception,Current,0,0,0,0,0,
LN0002060,9,2022-10,2022-01,9,351,152316.0,150344.95,4.088,700-739,90-95%,36-43%,NY,Purchase,Primary,Condo,Servicer_A,Current,0,0,0,0,,2022-10-01,Encompass,Under Exception,Current,0,0,0,0,0,
LN0002060,10,2022-11,2022-01,10,350,152316.0,150122.19,4.088,700-739,90-95%,36-43%,NY,Purchase,Primary,Condo,Servicer_A,Current,0,0,0,0,,2022-11-01,Encompass,Under Exception,Current,0,0,0,0,0,
LN0002060,11,2022-12,2022-01,11,349,152316.0,149898.68,4.088,700-739,90-95%,36-43%,NY,Purchase,Primary,Condo,Servicer_A,Current,0,0,0,0,,2022-12-01,Encompass,Under Exception,Current,0,0,0,0,0,
LN0002072,1,2021-11,2021-10,1,359,50000.0,49943.97,5.375,660-699,70-80%,28-36%,VA,Cash-Out Refinance,Second Home,Townhouse,Servicer_C,Current,0,0,0,0,,2021-11-01,Encompass,Under Exception,Current,0,0,0,0,0,
LN0002072,2,2021-12,2021-10,2,358,50000.0,49887.69,5.375,660-699,70-80%,28-36%,VA,Cash-Out Refinance,Second Home,Townhouse,Servicer_C,Current,0,0,0,0,,2021-12-01,Encompass,Under Exception,Current,0,0,0,0,0,
LN0002072,3,2022-01,2021-10,3,357,50000.0,49831.16,5.375,660-699,70-80%,28-36%,VA,Cash-Out Refinance,Second Home,Townhouse,Servicer_C,Current,0,0,0,0,,2022-01-01,Encompass,Under Exception,Current,0,0,0,0,0,
LN0002072,4,2022-02,2021-10,4,356,50000.0,49774.38,5.375,660-699,70-80%,28-36%,VA,Cash-Out Refinance,Second Home,Townhouse,Servicer_C,Current,0,0,0,0,,2022-02-01,Encompass,Under Exception,Current,0,0,0,0,0,
LN0002072,5,2022-03,2021-10,5,355,50000.0,49717.34,5.375,660-699,70-80%,28-36%,VA,Cash-Out Refinance,Second Home,Townhouse,Servicer_C,Current,0,0,0,0,,2022-03-01,Encompass,Under Exception,Current,0,0,0,0,0,
LN0002072,6,2022-04,2021-10,6,354,50000.0,49660.05,5.375,660-699,70-80%,28-36%,VA,Cash-Out Refinance,Second Home,Townhouse,Servicer_C,Current,0,0,0,0,,2022-04-01,Encompass,Under Exception,Current,0,0,0,0,0,
LN0002072,7,2022-05,2021-10,7,353,50000.0,49602.5,5.375,660-699,70-80%,28-36%,VA,Cash-Out Refinance,Second Home,Townhouse,Servicer_C,Current,0,0,0,0,,2022-05-01,Encompass,Under Exception,Current,0,0,0,0,0,
LN0002072,8,2022-06,2021-10,8,352,50000.0,49544.69,5.375,660-699,70-80%,28-36%,VA,Cash-Out Refinance,Second Home,Townhouse,Servicer_C,Current,0,0,0,0,,2022-06-01,Encompass,Under Exception,Current,0,0,0,0,0,
LN0002072,9,2022-07,2021-10,9,351,50000.0,49486.62,5.375,660-699,70-80%,28-36%,VA,Cash-Out Refinance,Second Home,Townhouse,Servicer_C,Current,0,0,0,0,,2022-07-01,Encompass,Under Exception,Current,0,0,0,0,0,
LN0002072,10,2022-08,2021-10,10,350,50000.0,49428.3,5.375,660-699,70-80%,28-36%,VA,Cash-Out Refinance,Second Home,Townhouse,Servicer_C,Current,0,0,0,0,,2022-08-01,Encompass,Under Exception,Current,0,0,0,0,0,
LN0002072,11,2022-09,2021-10,11,349,50000.0,49369.71,5.375,660-699,70-80%,28-36%,VA,Cash-Out Refinance,Second Home,Townhouse,Servicer_C,Current,0,0,0,0,,2022-09-01,Encompass,Under Exception,Current,0,0,0,0,0,
LN0002072,12,2022-10,2021-10,12,348,50000.0,49310.86,5.375,660-699,70-80%,28-36%,VA,Cash-Out Refinance,Second Home,Townhouse,Servicer_C,Current,0,0,0,0,,2022-10-01,Encompass,Under Exception,Current,0,0,0,0,0,
LN0002072,13,2022-11,2021-10,13,347,50000.0,49251.75,5.375,660-699,70-80%,28-36%,VA,Cash-Out Refinance,Second Home,Townhouse,Servicer_C,Current,0,0,0,0,,2022-11-01,Encompass,Under Exception,Current,0,0,0,0,0,
LN0002072,14,2022-12,2021-10,14,346,50000.0,49192.37,5.375,660-699,70-80%,28-36%,VA,Cash-Out Refinance,Second Home,Townhouse,Servicer_C,Current,0,0,0,0,,2022-12-01,Encompass,Under Exception,Current,0,0,0,0,0,
LN0002085,1,2022-10,2022-09,1,359,116578.0,116461.17,5.965,700-739,70-80%,36-43%,NJ,Refinance,Second Home,Single Family,Servicer_D,Current,0,0,0,0,,2022-10-01,CoreLogic,Complete,Current,0,0,0,0,0,
LN0002085,2,2022-11,2022-09,2,358,116578.0,116343.75,5.965,700-739,70-80%,36-43%,NJ,Refinance,Second Home,Single Family,Servicer_D,Current,0,0,0,0,,2022-11-01,CoreLogic,Complete,Current,0,0,0,0,0,
LN0002085,3,2022-12,2022-09,3,357,116578.0,116225.76,5.965,700-739,70-80%,36-43%,NJ,Refinance,Second Home,Single Family,Servicer_D,Current,0,0,0,0,,2022-12-01,CoreLogic,Complete,Current,0,0,0,0,0,
LN0002091,1,2021-03,2021-02,1,359,129216.0,129038.55,4.268,620-659,70-80%,>43%,IN,Home Improvement,Primary,Single Family,Servicer_A,Current,0,0,0,0,,2021-03-01,Ellie Mae,Missing Items,Current,0,0,0,0,0,
LN0002091,2,2021-04,2021-02,2,358,129216.0,128860.47,4.268,620-659,70-80%,>43%,IN,Home Improvement,Primary,Single Family,Servicer_A,Current,0,0,0,0,,2021-04-01,Ellie Mae,Missing Items,Current,0,0,0,0,0,
LN0002091,3,2021-05,2021-02,3,357,129216.0,128681.76,4.268,620-659,70-80%,>43%,IN,Home Improvement,Primary,Single Family,Servicer_A,Current,0,0,0,0,,2021-05-01,Ellie Mae,Missing Items,Current,0,0,0,0,0,
LN0002091,4,2021-06,2021-02,4,356,129216.0,128502.41,4.268,620-659,70-80%,>43%,IN,Home Improvement,Primary,Single Family,Servicer_A,Current,0,0,0,0,,2021-06-01,Ellie Mae,Missing Items,Current,0,0,0,0,0,
LN0002091,5,2021-07,2021-02,5,355,129216.0,128322.42,4.268,620-659,70-80%,>43%,IN,Home Improvement,Primary,Single Family,Servicer_A,Current,0,0,0,0,,2021-07-01,Ellie Mae,Missing Items,Current,0,0,0,0,0,
LN0002091,6,2021-08,2021-02,6,354,129216.0,128141.79,4.268,620-659,70-80%,>43%,IN,Home Improvement,Primary,Single Family,Servicer_A,Current,0,0,0,0,,2021-08-01,Ellie Mae,Missing Items,Current,0,0,0,0,0,
LN0002091,7,2021-09,2021-02,7,353,129216.0,127960.52,4.268,620-659,70-80%,>43%,IN,Home Improvement,Primary,Single Family,Servicer_A,Current,0,0,0,0,,2021-09-01,Ellie Mae,Missing Items,Current,0,0,0,0,0,
LN0002091,8,2021-10,2021-02,8,352,129216.0,127778.61,4.268,620-659,70-80%,>43%,IN,Home Improvement,Primary,Single Family,Servicer_A,Current,0,0,0,0,,2021-10-01,Ellie Mae,Missing Items,Current,0,0,0,0,0,
LN0002091,9,2021-11,2021-02,9,351,129216.0,127596.05,4.268,620-659,70-80%,>43%,IN,Home Improvement,Primary,Single Family,Servicer_A,Current,0,0,0,0,,2021-11-01,Ellie Mae,Missing Items,Current,0,0,0,0,0,
LN0002091,10,2021-12,2021-02,10,350,129216.0,127412.84,4.268,620-659,70-80%,>43%,IN,Home Improvement,Primary,Single Family,Servicer_A,Current,0,0,0,0,,2021-12-01,Ellie Mae,Missing Items,Current,0,0,0,0,0,
LN0002091,11,2022-01,2021-02,11,349,129216.0,127228.97,4.268,620-659,70-80%,>43%,IN,Home Improvement,Primary,Single Family,Servicer_A,Current,0,0,0,0,,2022-01-01,Ellie Mae,Missing Items,Current,0,0,0,0,0,
LN0002091,12,2022-02,2021-02,12,348,129216.0,127044.46,4.268,620-659,70-80%,>43%,IN,Home Improvement,Primary,Single Family,Servicer_A,Current,0,0,0,0,,2022-02-01,Ellie Mae,Missing Items,Current,0,0,0,0,0,
LN0002091,13,2022-03,2021-02,13,347,129216.0,126859.28,4.268,620-659,70-80%,>43%,IN,Home Improvement,Primary,Single Family,Servicer_A,Current,0,0,0,0,,2022-03-01,Ellie Mae,Missing Items,Current,0,0,0,0,0,
LN0002091,14,2022-04,2021-02,14,346,129216.0,126673.45,4.268,620-659,70-80%,>43%,IN,Home Improvement,Primary,Single Family,Servicer_A,Current,0,0,0,0,,2022-04-01,Ellie Mae,Missing Items,Current,0,0,0,0,0,
LN0002091,15,2022-05,2021-02,15,345,129216.0,126486.96,4.268,620-659,70-80%,>43%,IN,Home Improvement,Primary,Single Family,Servicer_A,Current,0,0,0,0,,2022-05-01,Ellie Mae,Missing Items,Current,0,0,0,0,0,
LN0002091,16,2022-06,2021-02,16,344,129216.0,126299.81,4.268,620-659,70-80%,>43%,IN,Home Improvement,Primary,Single Family,Servicer_A,Current,0,0,0,0,,2022-06-01,Ellie Mae,Missing Items,Current,0,0,0,0,0,
LN0002091,17,2022-07,2021-02,17,343,129216.0,126111.98,4.268,620-659,70-80%,>43%,IN,Home Improvement,Primary,Single Family,Servicer_A,Current,0,0,0,0,,2022-07-01,Ellie Mae,Missing Items,Current,0,0,0,0,0,
LN0002091,18,2022-08,2021-02,18,342,129216.0,125923.5,4.268,620-659,70-80%,>43%,IN,Home Improvement,Primary,Single Family,Servicer_A,Current,0,0,0,0,,2022-08-01,Ellie Mae,Missing Items,Current,0,0,0,0,0,
LN0002091,19,2022-09,2021-02,19,341,129216.0,125734.34,4.268,620-659,70-80%,>43%,IN,Home Improvement,Primary,Single Family,Servicer_A,Current,0,0,0,0,,2022-09-01,Ellie Mae,Missing Items,Current,0,0,0,0,0,
LN0002091,20,2022-10,2021-02,20,340,129216.0,125544.5,4.268,620-659,70-80%,>43%,IN,Home Improvement,Primary,Single Family,Servicer_A,Current,0,0,0,0,,2022-10-01,Ellie Mae,Missing Items,Current,0,0,0,0,0,
LN0002091,21,2022-11,2021-02,21,339,129216.0,125354.0,4.268,620-659,70-80%,>43%,IN,Home Improvement,Primary,Single Family,Servicer_A,Current,0,0,0,0,,2022-11-01,Ellie Mae,Missing Items,Current,0,0,0,0,0,
LN0002091,22,2022-12,2021-02,22,338,129216.0,125162.81,4.268,620-659,70-80%,>43%,IN,Home Improvement,Primary,Single Family,Servicer_A,Current,0,0,0,0,,2022-12-01,Ellie Mae,Missing Items,Current,0,0,0,0,0,
LN0002110,1,2022-07,2022-06,1,359,118252.0,118079.94,3.945,660-699,>95%,20-28%,NC,Refinance,Primary,Single Family,Servicer_D,Current,0,0,0,0,,2022-07-01,Black Knight,Pending Review,Current,0,0,0,0,0,
LN0002110,2,2022-08,2022-06,2,358,118252.0,117907.32,3.945,660-699,>95%,20-28%,NC,Refinance,Primary,Single Family,Servicer_D,Current,0,0,0,0,,2022-08-01,Black Knight,Pending Review,Current,0,0,0,0,0,
LN0002110,3,2022-09,2022-06,3,357,118252.0,117734.13,3.945,660-699,>95%,20-28%,NC,Refinance,Primary,Single Family,Servicer_D,Current,0,0,0,0,,2022-09-01,Black Knight,Pending Review,Current,0,0,0,0,0,
LN0002110,4,2022-10,2022-06,4,356,118252.0,117560.37,3.945,660-699,>95%,20-28%,NC,Refinance,Primary,Single Family,Servicer_D,Current,0,0,0,0,,2022-10-01,Black Knight,Pending Review,Current,0,1,0,0,0,
LN0002110,5,2022-11,2022-06,5,355,118252.0,117386.04,3.945,660-699,>95%,20-28%,NC,Refinance,Primary,Single Family,Servicer_D,Current,0,0,0,0,,2022-11-01,Black Knight,Pending Review,Current,0,1,0,0,0,
LN0002110,6,2022-12,2022-06,6,354,118252.0,117211.14,3.945,660-699,>95%,20-28%,NC,Refinance,Primary,Single Family,Servicer_D,Current,0,0,0,0,,2022-12-01,Black Knight,Pending Review,Current,0,1,0,0,0,
LN0002119,1,2021-12,2021-11,1,359,105027.0,104914.76,5.627,700-739,70-80%,36-43%,AZ,Purchase,Primary,Single Family,Servicer_A,Current,0,0,0,0,,2021-12-01,Ellie Mae,Missing Items,Current,0,0,0,0,0,
LN0002119,2,2022-01,2021-11,2,358,105027.0,104802.0,5.627,700-739,70-80%,36-43%,AZ,Purchase,Primary,Single Family,Servicer_A,Current,0,0,0,0,,2022-01-01,Ellie Mae,Missing Items,Current,0,0,0,0,0,
LN0002119,3,2022-02,2021-11,3,357,105027.0,104688.7,5.627,700-739,70-80%,36-43%,AZ,Purchase,Primary,Single Family,Servicer_A,Current,0,0,0,0,,2022-02-01,Ellie Mae,Missing Items,Current,0,0,0,0,0,
LN0002119,4,2022-03,2021-11,4,356,105027.0,104574.88,5.627,700-739,70-80%,36-43%,AZ,Purchase,Primary,Single Family,Servicer_A,Current,0,0,0,0,,2022-03-01,Ellie Mae,Missing Items,Current,0,0,0,0,0,
LN0002119,5,2022-04,2021-11,5,355,105027.0,104460.52,5.627,700-739,70-80%,36-43%,AZ,Purchase,Primary,Single Family,Servicer_A,Current,0,0,0,0,,2022-04-01,Ellie Mae,Missing Items,Current,0,0,0,0,0,
LN0002119,6,2022-05,2021-11,6,354,105027.0,104345.63,5.627,700-739,70-80%,36-43%,AZ,Purchase,Primary,Single Family,Servicer_A,Current,0,0,0,0,,2022-05-01,Ellie Mae,Missing Items,Current,0,0,0,0,0,
LN0002119,7,2022-06,2021-11,7,353,105027.0,104230.19,5.627,700-739,70-80%,36-43%,AZ,Purchase,Primary,Single Family,Servicer_A,Current,0,0,0,0,,2022-06-01,Ellie Mae,Missing Items,Current,0,0,0,0,0,
LN0002119,8,2022-07,2021-11,8,352,105027.0,104114.22,5.627,700-739,70-80%,36-43%,AZ,Purchase,Primary,Single Family,Servicer_A,Current,0,0,0,0,,2022-07-01,Ellie Mae,Missing Items,Current,0,0,0,0,0,
LN0002119,9,2022-08,2021-11,9,351,105027.0,103997.7,5.627,700-739,70-80%,36-43%,AZ,Purchase,Primary,Single Family,Servicer_A,Current,0,0,0,0,,2022-08-01,Ellie Mae,Missing Items,Current,0,0,0,0,0,
LN0002119,10,2022-09,2021-11,10,350,105027.0,103880.64,5.627,700-739,70-80%,36-43%,AZ,Purchase,Primary,Single Family,Servicer_A,Current,0,0,0,0,,2022-09-01,Ellie Mae,Missing Items,Current,0,0,0,0,0,
LN0002119,11,2022-10,2021-11,11,349,105027.0,103763.02,5.627,700-739,70-80%,36-43%,AZ,Purchase,Primary,Single Family,Servicer_A,Current,0,0,0,0,,2022-10-01,Ellie Mae,Missing Items,Current,0,0,0,0,0,
LN0002119,12,2022-11,2021-11,12,348,105027.0,103644.86,5.627,700-739,70-80%,36-43%,AZ,Purchase,Primary,Single Family,Servicer_A,Current,0,0,0,0,,2022-11-01,Ellie Mae,Missing Items,Current,0,0,0,0,0,
LN0002119,13,2022-12,2021-11,13,347,105027.0,103526.14,5.627,700-739,70-80%,36-43%,AZ,Purchase,Primary,Single Family,Servicer_A,Current,0,0,0,0,,2022-12-01,Ellie Mae,Missing Items,Current,0,0,0,0,0,
LN0002120,1,2022-03,2022-02,1,359,206199.0,205923.65,4.423,660-699,90-95%,28-36%,NC,Refinance,Primary,Townhouse,Servicer_E,Current,0,0,0,0,,2022-03-01,Encompass,Under Exception,Current,0,0,0,0,0,
LN0002120,2,2022-04,2022-02,2,358,206199.0,205647.28,4.423,660-699,90-95%,28-36%,NC,Refinance,Primary,Townhouse,Servicer_E,Current,0,0,0,0,,2022-04-01,Encompass,Under Exception,Current,0,0,0,0,0,
LN0002120,3,2022-05,2022-02,3,357,206199.0,205369.9,4.423,660-699,90-95%,28-36%,NC,Refinance,Primary,Townhouse,Servicer_E,Current,0,0,0,0,,2022-05-01,Encompass,Under Exception,Current,0,0,0,0,0,
LN0002120,4,2022-06,2022-02,4,356,206199.0,205091.49,4.423,660-699,90-95%,28-36%,NC,Refinance,Primary,Townhouse,Servicer_E,Current,0,0,0,0,,2022-06-01,Encompass,Under Exception,Current,0,0,0,0,0,
LN0002120,5,2022-07,2022-02,5,355,206199.0,204812.05,4.423,660-699,90-95%,28-36%,NC,Refinance,Primary,Townhouse,Servicer_E,Current,0,0,0,0,,2022-07-01,Encompass,Under Exception,Current,0,0,0,0,0,
LN0002120,6,2022-08,2022-02,6,354,206199.0,204531.59,4.423,660-699,90-95%,28-36%,NC,Refinance,Primary,Townhouse,Servicer_E,Current,0,0,0,0,,2022-08-01,Encompass,Under Exception,Current,0,0,0,0,0,
LN0002120,7,2022-09,2022-02,7,353,206199.0,204250.09,4.423,660-699,90-95%,28-36%,NC,Refinance,Primary,Townhouse,Servicer_E,Current,0,0,0,0,,2022-09-01,Encompass,Under Exception,Current,0,0,0,0,0,
LN0002120,8,2022-10,2022-02,8,352,206199.0,203967.55,4.423,660-699,90-95%,28-36%,NC,Refinance,Primary,Townhouse,Servicer_E,Current,0,0,0,0,,2022-10-01,Encompass,Under Exception,Current,0,0,0,0,0,
LN0002120,9,2022-11,2022-02,9,351,206199.0,203683.98,4.423,660-699,90-95%,28-36%,NC,Refinance,Primary,Townhouse,Servicer_E,Current,0,0,0,0,,2022-11-01,Encompass,Under Exception,Current,0,0,0,0,0,
LN0002120,10,2022-12,2022-02,10,350,206199.0,203399.36,4.423,660-699,90-95%,28-36%,NC,Refinance,Primary,Townhouse,Servicer_E,Current,0,0,0,0,,2022-12-01,Encompass,Under Exception,Current,0,0,0,0,0,
LN0002124,1,2022-12,2022-11,1,239,90076.0,89854.59,4.911,660-699,70-80%,36-43%,GA,Cash-Out Refinance,Primary,Multi-Family,Servicer_E,Current,0,0,0,0,,2022-12-01,Encompass,Under Exception,Current,0,0,0,0,0,
LN0002124,2,2022-09,2022-11,2,238,90076.0,89632.28,4.911,660-699,70-80%,36-43%,GA,Cash-Out Refinance,Primary,Multi-Family,Servicer_E,Current,0,0,0,0,,2023-01-01,Encompass,Under Exception,Current,0,0,0,0,1,Date Anomaly
LN0002141,1,2021-11,2021-10,1,359,485042.0,484128.22,2.449,700-739,80-90%,20-28%,OH,Refinance,Primary,Single Family,Servicer_B,Current,0,0,0,0,,2021-11-01,CoreLogic,Complete,Current,0,0,0,0,0,
LN0002141,2,2021-12,2021-10,2,358,485042.0,483212.58,2.449,700-739,80-90%,20-28%,OH,Refinance,Primary,Single Family,Servicer_B,Current,0,0,0,0,,2021-12-01,CoreLogic,Complete,Current,0,0,0,0,0,
LN0002141,3,2022-01,2021-10,3,357,485042.0,482295.07,2.449,700-739,80-90%,20-28%,OH,Refinance,Primary,Single Family,Servicer_B,Current,0,0,0,0,,2022-01-01,CoreLogic,Complete,Current,0,0,0,0,0,
LN0002141,4,2022-02,2021-10,4,356,485042.0,481375.69,2.449,700-739,80-90%,20-28%,OH,Refinance,Primary,Single Family,Servicer_B,Current,0,0,0,0,,2022-02-01,CoreLogic,Complete,Current,0,0,0,0,0,
LN0002141,5,2022-03,2021-10,5,355,485042.0,480454.43,2.449,700-739,80-90%,20-28%,OH,Refinance,Primary,Single Family,Servicer_B,Current,0,0,0,0,,2022-03-01,CoreLogic,Complete,Current,0,0,0,0,0,
LN0002141,6,2022-04,2021-10,6,354,485042.0,479531.3,2.449,700-739,80-90%,20-28%,OH,Refinance,Primary,Single Family,Servicer_B,Current,0,0,0,0,,2022-04-01,CoreLogic,Complete,Current,0,0,0,0,0,
LN0002141,7,2022-05,2021-10,7,353,485042.0,478606.27,2.449,700-739,80-90%,20-28%,OH,Refinance,Primary,Single Family,Servicer_B,Current,0,0,0,0,,2022-05-01,CoreLogic,Complete,Current,0,0,0,0,0,
LN0002141,8,2022-06,2021-10,8,352,485042.0,477679.36,2.449,700-739,80-90%,20-28%,OH,Refinance,Primary,Single Family,Servicer_B,Current,0,0,0,0,,2022-06-01,CoreLogic,Complete,Current,0,0,0,0,0,
LN0002141,9,2022-07,2021-10,9,351,485042.0,476750.56,2.449,700-739,80-90%,20-28%,OH,Refinance,Primary,Single Family,Servicer_B,Current,0,0,0,0,,2022-07-01,CoreLogic,Complete,Current,0,0,0,0,0,
LN0002141,10,2022-08,2021-10,10,350,485042.0,475819.86,2.449,700-739,80-90%,20-28%,OH,Refinance,Primary,Single Family,Servicer_B,Current,0,0,0,0,,2022-08-01,CoreLogic,Complete,Current,0,0,0,0,0,
LN0002141,11,2022-09,2021-10,11,349,485042.0,474887.27,2.449,700-739,80-90%,20-28%,OH,Refinance,Primary,Single Family,Servicer_B,Current,0,0,0,0,,2022-09-01,CoreLogic,Complete,Current,0,0,0,0,0,
LN0002141,12,2022-10,2021-10,12,348,485042.0,473952.77,2.449,700-739,80-90%,20-28%,OH,Refinance,Primary,Single Family,Servicer_B,Current,0,0,0,0,,2022-10-01,CoreLogic,Complete,Current,0,0,0,0,0,
LN0002141,13,2022-11,2021-10,13,347,485042.0,473016.36,2.449,700-739,80-90%,20-28%,OH,Refinance,Primary,Single Family,Servicer_B,Current,0,0,0,0,,2022-11-01,CoreLogic,Complete,Current,0,0,0,0,0,
LN0002141,14,2022-12,2021-10,14,346,485042.0,472078.04,2.449,700-739,80-90%,20-28%,OH,Refinance,Primary,Single Family,Servicer_B,Current,0,0,0,0,,2022-12-01,CoreLogic,Complete,Current,0,0,0,0,0,
LN0002151,1,2021-11,2021-10,1,359,243656.0,243429.01,6.345,<620,80-90%,>43%,VA,Purchase,Primary,Townhouse,Servicer_C,Current,0,0,0,0,,2021-11-01,Ellie Mae,Missing Items,Current,0,0,0,0,0,
LN0002151,2,2021-12,2021-10,2,358,243656.0,243200.82,6.345,<620,80-90%,>43%,VA,Purchase,Primary,Townhouse,Servicer_C,Current,0,0,0,0,,2021-12-01,Ellie Mae,Missing Items,Current,0,0,0,0,0,
LN0002151,3,2022-01,2021-10,3,357,243656.0,242971.43,6.345,<620,80-90%,>43%,VA,Purchase,Primary,Townhouse,Servicer_C,Current,0,0,0,0,,2022-01-01,Ellie Mae,Missing Items,Current,0,0,0,0,0,
LN0002151,4,2022-02,2021-10,4,356,243656.0,242740.82,6.345,<620,80-90%,>43%,VA,Purchase,Primary,Townhouse,Servicer_C,Current,0,0,0,0,,2022-02-01,Ellie Mae,Missing Items,Current,0,0,0,0,0,
LN0002151,5,2022-03,2021-10,5,355,243656.0,242509.0,6.345,<620,80-90%,>43%,VA,Purchase,Primary,Townhouse,Servicer_C,Current,0,0,0,0,,2022-03-01,Ellie Mae,Missing Items,Current,0,0,0,0,0,
LN0002151,6,2022-04,2021-10,6,354,243656.0,242275.94,6.345,<620,80-90%,>43%,VA,Purchase,Primary,Townhouse,Servicer_C,Current,0,0,0,0,,2022-04-01,Ellie Mae,Missing Items,Current,0,0,0,0,0,
LN0002151,7,2022-05,2021-10,7,353,243656.0,242041.66,6.345,<620,80-90%,>43%,VA,Purchase,Primary,Townhouse,Servicer_C,Current,0,0,0,0,,2022-05-01,Ellie Mae,Missing Items,Current,0,0,0,0,0,
LN0002151,8,2022-06,2021-10,8,352,243656.0,241806.14,6.345,<620,80-90%,>43%,VA,Purchase,Primary,Townhouse,Servicer_C,Current,0,0,0,0,,2022-06-01,Ellie Mae,Missing Items,Current,0,0,0,0,0,
LN0002151,9,2022-07,2021-10,9,351,243656.0,241569.37,6.345,<620,80-90%,>43%,VA,Purchase,Primary,Townhouse,Servicer_C,Current,0,0,0,0,,2022-07-01,Ellie Mae,Missing Items,Current,0,0,0,0,0,
LN0002151,10,2022-08,2021-10,10,350,243656.0,241331.35,6.345,<620,80-90%,>43%,VA,Purchase,Primary,Townhouse,Servicer_C,Current,0,0,0,0,,2022-08-01,Ellie Mae,Missing Items,Current,0,0,0,0,0,
LN0002151,11,2022-09,2021-10,11,349,243656.0,241092.07,6.345,<620,80-90%,>43%,VA,Purchase,Primary,Townhouse,Servicer_C,Current,0,0,0,0,,2022-09-01,Ellie Mae,Missing Items,Current,0,0,0,0,0,
LN0002151,12,2022-10,2021-10,12,348,243656.0,240851.52,6.345,<620,80-90%,>43%,VA,Purchase,Primary,Townhouse,Servicer_C,Current,0,0,0,0,,2022-10-01,Ellie Mae,Missing Items,Current,0,0,0,0,0,
LN0002151,13,2022-11,2021-10,13,347,243656.0,240609.71,6.345,<620,80-90%,>43%,VA,Purchase,Primary,Townhouse,Servicer_C,Current,0,0,0,0,,2022-11-01,Ellie Mae,Missing Items,Current,0,0,1,0,0,
LN0002151,14,2022-12,2021-10,14,346,243656.0,240366.61,6.345,<620,80-90%,>43%,VA,Purchase,Primary,Townhouse,Servicer_C,Current,0,0,0,0,,2022-12-01,Ellie Mae,Missing Items,Current,0,0,1,0,0,
LN0002152,1,2021-01,2020-12,1,359,56324.0,56270.01,6.197,740-779,80-90%,<20%,NY,Refinance,Primary,Townhouse,Servicer_C,Current,0,0,0,0,,2021-01-01,Encompass,Under Exception,Current,0,0,0,0,0,
LN0002152,2,2021-02,2020-12,2,358,56324.0,56215.74,6.197,740-779,80-90%,<20%,NY,Refinance,Primary,Townhouse,Servicer_C,Current,0,0,0,0,,2021-02-01,Encompass,Under Exception,Current,0,0,0,0,0,
LN0002152,3,2021-03,2020-12,3,357,56324.0,56161.19,6.197,740-779,80-90%,<20%,NY,Refinance,Primary,Townhouse,Servicer_C,Current,0,0,0,0,,2021-03-01,Encompass,Under Exception,Current,0,0,0,0,0,
LN0002152,4,2021-04,2020-12,4,356,56324.0,56106.36,6.197,740-779,80-90%,<20%,NY,Refinance,Primary,Townhouse,Servicer_C,Current,0,0,0,0,,2021-04-01,Encompass,Under Exception,Current,0,0,0,0,0,
LN0002152,5,2021-05,2020-12,5,355,56324.0,56051.24,6.197,740-779,80-90%,<20%,NY,Refinance,Primary,Townhouse,Servicer_C,Current,0,0,0,0,,2021-05-01,Encompass,Under Exception,Current,0,0,0,0,0,
LN0002152,6,2021-06,2020-12,6,354,56324.0,55995.84,6.197,740-779,80-90%,<20%,NY,Refinance,Primary,Townhouse,Servicer_C,Current,0,0,0,0,,2021-06-01,Encompass,Under Exception,Current,0,0,0,0,0,
LN0002152,7,2021-07,2020-12,7,353,56324.0,55940.16,6.197,740-779,80-90%,<20%,NY,Refinance,Primary,Townhouse,Servicer_C,Current,0,0,0,0,,2021-07-01,Encompass,Under Exception,Current,0,0,0,0,0,
LN0002152,8,2021-08,2020-12,8,352,56324.0,55884.19,6.197,740-779,80-90%,<20%,NY,Refinance,Primary,Townhouse,Servicer_C,Current,0,0,0,0,,2021-08-01,Encompass,Under Exception,Current,0,0,0,0,0,
LN0002152,9,2021-09,2020-12,9,351,56324.0,55827.92,6.197,740-779,80-90%,<20%,NY,Refinance,Primary,Townhouse,Servicer_C,Current,0,0,0,0,,2021-09-01,Encompass,Under Exception,Current,0,0,0,0,0,
LN0002152,10,2021-10,2020-12,10,350,56324.0,55771.37,6.197,740-779,80-90%,<20%,NY,Refinance,Primary,Townhouse,Servicer_C,Current,0,0,0,0,,2021-10-01,Encompass,Under Exception,Current,0,0,0,0,0,
LN0002152,11,2021-11,2020-12,11,349,56324.0,55714.53,6.197,740-779,80-90%,<20%,NY,Refinance,Primary,Townhouse,Servicer_C,Current,0,0,0,0,,2021-11-01,Encompass,Under Exception,Current,0,0,0,0,0,
LN0002152,12,2021-12,2020-12,12,348,56324.0,55657.39,6.197,740-779,80-90%,<20%,NY,Refinance,Primary,Townhouse,Servicer_C,Current,0,0,0,0,,2021-12-01,Encompass,Under Exception,Current,0,0,0,0,0,
LN0002152,13,2022-01,2020-12,13,347,56324.0,55599.95,6.197,740-779,80-90%,<20%,NY,Refinance,Primary,Townhouse,Servicer_C,Current,0,0,0,0,,2022-01-01,Encompass,Under Exception,Current,0,0,0,0,0,
LN0002152,14,2022-02,2020-12,14,346,56324.0,55542.22,6.197,740-779,80-90%,<20%,NY,Refinance,Primary,Townhouse,Servicer_C,Current,0,0,0,0,,2022-02-01,Encompass,Under Exception,Current,0,0,0,0,0,
LN0002152,15,2022-03,2020-12,15,345,56324.0,55484.2,6.197,740-779,80-90%,<20%,NY,Refinance,Primary,Townhouse,Servicer_C,Current,0,0,0,0,,2022-03-01,Encompass,Under Exception,Current,0,0,0,0,0,
LN0002152,16,2022-04,2020-12,16,344,56324.0,55425.87,6.197,740-779,80-90%,<20%,NY,Refinance,Primary,Townhouse,Servicer_C,Current,0,0,0,0,,2022-04-01,Encompass,Under Exception,Current,0,0,0,1,0,
LN0002152,17,2022-05,2020-12,17,343,56324.0,55367.24,6.197,740-779,80-90%,<20%,NY,Refinance,Primary,Townhouse,Servicer_C,Current,0,0,0,0,,2022-05-01,Encompass,Under Exception,Current,0,0,0,1,0,
LN0002152,18,2022-06,2020-12,18,342,56324.0,55308.31,6.197,740-779,80-90%,<20%,NY,Refinance,Primary,Townhouse,Servicer_C,Current,0,0,0,0,,2022-06-01,Encompass,Under Exception,Current,0,0,0,1,0,
LN0002152,19,2022-07,2020-12,19,341,56324.0,55249.07,6.197,740-779,80-90%,<20%,NY,Refinance,Primary,Townhouse,Servicer_C,Current,0,0,0,0,,2022-07-01,Encompass,Under Exception,Current,0,0,0,1,0,
LN0002152,20,2022-08,2020-12,20,340,56324.0,55189.53,6.197,740-779,80-90%,<20%,NY,Refinance,Primary,Townhouse,Servicer_C,Current,0,0,0,0,,2022-08-01,Encompass,Under Exception,Current,0,0,0,1,0,
LN0002152,21,2022-09,2020-12,21,339,56324.0,55129.68,6.197,740-779,80-90%,<20%,NY,Refinance,Primary,Townhouse,Servicer_C,Current,0,0,0,0,,2022-09-01,Encompass,Under Exception,Current,0,0,0,1,0,
LN0002152,22,2022-10,2020-12,22,338,56324.0,55069.52,6.197,740-779,80-90%,<20%,NY,Refinance,Primary,Townhouse,Servicer_C,Current,0,0,0,0,,2022-10-01,Encompass,Under Exception,Current,0,0,0,1,0,
LN0002152,23,2022-11,2020-12,23,337,56324.0,55009.05,6.197,740-779,80-90%,<20%,NY,Refinance,Primary,Townhouse,Servicer_C,Current,0,0,0,0,,2022-11-01,Encompass,Under Exception,Current,0,0,0,1,0,
LN0002152,24,2022-12,2020-12,24,336,56324.0,54948.27,6.197,740-779,80-90%,<20%,NY,Refinance,Primary,Townhouse,Servicer_C,Current,0,0,0,0,,2022-12-01,Encompass,Under Exception,Current,0,0,0,1,0,
LN0002173,1,2021-09,2021-08,1,359,159285.0,159030.8,3.42,700-739,70-80%,20-28%,NY,Cash-Out Refinance,Primary,Multi-Family,Servicer_A,Current,0,0,0,0,,2021-09-01,CoreLogic,Complete,Current,0,0,0,0,0,
LN0002173,2,2021-10,2021-08,2,358,159285.0,158775.87,3.42,700-739,70-80%,20-28%,NY,Cash-Out Refinance,Primary,Multi-Family,Servicer_A,Current,0,0,0,0,,2021-10-01,CoreLogic,Complete,Current,0,0,0,0,0,
LN0002173,3,2021-11,2021-08,3,357,159285.0,158520.21,3.42,700-739,70-80%,20-28%,NY,Cash-Out Refinance,Primary,Multi-Family,Servicer_A,Current,0,0,0,0,,2021-11-01,CoreLogic,Complete,Current,0,0,0,0,0,
LN0002173,4,2021-12,2021-08,4,356,159285.0,158263.83,3.42,700-739,70-80%,20-28%,NY,Cash-Out Refinance,Primary,Multi-Family,Servicer_A,Current,0,0,0,0,,2021-12-01,CoreLogic,Complete,Current,0,0,0,0,0,
LN0002173,5,2022-01,2021-08,5,355,159285.0,158006.71,3.42,700-739,70-80%,20-28%,NY,Cash-Out Refinance,Primary,Multi-Family,Servicer_A,Current,0,0,0,0,,2022-01-01,CoreLogic,Complete,Current,0,0,0,0,0,
LN0002173,6,2022-02,2021-08,6,354,159285.0,157748.86,3.42,700-739,70-80%,20-28%,NY,Cash-Out Refinance,Primary,Multi-Family,Servicer_A,Current,0,0,0,0,,2022-02-01,CoreLogic,Complete,Current,0,0,0,0,0,
LN0002173,7,2022-03,2021-08,7,353,159285.0,157490.28,3.42,700-739,70-80%,20-28%,NY,Cash-Out Refinance,Primary,Multi-Family,Servicer_A,Current,0,0,0,0,,2022-03-01,CoreLogic,Complete,Current,0,0,0,0,0,
LN0002173,8,2022-04,2021-08,8,352,159285.0,157230.96,3.42,700-739,70-80%,20-28%,NY,Cash-Out Refinance,Primary,Multi-Family,Servicer_A,Current,0,0,0,0,,2022-04-01,CoreLogic,Complete,Current,0,0,0,0,0,
LN0002173,9,2022-05,2021-08,9,351,159285.0,156970.9,3.42,700-739,70-80%,20-28%,NY,Cash-Out Refinance,Primary,Multi-Family,Servicer_A,Current,0,0,0,0,,2022-05-01,CoreLogic,Complete,Current,0,0,0,0,0,
LN0002173,10,2022-06,2021-08,10,350,159285.0,156710.11,3.42,700-739,70-80%,20-28%,NY,Cash-Out Refinance,Primary,Multi-Family,Servicer_A,Current,0,0,0,0,,2022-06-01,CoreLogic,Complete,Current,0,0,0,0,0,
LN0002173,11,2022-07,2021-08,11,349,159285.0,156448.56,3.42,700-739,70-80%,20-28%,NY,Cash-Out Refinance,Primary,Multi-Family,Servicer_A,Current,0,0,0,0,,2022-07-01,CoreLogic,Complete,Current,0,0,0,0,0,
LN0002173,12,2022-08,2021-08,12,348,159285.0,156186.27,3.42,700-739,70-80%,20-28%,NY,Cash-Out Refinance,Primary,Multi-Family,Servicer_A,Current,0,0,0,0,,2022-08-01,CoreLogic,Complete,Current,0,0,0,0,0,
LN0002173,13,2022-09,2021-08,13,347,159285.0,155923.24,3.42,700-739,70-80%,20-28%,NY,Cash-Out Refinance,Primary,Multi-Family,Servicer_A,Current,0,0,0,0,,2022-09-01,CoreLogic,Complete,Current,0,0,0,0,0,
LN0002173,14,2022-10,2021-08,14,346,159285.0,155659.45,3.42,700-739,70-80%,20-28%,NY,Cash-Out Refinance,Primary,Multi-Family,Servicer_A,Current,0,0,0,0,,2022-10-01,CoreLogic,Complete,Current,0,1,0,0,0,
LN0002173,15,2022-11,2021-08,15,345,159285.0,155394.92,3.42,700-739,70-80%,20-28%,NY,Cash-Out Refinance,Primary,Multi-Family,Servicer_A,Current,0,0,0,0,,2022-11-01,CoreLogic,Complete,Current,0,1,0,0,0,
LN0002173,16,2022-12,2021-08,16,344,159285.0,155129.62,3.42,700-739,70-80%,20-28%,NY,Cash-Out Refinance,Primary,Multi-Family,Servicer_A,Current,0,0,0,0,,2022-12-01,CoreLogic,Complete,Current,0,1,0,0,0,
LN0002185,1,2022-10,2022-09,1,239,56163.0,56017.25,4.437,740-779,90-95%,36-43%,FL,Refinance,Investment,Single Family,Servicer_C,Current,0,0,0,0,,2022-10-01,CoreLogic,Complete,Current,0,0,1,0,0,
LN0002185,2,2022-11,2022-09,2,238,56163.0,55870.97,4.437,740-779,90-95%,36-43%,FL,Refinance,Investment,Single Family,Servicer_C,Current,0,0,0,0,,2022-11-01,CoreLogic,Complete,Current,0,0,1,0,0,
LN0002185,3,2022-12,2022-09,3,237,56163.0,55724.15,4.437,740-779,90-95%,36-43%,FL,Refinance,Investment,Single Family,Servicer_C,Current,0,0,0,0,,2022-12-01,CoreLogic,Complete,Current,0,0,1,0,0,
LN0002211,1,2022-08,2022-07,1,359,84133.0,84000.52,3.497,780+,70-80%,20-28%,AZ,Purchase,Primary,Townhouse,Servicer_C,Current,0,0,0,0,,2022-08-01,Ellie Mae,Missing Items,Current,0,0,0,0,0,
LN0002211,2,2022-09,2022-07,2,358,84133.0,83867.66,3.497,780+,70-80%,20-28%,AZ,Purchase,Primary,Townhouse,Servicer_C,Current,0,0,0,0,,2022-09-01,Ellie Mae,Missing Items,Current,0,0,0,0,0,
LN0002211,3,2022-10,2022-07,3,357,84133.0,83734.41,3.497,780+,70-80%,20-28%,AZ,Purchase,Primary,Townhouse,Servicer_C,Current,0,0,0,0,,2022-10-01,Ellie Mae,Missing Items,Current,0,0,0,0,0,
LN0002211,4,2022-11,2022-07,4,356,84133.0,83600.77,3.497,780+,70-80%,20-28%,AZ,Purchase,Primary,Townhouse,Servicer_C,Current,0,0,0,0,,2022-11-01,Ellie Mae,Missing Items,Current,0,0,0,0,0,
LN0002211,5,2022-12,2022-07,5,355,84133.0,83466.75,3.497,780+,70-80%,20-28%,AZ,Purchase,Primary,Townhouse,Servicer_C,Current,0,0,0,0,,2022-12-01,Ellie Mae,Missing Items,Current,0,0,0,0,0,
LN0002234,1,2021-09,2021-08,1,359,162784.0,162554.93,4.132,<620,70-80%,20-28%,MA,Cash-Out Refinance,Primary,Single Family,Servicer_E,Current,0,0,0,0,,2021-09-01,Black Knight,Pending Review,Current,0,0,0,0,0,
LN0002234,2,2021-10,2021-08,2,358,162784.0,162325.06,4.132,<620,70-80%,20-28%,MA,Cash-Out Refinance,Primary,Single Family,Servicer_E,Current,0,0,0,0,,2021-10-01,Black Knight,Pending Review,Current,0,0,0,0,0,
LN0002234,3,2021-11,2021-08,3,357,162784.0,162094.41,4.132,<620,70-80%,20-28%,MA,Cash-Out Refinance,Primary,Single Family,Servicer_E,Current,0,0,0,0,,2021-11-01,Black Knight,Pending Review,Current,0,0,0,0,0,
LN0002234,4,2021-12,2021-08,4,356,162784.0,161862.96,4.132,<620,70-80%,20-28%,MA,Cash-Out Refinance,Primary,Single Family,Servicer_E,Current,0,0,0,0,,2021-12-01,Black Knight,Pending Review,Current,0,0,0,0,0,
LN0002234,5,2022-01,2021-08,5,355,162784.0,161630.71,4.132,<620,70-80%,20-28%,MA,Cash-Out Refinance,Primary,Single Family,Servicer_E,Current,0,0,0,0,,2022-01-01,Black Knight,Pending Review,Current,0,0,0,0,0,
LN0002234,6,2022-02,2021-08,6,354,162784.0,161397.66,4.132,<620,70-80%,20-28%,MA,Cash-Out Refinance,Primary,Single Family,Servicer_E,Current,0,0,0,0,,2022-02-01,Black Knight,Pending Review,Current,0,0,0,0,0,
LN0002234,7,2022-03,2021-08,7,353,162784.0,161163.82,4.132,<620,70-80%,20-28%,MA,Cash-Out Refinance,Primary,Single Family,Servicer_E,Current,0,0,0,0,,2022-03-01,Black Knight,Pending Review,Current,0,0,0,0,0,
LN0002234,8,2022-04,2021-08,8,352,162784.0,160929.16,4.132,<620,70-80%,20-28%,MA,Cash-Out Refinance,Primary,Single Family,Servicer_E,Current,0,0,0,0,,2022-04-01,Black Knight,Pending Review,Current,0,0,0,0,0,
LN0002234,9,2022-05,2021-08,9,351,162784.0,160693.7,4.132,<620,70-80%,20-28%,MA,Cash-Out Refinance,Primary,Single Family,Servicer_E,Current,0,0,0,0,,2022-05-01,Black Knight,Pending Review,Current,0,0,0,0,0,
LN0002234,10,2022-06,2021-08,10,350,162784.0,160457.43,4.132,<620,70-80%,20-28%,MA,Cash-Out Refinance,Primary,Single Family,Servicer_E,Current,0,0,0,0,,2022-06-01,Black Knight,Pending Review,Current,0,0,0,0,0,
LN0002234,11,2022-07,2021-08,11,349,162784.0,160220.34,4.132,<620,70-80%,20-28%,MA,Cash-Out Refinance,Primary,Single Family,Servicer_E,Current,0,0,0,0,,2022-07-01,Black Knight,Pending Review,Current,0,0,0,0,0,
LN0002234,12,2022-08,2021-08,12,348,162784.0,159982.44,4.132,<620,70-80%,20-28%,MA,Cash-Out Refinance,Primary,Single Family,Servicer_E,Current,0,0,0,0,,2022-08-01,Black Knight,Pending Review,Current,0,0,0,0,0,
LN0002234,13,2022-09,2021-08,13,347,162784.0,159743.72,4.132,<620,70-80%,20-28%,MA,Cash-Out Refinance,Primary,Single Family,Servicer_E,Current,0,0,0,0,,2022-09-01,Black Knight,Pending Review,Current,0,0,0,0,0,
LN0002234,14,2022-10,2021-08,14,346,162784.0,159504.18,4.132,<620,70-80%,20-28%,MA,Cash-Out Refinance,Primary,Single Family,Servicer_E,Current,0,0,0,0,,2022-10-01,Black Knight,Pending Review,Current,0,0,0,0,0,
LN0002234,15,2022-11,2021-08,15,345,162784.0,159263.81,4.132,<620,70-80%,20-28%,MA,Cash-Out Refinance,Primary,Single Family,Servicer_E,Current,0,0,0,0,,2022-11-01,Black Knight,Pending Review,Current,0,0,1,0,0,
LN0002234,16,2022-12,2021-08,16,344,162784.0,159022.61,4.132,<620,70-80%,20-28%,MA,Cash-Out Refinance,Primary,Single Family,Servicer_E,Current,0,0,0,0,,2022-12-01,Black Knight,Pending Review,Current,0,0,1,0,0,
LN0002239,1,2022-06,2022-05,1,359,86811.0,86701.52,4.737,780+,<60%,36-43%,MO,Refinance,Primary,Single Family,Servicer_E,Current,0,0,0,0,,2022-06-01,Ellie Mae,Missing Items,Current,0,0,0,0,0,
LN0002239,2,2022-07,2022-05,2,358,86811.0,86591.61,4.737,780+,<60%,36-43%,MO,Refinance,Primary,Single Family,Servicer_E,Current,0,0,0,0,,2022-07-01,Ellie Mae,Missing Items,Current,0,0,0,0,0,
LN0002239,3,2022-08,2022-05,3,357,86811.0,86481.26,4.737,780+,<60%,36-43%,MO,Refinance,Primary,Single Family,Servicer_E,Current,0,0,0,0,,2022-08-01,Ellie Mae,Missing Items,Current,0,0,0,0,0,
LN0002239,4,2022-09,2022-05,4,356,86811.0,86370.48,4.737,780+,<60%,36-43%,MO,Refinance,Primary,Single Family,Servicer_E,Current,0,0,0,0,,2022-09-01,Ellie Mae,Missing Items,Current,0,0,0,0,0,
LN0002239,5,2022-10,2022-05,5,355,86811.0,86259.26,4.737,780+,<60%,36-43%,MO,Refinance,Primary,Single Family,Servicer_E,Current,0,0,0,0,,2022-10-01,Ellie Mae,Missing Items,Current,0,0,0,0,0,
LN0002239,6,2022-11,2022-05,6,354,86811.0,86147.6,4.737,780+,<60%,36-43%,MO,Refinance,Primary,Single Family,Servicer_E,Current,0,0,0,0,,2022-11-01,Ellie Mae,Missing Items,Current,0,0,0,0,0,
LN0002239,7,2022-12,2022-05,7,353,86811.0,86035.5,4.737,780+,<60%,36-43%,MO,Refinance,Primary,Single Family,Servicer_E,Current,0,0,0,0,,2022-12-01,Ellie Mae,Missing Items,Current,0,0,0,0,0,
LN0002242,1,2021-08,2021-07,1,359,147580.0,147401.69,4.97,660-699,80-90%,<20%,FL,Refinance,Primary,Manufactured,Servicer_A,Current,0,0,0,0,,2021-08-01,Black Knight,Pending Review,Current,0,0,0,0,0,
LN0002242,2,2021-09,2021-07,2,358,147580.0,147222.64,4.97,660-699,80-90%,<20%,FL,Refinance,Primary,Manufactured,Servicer_A,Current,0,0,0,0,,2021-09-01,Black Knight,Pending Review,Current,0,0,0,0,0,
LN0002242,3,2021-10,2021-07,3,357,147580.0,147042.85,4.97,660-699,80-90%,<20%,FL,Refinance,Primary,Manufactured,Servicer_A,Current,0,0,0,0,,2021-10-01,Black Knight,Pending Review,Current,0,0,0,0,0,
LN0002242,4,2021-11,2021-07,4,356,147580.0,146862.31,4.97,660-699,80-90%,<20%,FL,Refinance,Primary,Manufactured,Servicer_A,Current,0,0,0,0,,2021-11-01,Black Knight,Pending Review,Current,0,0,0,0,0,
LN0002242,5,2021-12,2021-07,5,355,147580.0,146681.03,4.97,660-699,80-90%,<20%,FL,Refinance,Primary,Manufactured,Servicer_A,Current,0,0,0,0,,2021-12-01,Black Knight,Pending Review,Current,0,0,0,0,0,
LN0002242,6,2022-01,2021-07,6,354,147580.0,146499.0,4.97,660-699,80-90%,<20%,FL,Refinance,Primary,Manufactured,Servicer_A,Current,0,0,0,0,,2022-01-01,Black Knight,Pending Review,Current,0,0,0,0,0,
LN0002242,7,2022-02,2021-07,7,353,147580.0,146316.21,4.97,660-699,80-90%,<20%,FL,Refinance,Primary,Manufactured,Servicer_A,Current,0,0,0,0,,2022-02-01,Black Knight,Pending Review,Current,0,0,0,0,0,
LN0002242,8,2022-03,2021-07,8,352,147580.0,146132.67,4.97,660-699,80-90%,<20%,FL,Refinance,Primary,Manufactured,Servicer_A,Current,0,0,0,0,,2022-03-01,Black Knight,Pending Review,Current,0,0,0,0,0,
LN0002242,9,2022-04,2021-07,9,351,147580.0,145948.36,4.97,660-699,80-90%,<20%,FL,Refinance,Primary,Manufactured,Servicer_A,Current,0,0,0,0,,2022-04-01,Black Knight,Pending Review,Current,0,0,0,0,0,
LN0002242,10,2022-05,2021-07,10,350,147580.0,145763.29,4.97,660-699,80-90%,<20%,FL,Refinance,Primary,Manufactured,Servicer_A,Current,0,0,0,0,,2022-05-01,Black Knight,Pending Review,Current,0,0,0,0,0,
LN0002242,11,2022-06,2021-07,11,349,147580.0,145577.46,4.97,660-699,80-90%,<20%,FL,Refinance,Primary,Manufactured,Servicer_A,Current,0,0,0,0,,2022-06-01,Black Knight,Pending Review,Current,0,0,0,0,0,
LN0002242,12,2022-07,2021-07,12,348,147580.0,145390.85,4.97,660-699,80-90%,<20%,FL,Refinance,Primary,Manufactured,Servicer_A,Current,0,0,0,0,,2022-07-01,Black Knight,Pending Review,Current,0,0,0,0,0,
LN0002242,13,2022-08,2021-07,13,347,147580.0,145203.48,4.97,660-699,80-90%,<20%,FL,Refinance,Primary,Manufactured,Servicer_A,Current,0,0,0,0,,2022-08-01,Black Knight,Pending Review,Current,0,0,0,0,0,
LN0002242,14,2022-09,2021-07,14,346,147580.0,145015.32,4.97,660-699,80-90%,<20%,FL,Refinance,Primary,Manufactured,Servicer_A,Current,0,0,0,0,,2022-09-01,Black Knight,Pending Review,Current,0,0,0,0,0,
LN0002242,15,2022-10,2021-07,15,345,147580.0,144826.39,4.97,660-699,80-90%,<20%,FL,Refinance,Primary,Manufactured,Servicer_A,Current,0,0,0,0,,2022-10-01,Black Knight,Pending Review,Current,0,0,0,0,0,
LN0002242,16,2022-11,2021-07,16,344,147580.0,144636.67,4.97,660-699,80-90%,<20%,FL,Refinance,Primary,Manufactured,Servicer_A,Current,0,0,0,0,,2022-11-01,Black Knight,Pending Review,Current,0,0,0,0,0,
LN0002242,17,2022-12,2021-07,17,343,147580.0,144446.17,4.97,660-699,80-90%,<20%,FL,Refinance,Primary,Manufactured,Servicer_A,Current,0,0,0,0,,2022-12-01,Black Knight,Pending Review,Current,0,0,0,0,0,
LN0002255,1,2022-06,2022-05,1,359,105558.0,105431.28,5.005,700-739,80-90%,>43%,OH,Refinance,Investment,Condo,Servicer_E,Current,0,0,0,0,,2022-06-01,Ellie Mae,Missing Items,Current,0,0,0,0,0,
LN0002255,2,2022-07,2022-05,2,358,105558.0,105304.04,5.005,700-739,80-90%,>43%,OH,Refinance,Investment,Condo,Servicer_E,Current,0,0,0,0,,2022-07-01,Ellie Mae,Missing Items,Current,0,0,0,0,0,
LN0002255,3,2022-08,2022-05,3,357,105558.0,105176.26,5.005,700-739,80-90%,>43%,OH,Refinance,Investment,Condo,Servicer_E,Current,0,0,0,0,,2022-08-01,Ellie Mae,Missing Items,Current,0,0,0,0,0,
LN0002255,4,2022-09,2022-05,4,356,105558.0,105047.96,5.005,700-739,80-90%,>43%,OH,Refinance,Investment,Condo,Servicer_E,Current,0,0,0,0,,2022-09-01,Ellie Mae,Missing Items,Current,0,0,0,0,0,
LN0002255,5,2022-10,2022-05,5,355,105558.0,104919.11,5.005,700-739,80-90%,>43%,OH,Refinance,Investment,Condo,Servicer_E,Current,0,0,0,0,,2022-10-01,Ellie Mae,Missing Items,Current,0,0,0,0,0,
LN0002255,6,2022-11,2022-05,6,354,105558.0,104789.73,5.005,700-739,80-90%,>43%,OH,Refinance,Investment,Condo,Servicer_E,Current,0,0,0,0,,2022-11-01,Ellie Mae,Missing Items,Current,0,0,0,0,0,
LN0002255,7,2022-12,2022-05,7,353,105558.0,104659.81,5.005,700-739,80-90%,>43%,OH,Refinance,Investment,Condo,Servicer_E,Current,0,0,0,0,,2022-12-01,Ellie Mae,Missing Items,Current,0,0,0,0,0,
LN0002256,1,2021-09,2021-08,1,359,62875.0,62806.39,5.516,660-699,90-95%,>43%,NY,Purchase,Primary,Condo,Servicer_C,Current,0,0,0,0,,2021-09-01,Encompass,Under Exception,Current,0,0,0,0,0,
LN0002256,2,2021-10,2021-08,2,358,62875.0,62737.46,5.516,660-699,90-95%,>43%,NY,Purchase,Primary,Condo,Servicer_C,Current,0,0,0,0,,2021-10-01,Encompass,Under Exception,Current,0,0,0,0,0,
LN0002256,3,2021-11,2021-08,3,357,62875.0,62668.21,5.516,660-699,90-95%,>43%,NY,Purchase,Primary,Condo,Servicer_C,Current,0,0,0,0,,2021-11-01,Encompass,Under Exception,Current,0,0,0,0,0,
LN0002256,4,2021-12,2021-08,4,356,62875.0,62598.65,5.516,660-699,90-95%,>43%,NY,Purchase,Primary,Condo,Servicer_C,Current,0,0,0,0,,2021-12-01,Encompass,Under Exception,Current,0,0,0,0,0,
LN0002256,5,2022-01,2021-08,5,355,62875.0,62528.76,5.516,660-699,90-95%,>43%,NY,Purchase,Primary,Condo,Servicer_C,Current,0,0,0,0,,2022-01-01,Encompass,Under Exception,Current,0,0,0,0,0,
LN0002256,6,2022-02,2021-08,6,354,62875.0,62458.56,5.516,660-699,90-95%,>43%,NY,Purchase,Primary,Condo,Servicer_C,Current,0,0,0,0,,2022-02-01,Encompass,Under Exception,Current,0,0,0,0,0,
LN0002256,7,2022-03,2021-08,7,353,62875.0,62388.03,5.516,660-699,90-95%,>43%,NY,Purchase,Primary,Condo,Servicer_C,Current,0,0,0,0,,2022-03-01,Encompass,Under Exception,Current,0,0,0,0,0,
LN0002256,8,2022-04,2021-08,8,352,62875.0,62317.18,5.516,660-699,90-95%,>43%,NY,Purchase,Primary,Condo,Servicer_C,Current,0,0,0,0,,2022-04-01,Encompass,Under Exception,Current,0,0,0,0,0,
LN0002256,9,2022-05,2021-08,9,351,62875.0,62246.0,5.516,660-699,90-95%,>43%,NY,Purchase,Primary,Condo,Servicer_C,Current,0,0,0,0,,2022-05-01,Encompass,Under Exception,Current,0,0,0,0,0,
LN0002256,10,2022-06,2021-08,10,350,62875.0,62174.5,5.516,660-699,90-95%,>43%,NY,Purchase,Primary,Condo,Servicer_C,Current,0,0,0,0,,2022-06-01,Encompass,Under Exception,Current,0,0,0,0,0,
LN0002256,11,2022-07,2021-08,11,349,62875.0,62102.67,5.516,660-699,90-95%,>43%,NY,Purchase,Primary,Condo,Servicer_C,Current,0,0,0,0,,2022-07-01,Encompass,Under Exception,Current,0,0,0,0,0,
LN0002256,12,2022-08,2021-08,12,348,62875.0,62030.5,5.516,660-699,90-95%,>43%,NY,Purchase,Primary,Condo,Servicer_C,Current,0,0,0,0,,2022-08-01,Encompass,Under Exception,Current,0,0,0,0,0,
LN0002256,13,2022-09,2021-08,13,347,62875.0,61958.01,5.516,660-699,90-95%,>43%,NY,Purchase,Primary,Condo,Servicer_C,Current,0,0,0,0,,2022-09-01,Encompass,Under Exception,Current,0,0,0,0,0,
LN0002256,14,2022-10,2021-08,14,346,62875.0,61885.18,5.516,660-699,90-95%,>43%,NY,Purchase,Primary,Condo,Servicer_C,Current,0,0,0,0,,2022-10-01,Encompass,Under Exception,Current,0,0,0,0,0,
LN0002256,15,2022-11,2021-08,15,345,62875.0,61812.01,5.516,660-699,90-95%,>43%,NY,Purchase,Primary,Condo,Servicer_C,Current,0,0,0,0,,2022-11-01,Encompass,Under Exception,Current,0,0,0,0,0,
LN0002256,16,2022-12,2021-08,16,344,62875.0,135824.73,5.516,660-699,90-95%,>43%,NY,Purchase,Primary,Condo,Servicer_C,Current,0,0,0,0,,2022-12-01,Encompass,Under Exception,Current,0,0,0,0,1,Valuation Discrepancy
LN0002257,1,2021-11,2021-10,1,359,77981.0,77889.72,5.141,780+,90-95%,<20%,VA,Home Improvement,Primary,Single Family,Servicer_B,Current,0,0,0,0,,2021-11-01,CoreLogic,Complete,Current,0,0,0,0,0,
LN0002257,2,2021-12,2021-10,2,358,77981.0,77798.05,5.141,780+,90-95%,<20%,VA,Home Improvement,Primary,Single Family,Servicer_B,Current,0,0,0,0,,2021-12-01,CoreLogic,Complete,Current,0,0,0,0,0,
LN0002257,3,2022-01,2021-10,3,357,77981.0,77705.98,5.141,780+,90-95%,<20%,VA,Home Improvement,Primary,Single Family,Servicer_B,Current,0,0,0,0,,2022-01-01,CoreLogic,Complete,Current,0,0,0,0,0,
LN0002257,4,2022-02,2021-10,4,356,77981.0,77613.52,5.141,780+,90-95%,<20%,VA,Home Improvement,Primary,Single Family,Servicer_B,Current,0,0,0,0,,2022-02-01,CoreLogic,Complete,Current,0,0,0,0,0,
LN0002257,5,2022-03,2021-10,5,355,77981.0,77520.67,5.141,780+,90-95%,<20%,VA,Home Improvement,Primary,Single Family,Servicer_B,Current,0,0,0,0,,2022-03-01,CoreLogic,Complete,Current,0,0,0,0,0,
LN0002257,6,2022-04,2021-10,6,354,77981.0,77427.42,5.141,780+,90-95%,<20%,VA,Home Improvement,Primary,Single Family,Servicer_B,Current,0,0,0,0,,2022-04-01,CoreLogic,Complete,Current,0,0,0,0,0,
LN0002257,7,2022-05,2021-10,7,353,77981.0,77333.76,5.141,780+,90-95%,<20%,VA,Home Improvement,Primary,Single Family,Servicer_B,Current,0,0,0,0,,2022-05-01,CoreLogic,Complete,Current,0,0,0,0,0,
LN0002257,8,2022-06,2021-10,8,352,77981.0,77239.71,5.141,780+,90-95%,<20%,VA,Home Improvement,Primary,Single Family,Servicer_B,Current,0,0,0,0,,2022-06-01,CoreLogic,Complete,Current,0,0,0,0,0,
LN0002257,9,2022-07,2021-10,9,351,77981.0,77145.25,5.141,780+,90-95%,<20%,VA,Home Improvement,Primary,Single Family,Servicer_B,Current,0,0,0,0,,2022-07-01,CoreLogic,Complete,Current,0,0,0,0,0,
LN0002257,10,2022-08,2021-10,10,350,77981.0,77050.39,5.141,780+,90-95%,<20%,VA,Home Improvement,Primary,Single Family,Servicer_B,Current,0,0,0,0,,2022-08-01,CoreLogic,Complete,Current,0,0,0,0,0,
LN0002257,11,2022-09,2021-10,11,349,77981.0,76955.12,5.141,780+,90-95%,<20%,VA,Home Improvement,Primary,Single Family,Servicer_B,Current,0,0,0,0,,2022-09-01,CoreLogic,Complete,Current,0,0,0,0,0,
LN0002257,12,2022-10,2021-10,12,348,77981.0,76859.45,5.141,780+,90-95%,<20%,VA,Home Improvement,Primary,Single Family,Servicer_B,Current,0,0,0,0,,2022-10-01,CoreLogic,Complete,Current,0,0,0,0,0,
LN0002257,13,2022-11,2021-10,13,347,77981.0,76763.36,5.141,780+,90-95%,<20%,VA,Home Improvement,Primary,Single Family,Servicer_B,Current,0,0,0,0,,2022-11-01,CoreLogic,Complete,Current,0,0,0,0,0,
LN0002257,14,2022-12,2021-10,14,346,77981.0,76666.86,5.141,780+,90-95%,<20%,VA,Home Improvement,Primary,Single Family,Servicer_B,Current,0,0,0,0,,2022-12-01,CoreLogic,Complete,Current,0,0,0,0,0,
LN0002262,1,2021-07,2021-06,1,359,199301.0,199059.17,4.947,700-739,80-90%,20-28%,MI,Purchase,Primary,Single Family,Servicer_C,Current,0,0,0,0,,2021-07-01,Black Knight,Pending Review,Current,0,0,0,0,0,
LN0002262,2,2021-08,2021-06,2,358,199301.0,198816.35,4.947,700-739,80-90%,20-28%,MI,Purchase,Primary,Single Family,Servicer_C,Current,0,0,0,0,,2021-08-01,Black Knight,Pending Review,Current,0,0,0,0,0,
LN0002262,3,2021-09,2021-06,3,357,199301.0,198572.53,4.947,700-739,80-90%,20-28%,MI,Purchase,Primary,Single Family,Servicer_C,Current,0,0,0,0,,2021-09-01,Black Knight,Pending Review,Current,0,0,0,0,0,
LN0002262,4,2021-10,2021-06,4,356,199301.0,198327.7,4.947,700-739,80-90%,20-28%,MI,Purchase,Primary,Single Family,Servicer_C,Current,0,0,0,0,,2021-10-01,Black Knight,Pending Review,Current,0,0,0,0,0,
LN0002262,5,2021-11,2021-06,5,355,199301.0,198081.86,4.947,700-739,80-90%,20-28%,MI,Purchase,Primary,Single Family,Servicer_C,Current,0,0,0,0,,2021-11-01,Black Knight,Pending Review,Current,0,0,0,0,0,
LN0002262,6,2021-12,2021-06,6,354,199301.0,197835.01,4.947,700-739,80-90%,20-28%,MI,Purchase,Primary,Single Family,Servicer_C,Current,0,0,0,0,,2021-12-01,Black Knight,Pending Review,Current,0,0,0,0,0,
LN0002262,7,2022-01,2021-06,7,353,199301.0,197587.14,4.947,700-739,80-90%,20-28%,MI,Purchase,Primary,Single Family,Servicer_C,Current,0,0,0,0,,2022-01-01,Black Knight,Pending Review,Current,0,0,0,0,0,
LN0002262,8,2022-02,2021-06,8,352,199301.0,197338.25,4.947,700-739,80-90%,20-28%,MI,Purchase,Primary,Single Family,Servicer_C,Current,0,0,0,0,,2022-02-01,Black Knight,Pending Review,Current,0,0,0,0,0,
LN0002262,9,2022-03,2021-06,9,351,199301.0,197088.33,4.947,700-739,80-90%,20-28%,MI,Purchase,Primary,Single Family,Servicer_C,Current,0,0,0,0,,2022-03-01,Black Knight,Pending Review,Current,0,0,0,0,0,
LN0002262,10,2022-04,2021-06,10,350,199301.0,196837.38,4.947,700-739,80-90%,20-28%,MI,Purchase,Primary,Single Family,Servicer_C,Current,0,0,0,0,,2022-04-01,Black Knight,Pending Review,Current,0,0,0,0,0,
LN0002262,11,2022-05,2021-06,11,349,199301.0,196585.4,4.947,700-739,80-90%,20-28%,MI,Purchase,Primary,Single Family,Servicer_C,Current,0,0,0,0,,2022-05-01,Black Knight,Pending Review,Current,0,0,0,0,0,
LN0002262,12,2022-06,2021-06,12,348,199301.0,196332.38,4.947,700-739,80-90%,20-28%,MI,Purchase,Primary,Single Family,Servicer_C,Current,0,0,0,0,,2022-06-01,Black Knight,Pending Review,Current,0,0,0,0,0,
LN0002262,13,2022-07,2021-06,13,347,199301.0,196078.31,4.947,700-739,80-90%,20-28%,MI,Purchase,Primary,Single Family,Servicer_C,Current,0,0,0,0,,2022-07-01,Black Knight,Pending Review,Current,0,0,0,0,0,
LN0002262,14,2022-08,2021-06,14,346,199301.0,195823.2,4.947,700-739,80-90%,20-28%,MI,Purchase,Primary,Single Family,Servicer_C,Current,0,0,0,0,,2022-08-01,Black Knight,Pending Review,Current,0,0,0,0,0,
LN0002262,15,2022-09,2021-06,15,345,199301.0,195567.04,4.947,700-739,80-90%,20-28%,MI,Purchase,Primary,Single Family,Servicer_C,Current,0,0,0,0,,2022-09-01,Black Knight,Pending Review,Current,0,0,0,0,0,
LN0002262,16,2022-10,2021-06,16,344,199301.0,195309.82,4.947,700-739,80-90%,20-28%,MI,Purchase,Primary,Single Family,Servicer_C,Current,0,0,0,0,,2022-10-01,Black Knight,Pending Review,Current,0,0,0,0,0,
LN0002262,17,2022-11,2021-06,17,343,199301.0,195051.54,4.947,700-739,80-90%,20-28%,MI,Purchase,Primary,Single Family,Servicer_C,Current,0,0,0,0,,2022-11-01,Black Knight,Pending Review,Current,0,0,0,0,0,
LN0002262,18,2022-12,2021-06,18,342,199301.0,194792.19,4.947,700-739,80-90%,20-28%,MI,Purchase,Primary,Single Family,Servicer_C,Current,0,0,0,0,,2022-12-01,Black Knight,Pending Review,Current,0,0,0,0,0,
LN0002269,1,2022-01,2021-12,1,359,106391.0,106246.88,4.344,780+,<60%,28-36%,PA,Refinance,Investment,Single Family,Servicer_A,Current,0,0,0,0,,2022-01-01,CoreLogic,Complete,Current,0,0,0,0,0,
LN0002269,2,2022-02,2021-12,2,358,106391.0,106102.25,4.344,780+,<60%,28-36%,PA,Refinance,Investment,Single Family,Servicer_A,Current,0,0,0,0,,2022-02-01,CoreLogic,Complete,Current,0,0,0,0,0,
LN0002269,3,2022-03,2021-12,3,357,106391.0,105957.09,4.344,780+,<60%,28-36%,PA,Refinance,Investment,Single Family,Servicer_A,Current,0,0,0,0,,2022-03-01,CoreLogic,Complete,Current,0,0,0,0,0,
LN0002269,4,2022-04,2021-12,4,356,106391.0,105811.4,4.344,780+,<60%,28-36%,PA,Refinance,Investment,Single Family,Servicer_A,Current,0,0,0,0,,2022-04-01,CoreLogic,Complete,Current,0,0,0,0,0,
LN0002269,5,2022-05,2021-12,5,355,106391.0,105665.19,4.344,780+,<60%,28-36%,PA,Refinance,Investment,Single Family,Servicer_A,Current,0,0,0,0,,2022-05-01,CoreLogic,Complete,Current,0,0,0,0,0,
LN0002269,6,2022-06,2021-12,6,354,106391.0,105518.44,4.344,780+,<60%,28-36%,PA,Refinance,Investment,Single Family,Servicer_A,Current,0,0,0,0,,2022-06-01,CoreLogic,Complete,Current,0,0,0,0,0,
LN0002269,7,2022-07,2021-12,7,353,106391.0,105371.17,4.344,780+,<60%,28-36%,PA,Refinance,Investment,Single Family,Servicer_A,Current,0,0,0,0,,2022-07-01,CoreLogic,Complete,Current,0,0,0,0,0,
LN0002269,8,2022-08,2021-12,8,352,106391.0,105223.36,4.344,780+,<60%,28-36%,PA,Refinance,Investment,Single Family,Servicer_A,Current,0,0,0,0,,2022-08-01,CoreLogic,Complete,Current,0,0,0,0,0,
LN0002269,9,2022-09,2021-12,9,351,106391.0,105075.02,4.344,780+,<60%,28-36%,PA,Refinance,Investment,Single Family,Servicer_A,Current,0,0,0,0,,2022-09-01,CoreLogic,Complete,Current,0,0,0,0,0,
LN0002269,10,2022-10,2021-12,10,350,106391.0,104926.14,4.344,780+,<60%,28-36%,PA,Refinance,Investment,Single Family,Servicer_A,Current,0,0,0,0,,2022-10-01,CoreLogic,Complete,Current,0,0,0,0,0,
LN0002269,11,2022-11,2021-12,11,349,106391.0,104776.72,4.344,780+,<60%,28-36%,PA,Refinance,Investment,Single Family,Servicer_A,Current,0,0,0,0,,2022-11-01,CoreLogic,Complete,Current,0,0,0,0,0,
LN0002269,12,2022-12,2021-12,12,348,106391.0,104626.76,4.344,780+,<60%,28-36%,PA,Refinance,Investment,Single Family,Servicer_A,Current,0,0,0,0,,2022-12-01,CoreLogic,Complete,Current,0,0,0,0,0,
LN0002272,1,2021-04,2021-03,1,359,247793.0,247389.42,3.303,700-739,90-95%,36-43%,PA,Refinance,Primary,Single Family,Servicer_D,Current,0,0,0,0,,2021-04-01,Encompass,Under Exception,Current,0,0,0,0,0,
LN0002272,2,2021-05,2021-03,2,358,247793.0,246984.73,3.303,700-739,90-95%,36-43%,PA,Refinance,Primary,Single Family,Servicer_D,Current,0,0,0,0,,2021-05-01,Encompass,Under Exception,Current,0,0,0,0,0,
LN0002272,3,2021-06,2021-03,3,357,247793.0,246578.92,3.303,700-739,90-95%,36-43%,PA,Refinance,Primary,Single Family,Servicer_D,Current,0,0,0,0,,2021-06-01,Encompass,Under Exception,Current,0,0,0,0,0,
LN0002272,4,2021-07,2021-03,4,356,247793.0,246172.0,3.303,700-739,90-95%,36-43%,PA,Refinance,Primary,Single Family,Servicer_D,Current,0,0,0,0,,2021-07-01,Encompass,Under Exception,Current,0,0,0,0,0,
LN0002272,5,2021-08,2021-03,5,355,247793.0,245763.95,3.303,700-739,90-95%,36-43%,PA,Refinance,Primary,Single Family,Servicer_D,Current,0,0,0,0,,2021-08-01,Encompass,Under Exception,Current,0,0,0,0,0,
LN0002272,6,2021-09,2021-03,6,354,247793.0,245354.79,3.303,700-739,90-95%,36-43%,PA,Refinance,Primary,Single Family,Servicer_D,Current,0,0,0,0,,2021-09-01,Encompass,Under Exception,Current,0,0,0,0,0,
LN0002272,7,2021-10,2021-03,7,353,247793.0,244944.49,3.303,700-739,90-95%,36-43%,PA,Refinance,Primary,Single Family,Servicer_D,Current,0,0,0,0,,2021-10-01,Encompass,Under Exception,Current,0,0,0,0,0,
LN0002272,8,2021-11,2021-03,8,352,247793.0,244533.07,3.303,700-739,90-95%,36-43%,PA,Refinance,Primary,Single Family,Servicer_D,Current,0,0,0,0,,2021-11-01,Encompass,Under Exception,Current,0,0,0,0,0,
LN0002272,9,2021-12,2021-03,9,351,247793.0,244120.52,3.303,700-739,90-95%,36-43%,PA,Refinance,Primary,Single Family,Servicer_D,Current,0,0,0,0,,2021-12-01,Encompass,Under Exception,Current,0,0,0,0,0,
LN0002272,10,2022-01,2021-03,10,350,247793.0,243706.83,3.303,700-739,90-95%,36-43%,PA,Refinance,Primary,Single Family,Servicer_D,Current,0,0,0,0,,2022-01-01,Encompass,Under Exception,Current,0,0,0,0,0,
LN0002272,11,2022-02,2021-03,11,349,247793.0,243292.0,3.303,700-739,90-95%,36-43%,PA,Refinance,Primary,Single Family,Servicer_D,Current,0,0,0,0,,2022-02-01,Encompass,Under Exception,Current,0,0,0,0,0,
LN0002272,12,2022-03,2021-03,12,348,247793.0,242876.03,3.303,700-739,90-95%,36-43%,PA,Refinance,Primary,Single Family,Servicer_D,Current,0,0,0,0,,2022-03-01,Encompass,Under Exception,Current,0,0,0,0,0,
LN0002272,13,2022-04,2021-03,13,347,247793.0,242458.91,3.303,700-739,90-95%,36-43%,PA,Refinance,Primary,Single Family,Servicer_D,Current,0,0,0,0,,2022-04-01,Encompass,Under Exception,Current,0,0,0,0,0,
LN0002272,14,2022-05,2021-03,14,346,247793.0,242040.65,3.303,700-739,90-95%,36-43%,PA,Refinance,Primary,Single Family,Servicer_D,Current,0,0,0,0,,2022-05-01,Encompass,Under Exception,Current,0,0,0,0,0,
LN0002272,15,2022-06,2021-03,15,345,247793.0,241621.23,3.303,700-739,90-95%,36-43%,PA,Refinance,Primary,Single Family,Servicer_D,Current,0,0,0,0,,2022-06-01,Encompass,Under Exception,Current,0,0,0,0,0,
LN0002272,16,2022-07,2021-03,16,344,247793.0,241200.66,3.303,700-739,90-95%,36-43%,PA,Refinance,Primary,Single Family,Servicer_D,Current,0,0,0,0,,2022-07-01,Encompass,Under Exception,Current,0,0,0,0,0,
LN0002272,17,2022-08,2021-03,17,343,247793.0,240778.94,3.303,700-739,90-95%,36-43%,PA,Refinance,Primary,Single Family,Servicer_D,Current,0,0,0,0,,2022-08-01,Encompass,Under Exception,Current,0,0,0,0,0,
LN0002272,18,2022-09,2021-03,18,342,247793.0,240356.05,3.303,700-739,90-95%,36-43%,PA,Refinance,Primary,Single Family,Servicer_D,Current,0,0,0,0,,2022-09-01,Encompass,Under Exception,Current,0,0,0,0,0,
LN0002272,19,2022-10,2021-03,19,341,247793.0,239932.0,3.303,700-739,90-95%,36-43%,PA,Refinance,Primary,Single Family,Servicer_D,Current,0,0,0,0,,2022-10-01,Encompass,Under Exception,Current,0,0,0,0,0,
LN0002272,20,2022-11,2021-03,20,340,247793.0,239506.78,3.303,700-739,90-95%,36-43%,PA,Refinance,Primary,Single Family,Servicer_D,Current,0,0,0,0,,2022-11-01,Encompass,Under Exception,Current,0,0,0,0,0,
LN0002272,21,2022-12,2021-03,21,339,247793.0,239080.39,3.303,700-739,90-95%,36-43%,PA,Refinance,Primary,Single Family,Servicer_D,Current,0,0,0,0,,2022-12-01,Encompass,Under Exception,Current,0,0,0,0,0,
LN0002282,1,2021-03,2021-02,1,359,218664.0,218437.39,5.789,700-739,70-80%,36-43%,PA,Cash-Out Refinance,Primary,Condo,Servicer_B,Current,0,0,0,0,,2021-03-01,Black Knight,Pending Review,Current,0,0,0,0,0,
LN0002282,2,2021-04,2021-02,2,358,218664.0,218209.68,5.789,700-739,70-80%,36-43%,PA,Cash-Out Refinance,Primary,Condo,Servicer_B,Current,0,0,0,0,,2021-04-01,Black Knight,Pending Review,Current,0,0,0,0,0,
LN0002282,3,2021-05,2021-02,3,357,218664.0,217980.87,5.789,700-739,70-80%,36-43%,PA,Cash-Out Refinance,Primary,Condo,Servicer_B,Current,0,0,0,0,,2021-05-01,Black Knight,Pending Review,Current,0,0,0,0,0,
LN0002282,4,2021-06,2021-02,4,356,218664.0,217750.96,5.789,700-739,70-80%,36-43%,PA,Cash-Out Refinance,Primary,Condo,Servicer_B,Current,0,0,0,0,,2021-06-01,Black Knight,Pending Review,Current,0,0,0,0,0,
LN0002282,5,2021-07,2021-02,5,355,218664.0,217519.94,5.789,700-739,70-80%,36-43%,PA,Cash-Out Refinance,Primary,Condo,Servicer_B,Current,0,0,0,0,,2021-07-01,Black Knight,Pending Review,Current,0,0,0,0,0,
LN0002282,6,2021-08,2021-02,6,354,218664.0,217287.81,5.789,700-739,70-80%,36-43%,PA,Cash-Out Refinance,Primary,Condo,Servicer_B,Current,0,0,0,0,,2021-08-01,Black Knight,Pending Review,Current,0,0,0,0,0,
LN0002282,7,2021-09,2021-02,7,353,218664.0,217054.55,5.789,700-739,70-80%,36-43%,PA,Cash-Out Refinance,Primary,Condo,Servicer_B,Current,0,0,0,0,,2021-09-01,Black Knight,Pending Review,Current,0,0,0,0,0,
LN0002282,8,2021-10,2021-02,8,352,218664.0,477004.38,5.789,700-739,70-80%,36-43%,PA,Cash-Out Refinance,Primary,Condo,Servicer_B,Current,0,0,0,0,,2021-10-01,Black Knight,Pending Review,Current,0,0,0,0,1,Valuation Discrepancy
LN0002282,9,2021-11,2021-02,9,351,218664.0,216584.66,5.789,700-739,70-80%,36-43%,PA,Cash-Out Refinance,Primary,Condo,Servicer_B,Current,0,0,0,0,,2021-11-01,Black Knight,Pending Review,Current,0,0,0,0,0,
LN0002282,10,2021-12,2021-02,10,350,218664.0,216348.02,5.789,700-739,70-80%,36-43%,PA,Cash-Out Refinance,Primary,Condo,Servicer_B,Current,0,0,0,0,,2021-12-01,Black Knight,Pending Review,Current,0,0,0,0,0,
LN0002282,11,2022-01,2021-02,11,349,218664.0,216110.23,5.789,700-739,70-80%,36-43%,PA,Cash-Out Refinance,Primary,Condo,Servicer_B,Current,0,0,0,0,,2022-01-01,Black Knight,Pending Review,Current,0,0,0,0,0,
LN0002282,12,2022-02,2021-02,12,348,218664.0,215871.3,5.789,700-739,70-80%,36-43%,PA,Cash-Out Refinance,Primary,Condo,Servicer_B,Current,0,0,0,0,,2022-02-01,Black Knight,Pending Review,Current,0,0,0,0,0,
LN0002282,13,2022-03,2021-02,13,347,218664.0,215631.21,5.789,700-739,70-80%,36-43%,PA,Cash-Out Refinance,Primary,Condo,Servicer_B,Current,0,0,0,0,,2022-03-01,Black Knight,Pending Review,Current,0,0,0,0,0,
LN0002282,14,2022-04,2021-02,14,346,218664.0,215389.96,5.789,700-739,70-80%,36-43%,PA,Cash-Out Refinance,Primary,Condo,Servicer_B,Current,0,0,0,0,,2022-04-01,Black Knight,Pending Review,Current,0,0,0,0,0,
LN0002282,15,2022-05,2021-02,15,345,218664.0,215147.55,5.789,700-739,70-80%,36-43%,PA,Cash-Out Refinance,Primary,Condo,Servicer_B,Current,0,0,0,0,,2022-05-01,Black Knight,Pending Review,Current,0,0,0,0,0,
LN0002282,16,2022-06,2021-02,16,344,218664.0,214903.98,5.789,700-739,70-80%,36-43%,PA,Cash-Out Refinance,Primary,Condo,Servicer_B,Current,0,0,0,0,,2022-06-01,Black Knight,Pending Review,Current,0,0,0,0,0,
LN0002282,17,2022-07,2021-02,17,343,218664.0,214659.22,5.789,700-739,70-80%,36-43%,PA,Cash-Out Refinance,Primary,Condo,Servicer_B,Current,0,0,0,0,,2022-07-01,Black Knight,Pending Review,Current,0,0,0,0,0,
LN0002282,18,2022-08,2021-02,18,342,218664.0,214413.29,5.789,700-739,70-80%,36-43%,PA,Cash-Out Refinance,Primary,Condo,Servicer_B,Current,0,0,0,0,,2022-08-01,Black Knight,Pending Review,Current,0,0,0,0,0,
LN0002282,19,2022-09,2021-02,19,341,218664.0,214166.17,5.789,700-739,70-80%,36-43%,PA,Cash-Out Refinance,Primary,Condo,Servicer_B,Current,0,0,0,0,,2022-09-01,Black Knight,Pending Review,Current,0,0,0,0,0,
LN0002282,20,2022-10,2021-02,20,340,218664.0,213917.85,5.789,700-739,70-80%,36-43%,PA,Cash-Out Refinance,Primary,Condo,Servicer_B,Current,0,0,0,0,,2022-10-01,Black Knight,Pending Review,Current,0,0,0,0,0,
LN0002282,21,2022-11,2021-02,21,339,218664.0,213668.34,5.789,700-739,70-80%,36-43%,PA,Cash-Out Refinance,Primary,Condo,Servicer_B,Current,0,0,0,0,,2022-11-01,Black Knight,Pending Review,Current,0,0,0,0,0,
LN0002282,22,2022-12,2021-02,22,338,218664.0,213417.63,5.789,700-739,70-80%,36-43%,PA,Cash-Out Refinance,Primary,Condo,Servicer_B,Current,0,0,0,0,,2022-12-01,Black Knight,Pending Review,Current,0,0,0,0,0,
LN0002309,1,2021-11,2021-10,1,239,166427.0,165862.45,2.0,700-739,70-80%,<20%,IL,Purchase,Primary,Townhouse,Servicer_C,Current,0,0,0,0,,2021-11-01,CoreLogic,Complete,Current,0,0,0,0,0,
LN0002309,2,2021-12,2021-10,2,238,166427.0,165296.96,2.0,700-739,70-80%,<20%,IL,Purchase,Primary,Townhouse,Servicer_C,Current,0,0,0,0,,2021-12-01,CoreLogic,Complete,Current,0,0,0,0,0,
LN0002309,3,2022-01,2021-10,3,237,166427.0,164730.53,2.0,700-739,70-80%,<20%,IL,Purchase,Primary,Townhouse,Servicer_C,Current,0,0,0,0,,2022-01-01,CoreLogic,Complete,Current,0,0,0,0,0,
LN0002309,4,2022-02,2021-10,4,236,166427.0,164163.16,2.0,700-739,70-80%,<20%,IL,Purchase,Primary,Townhouse,Servicer_C,Current,0,0,0,0,,2022-02-01,CoreLogic,Complete,Current,0,0,0,0,0,
LN0002309,5,2022-03,2021-10,5,235,166427.0,163594.83,2.0,700-739,70-80%,<20%,IL,Purchase,Primary,Townhouse,Servicer_C,Current,0,0,0,0,,2022-03-01,CoreLogic,Complete,Current,0,0,0,0,0,
LN0002309,6,2022-04,2021-10,6,234,166427.0,163025.57,2.0,700-739,70-80%,<20%,IL,Purchase,Primary,Townhouse,Servicer_C,Current,0,0,0,0,,2022-04-01,CoreLogic,Complete,Current,0,0,0,0,0,
LN0002309,7,2022-05,2021-10,7,233,166427.0,162455.35,2.0,700-739,70-80%,<20%,IL,Purchase,Primary,Townhouse,Servicer_C,Current,0,0,0,0,,2022-05-01,CoreLogic,Complete,Current,0,0,0,0,0,
LN0002309,8,2022-06,2021-10,8,232,166427.0,161884.18,2.0,700-739,70-80%,<20%,IL,Purchase,Primary,Townhouse,Servicer_C,Current,0,0,0,0,,2022-06-01,CoreLogic,Complete,Current,0,0,0,0,0,
LN0002309,9,2022-07,2021-10,9,231,166427.0,161312.06,2.0,700-739,70-80%,<20%,IL,Purchase,Primary,Townhouse,Servicer_C,Current,0,0,0,0,,2022-07-01,CoreLogic,Complete,Current,0,0,0,0,0,
LN0002309,10,2022-08,2021-10,10,230,166427.0,160738.99,2.0,700-739,70-80%,<20%,IL,Purchase,Primary,Townhouse,Servicer_C,Current,0,0,0,0,,2022-08-01,CoreLogic,Complete,Current,0,0,0,0,0,
LN0002309,11,2022-09,2021-10,11,229,166427.0,160164.96,2.0,700-739,70-80%,<20%,IL,Purchase,Primary,Townhouse,Servicer_C,Current,0,0,0,0,,2022-09-01,CoreLogic,Complete,Current,0,0,0,0,0,
LN0002309,12,2022-10,2021-10,12,228,166427.0,159589.98,2.0,700-739,70-80%,<20%,IL,Purchase,Primary,Townhouse,Servicer_C,Current,0,0,0,0,,2022-10-01,CoreLogic,Complete,Current,0,0,0,0,0,
LN0002309,13,2022-11,2021-10,13,227,166427.0,159014.03,2.0,700-739,70-80%,<20%,IL,Purchase,Primary,Townhouse,Servicer_C,Current,0,0,0,0,,2022-11-01,CoreLogic,Complete,Current,0,0,0,0,0,
LN0002309,14,2022-12,2021-10,14,226,166427.0,158437.13,2.0,700-739,70-80%,<20%,IL,Purchase,Primary,Townhouse,Servicer_C,Current,0,0,0,0,,2022-12-01,CoreLogic,Complete,Current,0,0,0,0,0,
LN0002317,1,2022-06,2022-05,1,359,155147.0,154941.39,4.465,700-739,80-90%,20-28%,NY,Purchase,Primary,Condo,Servicer_D,Current,0,0,0,0,,2022-06-01,CoreLogic,Complete,Current,0,1,0,0,0,
LN0002317,2,2022-07,2022-05,2,358,155147.0,154735.02,4.465,700-739,80-90%,20-28%,NY,Purchase,Primary,Condo,Servicer_D,Current,0,0,0,0,,2022-07-01,CoreLogic,Complete,Current,0,1,0,0,0,
LN0002317,3,2022-08,2022-05,3,357,155147.0,154527.88,4.465,700-739,80-90%,20-28%,NY,Purchase,Primary,Condo,Servicer_D,Current,0,0,0,0,,2022-08-01,CoreLogic,Complete,Current,1,1,0,0,0,
LN0002317,4,2022-09,2022-05,4,356,155147.0,154319.97,4.465,700-739,80-90%,20-28%,NY,Purchase,Primary,Condo,Servicer_D,Current,0,0,0,0,,2022-09-01,CoreLogic,Complete,Current,1,1,0,0,0,
LN0002317,5,2022-10,2022-05,5,355,155147.0,154111.28,4.465,700-739,80-90%,20-28%,NY,Purchase,Primary,Condo,Servicer_D,Current,0,0,0,0,,2022-10-01,CoreLogic,Complete,30-59 DPD,1,1,0,0,0,
LN0002317,6,2022-11,2022-05,6,354,155147.0,153901.82,4.465,700-739,80-90%,20-28%,NY,Purchase,Primary,Condo,Servicer_D,30-59 DPD,0,0,0,0,,2022-11-01,CoreLogic,Complete,30-59 DPD,1,1,0,0,0,
LN0002317,7,2022-12,2022-05,7,353,155147.0,153691.58,4.465,700-739,80-90%,20-28%,NY,Purchase,Primary,Condo,Servicer_D,30-59 DPD,30,0,0,0,,2022-12-01,CoreLogic,Complete,30-59 DPD,1,1,0,0,0,
LN0002336,1,2022-09,2022-08,1,359,146811.0,146568.38,3.219,620-659,60-70%,20-28%,GA,Purchase,Primary,Single Family,Servicer_E,Current,0,0,0,0,,2022-09-01,Encompass,Under Exception,Current,0,0,0,0,0,
LN0002336,2,2022-10,2022-08,2,358,146811.0,146325.12,3.219,620-659,60-70%,20-28%,GA,Purchase,Primary,Single Family,Servicer_E,Current,0,0,0,0,,2022-10-01,Encompass,Under Exception,Current,0,0,0,0,0,
LN0002336,3,2022-11,2022-08,3,357,146811.0,146081.2,3.219,620-659,60-70%,20-28%,GA,Purchase,Primary,Single Family,Servicer_E,Current,0,0,0,0,,2022-11-01,Encompass,Under Exception,Current,0,0,0,0,0,
LN0002336,4,2022-12,2022-08,4,356,146811.0,145836.63,3.219,620-659,60-70%,20-28%,GA,Purchase,Primary,Single Family,Servicer_E,Current,0,0,0,0,,2022-12-01,Encompass,Under Exception,Current,0,0,0,0,0,
LN0002342,1,2020-05,2020-04,1,359,60598.0,60544.23,6.596,700-739,90-95%,20-28%,PA,Refinance,Primary,Manufactured,Servicer_D,Current,0,0,0,0,,2020-05-01,Black Knight,Pending Review,Current,0,0,0,0,0,
LN0002342,2,2020-06,2020-04,2,358,60598.0,60490.17,6.596,700-739,90-95%,20-28%,PA,Refinance,Primary,Manufactured,Servicer_D,Current,0,0,0,0,,2020-06-01,Black Knight,Pending Review,Current,0,0,0,0,0,
LN0002342,3,2020-07,2020-04,3,357,60598.0,60435.81,6.596,700-739,90-95%,20-28%,PA,Refinance,Primary,Manufactured,Servicer_D,Current,0,0,0,0,,2020-07-01,Black Knight,Pending Review,Current,0,0,0,0,0,
LN0002342,4,2020-08,2020-04,4,356,60598.0,60381.15,6.596,700-739,90-95%,20-28%,PA,Refinance,Primary,Manufactured,Servicer_D,Current,0,0,0,0,,2020-08-01,Black Knight,Pending Review,Current,0,0,0,0,0,
LN0002342,5,2020-09,2020-04,5,355,60598.0,60326.19,6.596,700-739,90-95%,20-28%,PA,Refinance,Primary,Manufactured,Servicer_D,Current,0,0,0,0,,2020-09-01,Black Knight,Pending Review,Current,0,0,0,0,0,
LN0002342,6,2020-10,2020-04,6,354,60598.0,60270.93,6.596,700-739,90-95%,20-28%,PA,Refinance,Primary,Manufactured,Servicer_D,Current,0,0,0,0,,2020-10-01,Black Knight,Pending Review,Current,0,0,0,0,0,
LN0002342,7,2020-11,2020-04,7,353,60598.0,60215.36,6.596,700-739,90-95%,20-28%,PA,Refinance,Primary,Manufactured,Servicer_D,Current,0,0,0,0,,2020-11-01,Black Knight,Pending Review,Current,0,0,0,0,0,
LN0002342,8,2020-12,2020-04,8,352,60598.0,60159.49,6.596,700-739,90-95%,20-28%,PA,Refinance,Primary,Manufactured,Servicer_D,Current,0,0,0,0,,2020-12-01,Black Knight,Pending Review,Current,0,0,0,0,0,
LN0002342,9,2021-01,2020-04,9,351,60598.0,60103.32,6.596,700-739,90-95%,20-28%,PA,Refinance,Primary,Manufactured,Servicer_D,Current,0,0,0,0,,2021-01-01,Black Knight,Pending Review,Current,0,0,0,0,0,
LN0002342,10,2021-02,2020-04,10,350,60598.0,60046.83,6.596,700-739,90-95%,20-28%,PA,Refinance,Primary,Manufactured,Servicer_D,Current,0,0,0,0,,2021-02-01,Black Knight,Pending Review,Current,0,0,0,0,0,
LN0002342,11,2021-03,2020-04,11,349,60598.0,59990.03,6.596,700-739,90-95%,20-28%,PA,Refinance,Primary,Manufactured,Servicer_D,Current,0,0,0,0,,2021-03-01,Black Knight,Pending Review,Current,0,0,0,0,0,
LN0002342,12,2021-04,2020-04,12,348,60598.0,59932.92,6.596,700-739,90-95%,20-28%,PA,Refinance,Primary,Manufactured,Servicer_D,Current,0,0,0,0,,2021-04-01,Black Knight,Pending Review,Current,0,0,0,0,0,
LN0002342,13,2021-05,2020-04,13,347,60598.0,59875.5,6.596,700-739,90-95%,20-28%,PA,Refinance,Primary,Manufactured,Servicer_D,Current,0,0,0,0,,2021-05-01,Black Knight,Pending Review,Current,0,0,0,0,0,
LN0002342,14,2021-06,2020-04,14,346,60598.0,59817.76,6.596,700-739,90-95%,20-28%,PA,Refinance,Primary,Manufactured,Servicer_D,Current,0,0,0,0,,2021-06-01,Black Knight,Pending Review,Current,0,0,0,0,0,
LN0002342,15,2021-07,2020-04,15,345,60598.0,59759.71,6.596,700-739,90-95%,20-28%,PA,Refinance,Primary,Manufactured,Servicer_D,Current,0,0,0,0,,2021-07-01,Black Knight,Pending Review,Current,0,0,0,0,0,
LN0002342,16,2021-08,2020-04,16,344,60598.0,59701.33,6.596,700-739,90-95%,20-28%,PA,Refinance,Primary,Manufactured,Servicer_D,Current,0,0,0,0,,2021-08-01,Black Knight,Pending Review,Current,0,0,0,0,0,
LN0002342,17,2021-09,2020-04,17,343,60598.0,59642.63,6.596,700-739,90-95%,20-28%,PA,Refinance,Primary,Manufactured,Servicer_D,Current,0,0,0,0,,2021-09-01,Black Knight,Pending Review,Current,0,0,0,0,0,
LN0002342,18,2021-10,2020-04,18,342,60598.0,59583.62,6.596,700-739,90-95%,20-28%,PA,Refinance,Primary,Manufactured,Servicer_D,Current,0,0,0,0,,2021-10-01,Black Knight,Pending Review,Current,0,0,0,0,0,
LN0002342,19,2021-11,2020-04,19,341,60598.0,59524.27,6.596,700-739,90-95%,20-28%,PA,Refinance,Primary,Manufactured,Servicer_D,Current,0,0,0,0,,2021-11-01,Black Knight,Pending Review,Current,0,0,0,0,0,
LN0002342,20,2021-12,2020-04,20,340,60598.0,59464.6,6.596,700-739,90-95%,20-28%,PA,Refinance,Primary,Manufactured,Servicer_D,Current,0,0,0,0,,2021-12-01,Black Knight,Pending Review,Current,0,0,1,0,0,
LN0002342,21,2022-01,2020-04,21,339,60598.0,59404.61,6.596,700-739,90-95%,20-28%,PA,Refinance,Primary,Manufactured,Servicer_D,Current,0,0,0,0,,2022-01-01,Black Knight,Pending Review,Current,0,0,1,0,0,
LN0002342,22,2022-02,2020-04,22,338,60598.0,59344.28,6.596,700-739,90-95%,20-28%,PA,Refinance,Primary,Manufactured,Servicer_D,Current,0,0,0,0,,2022-02-01,Black Knight,Pending Review,Current,0,0,1,0,0,
LN0002342,23,2022-03,2020-04,23,337,60598.0,59283.62,6.596,700-739,90-95%,20-28%,PA,Refinance,Primary,Manufactured,Servicer_D,Current,0,0,0,0,,2022-03-01,Black Knight,Pending Review,Current,0,0,1,0,0,
LN0002342,24,2022-04,2020-04,24,336,60598.0,59222.63,6.596,700-739,90-95%,20-28%,PA,Refinance,Primary,Manufactured,Servicer_D,Current,0,0,0,0,,2022-04-01,Black Knight,Pending Review,Current,0,0,1,0,0,
LN0002342,25,2022-05,2020-04,25,335,60598.0,59161.3,6.596,700-739,90-95%,20-28%,PA,Refinance,Primary,Manufactured,Servicer_D,Current,0,0,0,0,,2022-05-01,Black Knight,Pending Review,Current,0,0,1,0,0,
LN0002342,26,2022-06,2020-04,26,334,60598.0,59099.64,6.596,700-739,90-95%,20-28%,PA,Refinance,Primary,Manufactured,Servicer_D,Current,0,0,0,0,,2022-06-01,Black Knight,Pending Review,Current,0,1,1,0,0,
LN0002342,27,2022-07,2020-04,27,333,60598.0,59037.63,6.596,700-739,90-95%,20-28%,PA,Refinance,Primary,Manufactured,Servicer_D,Current,0,0,0,0,,2022-07-01,Black Knight,Pending Review,Current,0,1,1,0,0,
LN0002342,28,2022-08,2020-04,28,332,60598.0,58975.29,6.596,700-739,90-95%,20-28%,PA,Refinance,Primary,Manufactured,Servicer_D,Current,0,0,0,0,,2022-08-01,Black Knight,Pending Review,Current,0,1,1,0,0,
LN0002342,29,2022-09,2020-04,29,331,60598.0,58912.6,6.596,700-739,90-95%,20-28%,PA,Refinance,Primary,Manufactured,Servicer_D,Current,0,0,0,0,,2022-09-01,Black Knight,Pending Review,Current,1,1,1,0,0,
LN0002342,30,2022-10,2020-04,30,330,60598.0,58849.57,6.596,700-739,90-95%,20-28%,PA,Refinance,Primary,Manufactured,Servicer_D,Current,0,0,0,0,,2022-10-01,Black Knight,Pending Review,Current,1,1,1,0,0,
LN0002342,31,2022-11,2020-04,31,329,60598.0,58786.19,6.596,700-739,90-95%,20-28%,PA,Refinance,Primary,Manufactured,Servicer_D,Current,0,0,0,0,,2022-11-01,Black Knight,Pending Review,Default,1,1,1,0,0,
LN0002342,32,2022-12,2020-04,32,328,60598.0,58722.47,6.596,700-739,90-95%,20-28%,PA,Refinance,Primary,Manufactured,Servicer_D,Default,0,0,0,1,<20%,2022-12-01,Black Knight,Pending Review,Default,0,0,0,0,1,Data Conflict
LN0002366,1,2022-09,2022-08,1,359,128850.0,128644.04,3.411,660-699,<60%,20-28%,FL,Home Improvement,Primary,Condo,Servicer_C,Current,0,0,0,0,,2022-09-01,Black Knight,Pending Review,Current,0,0,0,0,0,
LN0002366,2,2022-10,2022-08,2,358,128850.0,128437.5,3.411,660-699,<60%,20-28%,FL,Home Improvement,Primary,Condo,Servicer_C,Current,0,0,0,0,,2022-10-01,Black Knight,Pending Review,Current,0,0,0,0,0,
LN0002366,3,2022-11,2022-08,3,357,128850.0,128230.38,3.411,660-699,<60%,20-28%,FL,Home Improvement,Primary,Condo,Servicer_C,Current,0,0,0,0,,2022-11-01,Black Knight,Pending Review,Current,0,0,0,0,0,
LN0002366,4,2022-12,2022-08,4,356,128850.0,128022.66,3.411,660-699,<60%,20-28%,FL,Home Improvement,Primary,Condo,Servicer_C,Current,0,0,0,0,,2022-12-01,Black Knight,Pending Review,Current,0,0,0,0,0,
LN0002403,1,2022-01,2021-12,1,359,173582.0,173353.42,,<620,80-90%,36-43%,FL,Purchase,Investment,Manufactured,Servicer_B,Current,0,0,0,0,,2022-01-01,Ellie Mae,Missing Items,Current,0,0,1,0,0,
LN0002403,2,2022-02,2021-12,2,358,173582.0,173123.98,,<620,80-90%,36-43%,FL,Purchase,Investment,Manufactured,Servicer_B,Current,0,0,0,0,,2022-02-01,Ellie Mae,Missing Items,Current,0,0,1,0,0,
LN0002403,3,2022-03,2021-12,3,357,173582.0,172893.68,,<620,80-90%,36-43%,FL,Purchase,Investment,Manufactured,Servicer_B,Current,0,0,0,0,,2022-03-01,Ellie Mae,Missing Items,Current,0,0,1,0,0,
LN0002403,4,2022-04,2021-12,4,356,173582.0,172662.52,,<620,80-90%,36-43%,FL,Purchase,Investment,Manufactured,Servicer_B,Current,0,0,0,0,,2022-04-01,Ellie Mae,Missing Items,Current,0,0,1,0,0,
LN0002403,5,2022-05,2021-12,5,355,173582.0,172430.49,,<620,80-90%,36-43%,FL,Purchase,Investment,Manufactured,Servicer_B,Current,0,0,0,0,,2022-05-01,Ellie Mae,Missing Items,Current,0,0,1,0,0,
LN0002403,6,2022-06,2021-12,6,354,173582.0,172197.59,,<620,80-90%,36-43%,FL,Purchase,Investment,Manufactured,Servicer_B,Current,0,0,0,0,,2022-06-01,Ellie Mae,Missing Items,Current,0,0,1,0,0,
LN0002403,7,2022-07,2021-12,7,353,173582.0,171963.81,,<620,80-90%,36-43%,FL,Purchase,Investment,Manufactured,Servicer_B,Current,0,0,0,0,,2022-07-01,Ellie Mae,Missing Items,Current,0,1,1,0,0,
LN0002403,8,2022-08,2021-12,8,352,173582.0,171729.16,,<620,80-90%,36-43%,FL,Purchase,Investment,Manufactured,Servicer_B,Current,0,0,0,0,,2022-08-01,Ellie Mae,Missing Items,Current,0,1,1,0,0,
LN0002403,9,2022-09,2021-12,9,351,173582.0,171493.63,,<620,80-90%,36-43%,FL,Purchase,Investment,Manufactured,Servicer_B,Current,0,0,0,0,,2022-09-01,Ellie Mae,Missing Items,Current,0,1,1,0,0,
LN0002403,10,2022-10,2021-12,10,350,173582.0,171257.22,,<620,80-90%,36-43%,FL,Purchase,Investment,Manufactured,Servicer_B,Current,0,0,0,0,,2022-10-01,Ellie Mae,Missing Items,Current,1,1,1,0,0,
LN0002403,11,2022-11,2021-12,11,349,173582.0,171019.92,,<620,80-90%,36-43%,FL,Purchase,Investment,Manufactured,Servicer_B,Current,0,0,0,0,,2022-11-01,Ellie Mae,Missing Items,Current,1,1,1,0,0,
LN0002403,12,2022-12,2021-12,12,348,173582.0,170781.73,,<620,80-90%,36-43%,FL,Purchase,Investment,Manufactured,Servicer_B,Current,0,0,0,0,,2022-12-01,Ellie Mae,Missing Items,Default,1,1,1,0,0,
LN0002419,1,2020-06,2020-05,1,359,96857.0,96743.69,5.144,780+,60-70%,36-43%,MD,Refinance,Primary,Multi-Family,Servicer_C,Current,0,0,0,0,,2020-06-01,Ellie Mae,Missing Items,Current,0,0,0,0,0,
LN0002419,2,2020-07,2020-05,2,358,96857.0,96629.89,5.144,780+,60-70%,36-43%,MD,Refinance,Primary,Multi-Family,Servicer_C,Current,0,0,0,0,,2020-07-01,Ellie Mae,Missing Items,Current,0,0,0,0,0,
LN0002419,3,2020-08,2020-05,3,357,96857.0,96515.6,5.144,780+,60-70%,36-43%,MD,Refinance,Primary,Multi-Family,Servicer_C,Current,0,0,0,0,,2020-08-01,Ellie Mae,Missing Items,Current,0,0,0,0,0,
LN0002419,4,2020-09,2020-05,4,356,96857.0,96400.83,5.144,780+,60-70%,36-43%,MD,Refinance,Primary,Multi-Family,Servicer_C,Current,0,0,0,0,,2020-09-01,Ellie Mae,Missing Items,Current,0,0,0,0,0,
LN0002419,5,2020-10,2020-05,5,355,96857.0,96285.56,5.144,780+,60-70%,36-43%,MD,Refinance,Primary,Multi-Family,Servicer_C,Current,0,0,0,0,,2020-10-01,Ellie Mae,Missing Items,Current,0,0,0,0,0,
LN0002419,6,2020-11,2020-05,6,354,96857.0,96169.79,5.144,780+,60-70%,36-43%,MD,Refinance,Primary,Multi-Family,Servicer_C,Current,0,0,0,0,,2020-11-01,Ellie Mae,Missing Items,Current,0,0,0,0,0,
LN0002419,7,2020-12,2020-05,7,353,96857.0,96053.54,5.144,780+,60-70%,36-43%,MD,Refinance,Primary,Multi-Family,Servicer_C,Current,0,0,0,0,,2020-12-01,Ellie Mae,Missing Items,Current,0,0,0,0,0,
LN0002419,8,2021-01,2020-05,8,352,96857.0,95936.78,5.144,780+,60-70%,36-43%,MD,Refinance,Primary,Multi-Family,Servicer_C,Current,0,0,0,0,,2021-01-01,Ellie Mae,Missing Items,Current,0,0,0,0,0,
LN0002419,9,2021-02,2020-05,9,351,96857.0,95819.52,5.144,780+,60-70%,36-43%,MD,Refinance,Primary,Multi-Family,Servicer_C,Current,0,0,0,0,,2021-02-01,Ellie Mae,Missing Items,Current,0,0,0,0,0,
LN0002419,10,2021-03,2020-05,10,350,96857.0,95701.76,5.144,780+,60-70%,36-43%,MD,Refinance,Primary,Multi-Family,Servicer_C,Current,0,0,0,0,,2021-03-01,Ellie Mae,Missing Items,Current,0,0,0,0,0,
LN0002419,11,2021-04,2020-05,11,349,96857.0,95583.5,5.144,780+,60-70%,36-43%,MD,Refinance,Primary,Multi-Family,Servicer_C,Current,0,0,0,0,,2021-04-01,Ellie Mae,Missing Items,Current,0,0,0,0,0,
LN0002419,12,2021-05,2020-05,12,348,96857.0,95464.72,5.144,780+,60-70%,36-43%,MD,Refinance,Primary,Multi-Family,Servicer_C,Current,0,0,0,0,,2021-05-01,Ellie Mae,Missing Items,Current,0,0,0,0,0,
LN0002419,13,2021-06,2020-05,13,347,96857.0,95345.44,5.144,780+,60-70%,36-43%,MD,Refinance,Primary,Multi-Family,Servicer_C,Current,0,0,0,0,,2021-06-01,Ellie Mae,Missing Items,Current,0,0,0,0,0,
LN0002419,14,2021-07,2020-05,14,346,96857.0,95225.65,5.144,780+,60-70%,36-43%,MD,Refinance,Primary,Multi-Family,Servicer_C,Current,0,0,0,0,,2021-07-01,Ellie Mae,Missing Items,Current,0,0,0,0,0,
LN0002419,15,2021-08,2020-05,15,345,96857.0,95105.34,5.144,780+,60-70%,36-43%,MD,Refinance,Primary,Multi-Family,Servicer_C,Current,0,0,0,0,,2021-08-01,Ellie Mae,Missing Items,Current,0,0,0,0,0,
LN0002419,16,2021-09,2020-05,16,344,96857.0,94984.52,5.144,780+,60-70%,36-43%,MD,Refinance,Primary,Multi-Family,Servicer_C,Current,0,0,0,0,,2021-09-01,Ellie Mae,Missing Items,Current,0,0,0,0,0,
LN0002419,17,2021-10,2020-05,17,343,96857.0,94863.18,5.144,780+,60-70%,36-43%,MD,Refinance,Primary,Multi-Family,Servicer_C,Current,0,0,0,0,,2021-10-01,Ellie Mae,Missing Items,Current,0,0,0,0,0,
LN0002419,18,2021-11,2020-05,18,342,96857.0,94741.32,5.144,780+,60-70%,36-43%,MD,Refinance,Primary,Multi-Family,Servicer_C,Current,0,0,0,0,,2021-11-01,Ellie Mae,Missing Items,Current,0,0,0,0,0,
LN0002419,19,2021-12,2020-05,19,341,96857.0,94618.94,5.144,780+,60-70%,36-43%,MD,Refinance,Primary,Multi-Family,Servicer_C,Current,0,0,0,0,,2021-12-01,Ellie Mae,Missing Items,Current,0,0,0,0,0,
LN0002419,20,2022-01,2020-05,20,340,96857.0,94496.03,5.144,780+,60-70%,36-43%,MD,Refinance,Primary,Multi-Family,Servicer_C,Current,0,0,0,0,,2022-01-01,Ellie Mae,Missing Items,Current,0,0,0,0,0,
LN0002419,21,2022-02,2020-05,21,339,96857.0,94372.6,5.144,780+,60-70%,36-43%,MD,Refinance,Primary,Multi-Family,Servicer_C,Current,0,0,0,0,,2022-02-01,Ellie Mae,Missing Items,Current,0,0,0,0,0,
LN0002419,22,2022-03,2020-05,22,338,96857.0,94248.64,5.144,780+,60-70%,36-43%,MD,Refinance,Primary,Multi-Family,Servicer_C,Current,0,0,0,0,,2022-03-01,Ellie Mae,Missing Items,Current,0,0,0,0,0,
LN0002419,23,2022-04,2020-05,23,337,96857.0,94124.14,5.144,780+,60-70%,36-43%,MD,Refinance,Primary,Multi-Family,Servicer_C,Current,0,0,0,0,,2022-04-01,Ellie Mae,Missing Items,Current,0,0,0,0,0,
LN0002419,24,2022-05,2020-05,24,336,96857.0,93999.12,5.144,780+,60-70%,36-43%,MD,Refinance,Primary,Multi-Family,Servicer_C,Current,0,0,0,0,,2022-05-01,Ellie Mae,Missing Items,Current,0,0,0,0,0,
LN0002419,25,2022-06,2020-05,25,335,96857.0,93873.55,5.144,780+,60-70%,36-43%,MD,Refinance,Primary,Multi-Family,Servicer_C,Current,0,0,0,0,,2022-06-01,Ellie Mae,Missing Items,Current,0,0,0,0,0,
LN0002419,26,2022-07,2020-05,26,334,96857.0,93747.45,5.144,780+,60-70%,36-43%,MD,Refinance,Primary,Multi-Family,Servicer_C,Current,0,0,0,0,,2022-07-01,Ellie Mae,Missing Items,Current,0,0,0,0,0,
LN0002419,27,2022-08,2020-05,27,333,96857.0,93620.81,5.144,780+,60-70%,36-43%,MD,Refinance,Primary,Multi-Family,Servicer_C,Current,0,0,0,0,,2022-08-01,Ellie Mae,Missing Items,Current,0,0,0,0,0,
LN0002419,28,2022-09,2020-05,28,332,96857.0,93493.62,5.144,780+,60-70%,36-43%,MD,Refinance,Primary,Multi-Family,Servicer_C,Current,0,0,0,0,,2022-09-01,Ellie Mae,Missing Items,Current,0,0,0,0,0,
LN0002419,29,2022-10,2020-05,29,331,96857.0,93365.89,5.144,780+,60-70%,36-43%,MD,Refinance,Primary,Multi-Family,Servicer_C,Current,0,0,0,0,,2022-10-01,Ellie Mae,Missing Items,Current,0,0,0,0,0,
LN0002419,30,2022-11,2020-05,30,330,96857.0,93237.61,5.144,780+,60-70%,36-43%,MD,Refinance,Primary,Multi-Family,Servicer_C,Current,0,0,0,0,,2022-11-01,Ellie Mae,Missing Items,Current,0,0,0,0,0,
LN0002419,31,2022-12,2020-05,31,329,96857.0,93108.78,5.144,780+,60-70%,36-43%,MD,Refinance,Primary,Multi-Family,Servicer_C,Current,0,0,0,0,,2022-12-01,Ellie Mae,Missing Items,Current,0,0,0,0,0,
LN0002423,1,2021-07,2021-06,1,359,141364.0,141148.36,3.678,740-779,<60%,<20%,MD,Cash-Out Refinance,Primary,Single Family,Servicer_A,Current,0,0,0,0,,2021-07-01,Ellie Mae,Missing Items,Current,0,0,0,0,0,
LN0002423,2,2021-08,2021-06,2,358,141364.0,140932.07,3.678,740-779,<60%,<20%,MD,Cash-Out Refinance,Primary,Single Family,Servicer_A,Current,0,0,0,0,,2021-08-01,Ellie Mae,Missing Items,Current,0,0,0,0,0,
LN0002423,3,2021-09,2021-06,3,357,141364.0,140715.11,3.678,740-779,<60%,<20%,MD,Cash-Out Refinance,Primary,Single Family,Servicer_A,Current,0,0,0,0,,2021-09-01,Ellie Mae,Missing Items,Current,0,0,0,0,0,
LN0002423,4,2021-10,2021-06,4,356,141364.0,140497.48,3.678,740-779,<60%,<20%,MD,Cash-Out Refinance,Primary,Single Family,Servicer_A,Current,0,0,0,0,,2021-10-01,Ellie Mae,Missing Items,Current,0,0,0,0,0,
LN0002423,5,2021-11,2021-06,5,355,141364.0,140279.19,3.678,740-779,<60%,<20%,MD,Cash-Out Refinance,Primary,Single Family,Servicer_A,Current,0,0,0,0,,2021-11-01,Ellie Mae,Missing Items,Current,0,0,0,0,0,
LN0002423,6,2021-12,2021-06,6,354,141364.0,140060.23,3.678,740-779,<60%,<20%,MD,Cash-Out Refinance,Primary,Single Family,Servicer_A,Current,0,0,0,0,,2021-12-01,Ellie Mae,Missing Items,Current,0,0,0,0,0,
LN0002423,7,2022-01,2021-06,7,353,141364.0,139840.6,3.678,740-779,<60%,<20%,MD,Cash-Out Refinance,Primary,Single Family,Servicer_A,Current,0,0,0,0,,2022-01-01,Ellie Mae,Missing Items,Current,0,0,0,0,0,
LN0002423,8,2022-02,2021-06,8,352,141364.0,139620.29,3.678,740-779,<60%,<20%,MD,Cash-Out Refinance,Primary,Single Family,Servicer_A,Current,0,0,0,0,,2022-02-01,Ellie Mae,Missing Items,Current,0,0,0,0,0,
LN0002423,9,2022-03,2021-06,9,351,141364.0,139399.31,3.678,740-779,<60%,<20%,MD,Cash-Out Refinance,Primary,Single Family,Servicer_A,Current,0,0,0,0,,2022-03-01,Ellie Mae,Missing Items,Current,0,0,0,0,0,
LN0002423,10,2022-04,2021-06,10,350,141364.0,139177.65,3.678,740-779,<60%,<20%,MD,Cash-Out Refinance,Primary,Single Family,Servicer_A,Current,0,0,0,0,,2022-04-01,Ellie Mae,Missing Items,Current,0,0,0,0,0,
LN0002423,11,2022-05,2021-06,11,349,141364.0,138955.32,3.678,740-779,<60%,<20%,MD,Cash-Out Refinance,Primary,Single Family,Servicer_A,Current,0,0,0,0,,2022-05-01,Ellie Mae,Missing Items,Current,0,0,0,0,0,
LN0002423,12,2022-06,2021-06,12,348,141364.0,138732.3,3.678,740-779,<60%,<20%,MD,Cash-Out Refinance,Primary,Single Family,Servicer_A,Current,0,0,0,0,,2022-06-01,Ellie Mae,Missing Items,Current,0,0,0,0,0,
LN0002423,13,2022-07,2021-06,13,347,141364.0,138508.6,3.678,740-779,<60%,<20%,MD,Cash-Out Refinance,Primary,Single Family,Servicer_A,Current,0,0,0,0,,2022-07-01,Ellie Mae,Missing Items,Current,0,0,0,0,0,
LN0002423,14,2022-08,2021-06,14,346,141364.0,138284.21,3.678,740-779,<60%,<20%,MD,Cash-Out Refinance,Primary,Single Family,Servicer_A,Current,0,0,0,0,,2022-08-01,Ellie Mae,Missing Items,Current,0,0,0,0,0,
LN0002423,15,2022-09,2021-06,15,345,141364.0,138059.13,3.678,740-779,<60%,<20%,MD,Cash-Out Refinance,Primary,Single Family,Servicer_A,Current,0,0,0,0,,2022-09-01,Ellie Mae,Missing Items,Current,0,0,0,0,0,
LN0002423,16,2022-10,2021-06,16,344,141364.0,137833.37,3.678,740-779,<60%,<20%,MD,Cash-Out Refinance,Primary,Single Family,Servicer_A,Current,0,0,0,0,,2022-10-01,Ellie Mae,Missing Items,Current,0,0,0,0,0,
LN0002423,17,2022-11,2021-06,17,343,141364.0,137606.91,3.678,740-779,<60%,<20%,MD,Cash-Out Refinance,Primary,Single Family,Servicer_A,Current,0,0,0,0,,2022-11-01,Ellie Mae,Missing Items,Current,0,0,0,0,0,
LN0002423,18,2022-12,2021-06,18,342,141364.0,137379.76,3.678,740-779,<60%,<20%,MD,Cash-Out Refinance,Primary,Single Family,Servicer_A,Current,0,0,0,0,,2022-12-01,Ellie Mae,Missing Items,Current,0,0,0,0,0,
LN0002427,1,2022-12,2022-11,1,359,271642.0,271114.74,2.27,700-739,70-80%,28-36%,MI,Cash-Out Refinance,Second Home,Single Family,Servicer_A,Current,0,0,0,0,,2022-12-01,Ellie Mae,Missing Items,Current,0,0,0,0,0,
LN0002433,1,2021-02,2021-01,1,179,61884.0,61645.54,4.645,700-739,80-90%,20-28%,IN,Home Improvement,Investment,Single Family,Servicer_B,Current,0,0,0,0,,2021-02-01,CoreLogic,Complete,Current,0,0,0,0,0,
LN0002433,2,2021-03,2021-01,2,178,61884.0,61406.15,4.645,700-739,80-90%,20-28%,IN,Home Improvement,Investment,Single Family,Servicer_B,Current,0,0,0,0,,2021-03-01,CoreLogic,Complete,Current,0,0,0,0,0,
LN0002433,3,2021-04,2021-01,3,177,61884.0,61165.83,4.645,700-739,80-90%,20-28%,IN,Home Improvement,Investment,Single Family,Servicer_B,Current,0,0,0,0,,2021-04-01,CoreLogic,Complete,Current,0,0,0,0,0,
LN0002433,4,2021-05,2021-01,4,176,61884.0,60924.59,4.645,700-739,80-90%,20-28%,IN,Home Improvement,Investment,Single Family,Servicer_B,Current,0,0,0,0,,2021-05-01,CoreLogic,Complete,Current,0,0,0,0,0,
LN0002433,5,2021-06,2021-01,5,175,61884.0,60682.41,4.645,700-739,80-90%,20-28%,IN,Home Improvement,Investment,Single Family,Servicer_B,Current,0,0,0,0,,2021-06-01,CoreLogic,Complete,Current,0,0,0,0,0,
LN0002433,6,2021-07,2021-01,6,174,61884.0,60439.29,4.645,700-739,80-90%,20-28%,IN,Home Improvement,Investment,Single Family,Servicer_B,Current,0,0,0,0,,2021-07-01,CoreLogic,Complete,Current,0,0,0,0,0,
LN0002433,7,2021-08,2021-01,7,173,61884.0,60195.24,4.645,700-739,80-90%,20-28%,IN,Home Improvement,Investment,Single Family,Servicer_B,Current,0,0,0,0,,2021-08-01,CoreLogic,Complete,Current,0,0,0,0,0,
LN0002433,8,2021-09,2021-01,8,172,61884.0,59950.24,4.645,700-739,80-90%,20-28%,IN,Home Improvement,Investment,Single Family,Servicer_B,Current,0,0,0,0,,2021-09-01,CoreLogic,Complete,Current,0,0,0,0,0,
LN0002433,9,2021-10,2021-01,9,171,61884.0,59704.29,4.645,700-739,80-90%,20-28%,IN,Home Improvement,Investment,Single Family,Servicer_B,Current,0,0,0,0,,2021-10-01,CoreLogic,Complete,Current,0,0,0,0,0,
LN0002433,10,2021-11,2021-01,10,170,61884.0,59457.38,4.645,700-739,80-90%,20-28%,IN,Home Improvement,Investment,Single Family,Servicer_B,Current,0,0,0,0,,2021-11-01,CoreLogic,Complete,Current,0,0,0,0,0,
LN0002433,11,2021-12,2021-01,11,169,61884.0,59209.53,4.645,700-739,80-90%,20-28%,IN,Home Improvement,Investment,Single Family,Servicer_B,Current,0,0,0,0,,2021-12-01,CoreLogic,Complete,Current,0,0,0,0,0,
LN0002433,12,2022-01,2021-01,12,168,61884.0,58960.71,4.645,700-739,80-90%,20-28%,IN,Home Improvement,Investment,Single Family,Servicer_B,Current,0,0,0,0,,2022-01-01,CoreLogic,Complete,Current,0,0,0,0,0,
LN0002433,13,2022-02,2021-01,13,167,61884.0,58710.93,4.645,700-739,80-90%,20-28%,IN,Home Improvement,Investment,Single Family,Servicer_B,Current,0,0,0,0,,2022-02-01,CoreLogic,Complete,Current,0,0,0,0,0,
LN0002433,14,2022-03,2021-01,14,166,61884.0,58460.18,4.645,700-739,80-90%,20-28%,IN,Home Improvement,Investment,Single Family,Servicer_B,Current,0,0,0,0,,2022-03-01,CoreLogic,Complete,Current,0,0,0,0,0,
LN0002433,15,2022-04,2021-01,15,165,61884.0,58208.46,4.645,700-739,80-90%,20-28%,IN,Home Improvement,Investment,Single Family,Servicer_B,Current,0,0,0,0,,2022-04-01,CoreLogic,Complete,Current,0,0,0,0,0,
LN0002433,16,2022-05,2021-01,16,164,61884.0,57955.77,4.645,700-739,80-90%,20-28%,IN,Home Improvement,Investment,Single Family,Servicer_B,Current,0,0,0,0,,2022-05-01,CoreLogic,Complete,Current,0,0,0,0,0,
LN0002433,17,2022-06,2021-01,17,163,61884.0,57702.1,4.645,700-739,80-90%,20-28%,IN,Home Improvement,Investment,Single Family,Servicer_B,Current,0,0,0,0,,2022-06-01,CoreLogic,Complete,Current,0,0,0,0,0,
LN0002433,18,2022-07,2021-01,18,162,61884.0,57447.45,4.645,700-739,80-90%,20-28%,IN,Home Improvement,Investment,Single Family,Servicer_B,Current,0,0,0,0,,2022-07-01,CoreLogic,Complete,Current,0,0,0,0,0,
LN0002433,19,2022-08,2021-01,19,161,61884.0,57191.81,4.645,700-739,80-90%,20-28%,IN,Home Improvement,Investment,Single Family,Servicer_B,Current,0,0,0,0,,2022-08-01,CoreLogic,Complete,Current,0,0,0,0,0,
LN0002433,20,2022-09,2021-01,20,160,61884.0,56935.19,4.645,700-739,80-90%,20-28%,IN,Home Improvement,Investment,Single Family,Servicer_B,Current,0,0,0,0,,2022-09-01,CoreLogic,Complete,Current,0,0,0,0,0,
LN0002433,21,2022-10,2021-01,21,159,61884.0,56677.56,4.645,700-739,80-90%,20-28%,IN,Home Improvement,Investment,Single Family,Servicer_B,Current,0,0,0,0,,2022-10-01,CoreLogic,Complete,Current,0,0,0,0,0,
LN0002433,22,2022-11,2021-01,22,158,61884.0,56418.95,4.645,700-739,80-90%,20-28%,IN,Home Improvement,Investment,Single Family,Servicer_B,Current,0,0,0,0,,2022-11-01,CoreLogic,Complete,Current,0,0,0,0,0,
LN0002433,23,2022-12,2021-01,23,157,61884.0,56159.33,4.645,700-739,80-90%,20-28%,IN,Home Improvement,Investment,Single Family,Servicer_B,Current,0,0,0,0,,2022-12-01,CoreLogic,Complete,Current,0,0,0,0,0,
LN0002439,1,2020-11,2020-10,1,359,130789.0,130553.16,2.709,700-739,70-80%,28-36%,MO,Refinance,Investment,Manufactured,Servicer_B,Current,0,0,0,0,,2020-11-01,Ellie Mae,Missing Items,Current,0,0,0,0,0,
LN0002439,2,2020-12,2020-10,2,358,130789.0,130316.78,2.709,700-739,70-80%,28-36%,MO,Refinance,Investment,Manufactured,Servicer_B,Current,0,0,0,0,,2020-12-01,Ellie Mae,Missing Items,Current,0,0,0,0,0,
LN0002439,3,2021-01,2020-10,3,357,130789.0,130079.87,2.709,700-739,70-80%,28-36%,MO,Refinance,Investment,Manufactured,Servicer_B,Current,0,0,0,0,,2021-01-01,Ellie Mae,Missing Items,Current,0,0,0,0,0,
LN0002439,4,2021-02,2020-10,4,356,130789.0,129842.43,2.709,700-739,70-80%,28-36%,MO,Refinance,Investment,Manufactured,Servicer_B,Current,0,0,0,0,,2021-02-01,Ellie Mae,Missing Items,Current,0,0,0,0,0,
LN0002439,5,2021-03,2020-10,5,355,130789.0,129604.45,2.709,700-739,70-80%,28-36%,MO,Refinance,Investment,Manufactured,Servicer_B,Current,0,0,0,0,,2021-03-01,Ellie Mae,Missing Items,Current,0,0,0,0,0,
LN0002439,6,2021-04,2020-10,6,354,130789.0,129365.94,2.709,700-739,70-80%,28-36%,MO,Refinance,Investment,Manufactured,Servicer_B,Current,0,0,0,0,,2021-04-01,Ellie Mae,Missing Items,Current,0,0,0,0,0,
LN0002439,7,2021-05,2020-10,7,353,130789.0,284079.14,2.709,700-739,70-80%,28-36%,MO,Refinance,Investment,Manufactured,Servicer_B,Current,0,0,0,0,,2021-05-01,Ellie Mae,Missing Items,Current,0,0,0,0,1,Valuation Discrepancy
LN0002439,8,2021-06,2020-10,8,352,130789.0,128887.29,2.709,700-739,70-80%,28-36%,MO,Refinance,Investment,Manufactured,Servicer_B,Current,0,0,0,0,,2021-06-01,Ellie Mae,Missing Items,Current,0,0,0,0,0,
LN0002439,9,2021-07,2020-10,9,351,130789.0,128647.15,2.709,700-739,70-80%,28-36%,MO,Refinance,Investment,Manufactured,Servicer_B,Current,0,0,0,0,,2021-07-01,Ellie Mae,Missing Items,Current,0,0,0,0,0,
LN0002439,10,2021-08,2020-10,10,350,130789.0,128406.47,2.709,700-739,70-80%,28-36%,MO,Refinance,Investment,Manufactured,Servicer_B,Current,0,0,0,0,,2021-08-01,Ellie Mae,Missing Items,Current,0,0,0,0,0,
LN0002439,11,2021-09,2020-10,11,349,130789.0,128165.25,2.709,700-739,70-80%,28-36%,MO,Refinance,Investment,Manufactured,Servicer_B,Current,0,0,0,0,,2021-09-01,Ellie Mae,Missing Items,Current,0,0,0,0,0,
LN0002439,12,2021-10,2020-10,12,348,130789.0,127923.49,2.709,700-739,70-80%,28-36%,MO,Refinance,Investment,Manufactured,Servicer_B,Current,0,0,0,0,,2021-10-01,Ellie Mae,Missing Items,Current,0,0,0,0,0,
LN0002439,13,2021-11,2020-10,13,347,130789.0,127681.18,2.709,700-739,70-80%,28-36%,MO,Refinance,Investment,Manufactured,Servicer_B,Current,0,0,0,0,,2021-11-01,Ellie Mae,Missing Items,Current,0,0,0,0,0,
LN0002439,14,2021-12,2020-10,14,346,130789.0,127438.32,2.709,700-739,70-80%,28-36%,MO,Refinance,Investment,Manufactured,Servicer_B,Current,0,0,0,0,,2021-12-01,Ellie Mae,Missing Items,Current,0,0,0,0,0,
LN0002439,15,2022-01,2020-10,15,345,130789.0,127194.91,2.709,700-739,70-80%,28-36%,MO,Refinance,Investment,Manufactured,Servicer_B,Current,0,0,0,0,,2022-01-01,Ellie Mae,Missing Items,Current,0,0,0,0,0,
LN0002439,16,2022-02,2020-10,16,344,130789.0,126950.96,2.709,700-739,70-80%,28-36%,MO,Refinance,Investment,Manufactured,Servicer_B,Current,0,0,0,0,,2022-02-01,Ellie Mae,Missing Items,Current,0,0,0,0,0,
LN0002439,17,2022-03,2020-10,17,343,130789.0,126706.45,2.709,700-739,70-80%,28-36%,MO,Refinance,Investment,Manufactured,Servicer_B,Current,0,0,0,0,,2022-03-01,Ellie Mae,Missing Items,Current,0,0,0,0,0,
LN0002439,18,2022-04,2020-10,18,342,130789.0,126461.39,2.709,700-739,70-80%,28-36%,MO,Refinance,Investment,Manufactured,Servicer_B,Current,0,0,0,0,,2022-04-01,Ellie Mae,Missing Items,Current,0,0,0,0,0,
LN0002439,19,2022-05,2020-10,19,341,130789.0,126215.78,2.709,700-739,70-80%,28-36%,MO,Refinance,Investment,Manufactured,Servicer_B,Current,0,0,0,0,,2022-05-01,Ellie Mae,Missing Items,Current,0,0,0,0,0,
LN0002439,20,2022-06,2020-10,20,340,130789.0,125969.61,2.709,700-739,70-80%,28-36%,MO,Refinance,Investment,Manufactured,Servicer_B,Current,0,0,0,0,,2022-06-01,Ellie Mae,Missing Items,Current,0,0,0,0,0,
LN0002439,21,2022-07,2020-10,21,339,130789.0,125722.89,2.709,700-739,70-80%,28-36%,MO,Refinance,Investment,Manufactured,Servicer_B,Current,0,0,0,0,,2022-07-01,Ellie Mae,Missing Items,Current,0,0,0,0,0,
LN0002439,22,2022-08,2020-10,22,338,130789.0,125475.61,2.709,700-739,70-80%,28-36%,MO,Refinance,Investment,Manufactured,Servicer_B,Current,0,0,0,0,,2022-08-01,Ellie Mae,Missing Items,Current,0,0,0,0,0,
LN0002439,23,2022-09,2020-10,23,337,130789.0,125227.77,2.709,700-739,70-80%,28-36%,MO,Refinance,Investment,Manufactured,Servicer_B,Current,0,0,0,0,,2022-09-01,Ellie Mae,Missing Items,Current,0,0,0,0,0,
LN0002439,24,2022-10,2020-10,24,336,130789.0,124979.38,2.709,700-739,70-80%,28-36%,MO,Refinance,Investment,Manufactured,Servicer_B,Current,0,0,0,0,,2022-10-01,Ellie Mae,Missing Items,Current,0,0,0,0,0,
LN0002439,25,2022-11,2020-10,25,335,130789.0,124730.42,2.709,700-739,70-80%,28-36%,MO,Refinance,Investment,Manufactured,Servicer_B,Current,0,0,0,0,,2022-11-01,Ellie Mae,Missing Items,Current,0,0,0,0,0,
LN0002439,26,2022-12,2020-10,26,334,130789.0,124480.9,2.709,700-739,70-80%,28-36%,MO,Refinance,Investment,Manufactured,Servicer_B,Current,0,0,0,0,,2022-12-01,Ellie Mae,Missing Items,Current,0,0,0,0,0,
LN0002463,1,2022-06,2022-05,1,359,191332.0,191057.11,4.016,780+,90-95%,>43%,PA,Purchase,Primary,Single Family,Servicer_D,Current,0,0,0,0,,2022-06-01,Ellie Mae,Missing Items,Current,0,0,0,0,0,
LN0002463,2,2022-07,2022-05,2,358,191332.0,190781.3,4.016,780+,90-95%,>43%,PA,Purchase,Primary,Single Family,Servicer_D,Current,0,0,0,0,,2022-07-01,Ellie Mae,Missing Items,Current,0,0,0,0,0,
LN0002463,3,2022-08,2022-05,3,357,191332.0,190504.57,4.016,780+,90-95%,>43%,PA,Purchase,Primary,Single Family,Servicer_D,Current,0,0,0,0,,2022-08-01,Ellie Mae,Missing Items,Current,0,0,0,0,0,
LN0002463,4,2022-09,2022-05,4,356,191332.0,190226.91,4.016,780+,90-95%,>43%,PA,Purchase,Primary,Single Family,Servicer_D,Current,0,0,0,0,,2022-09-01,Ellie Mae,Missing Items,Current,0,0,0,0,0,
LN0002463,5,2022-10,2022-05,5,355,191332.0,189948.32,4.016,780+,90-95%,>43%,PA,Purchase,Primary,Single Family,Servicer_D,Current,0,0,0,0,,2022-10-01,Ellie Mae,Missing Items,Current,0,0,0,0,0,
LN0002463,6,2022-11,2022-05,6,354,191332.0,189668.8,4.016,780+,90-95%,>43%,PA,Purchase,Primary,Single Family,Servicer_D,Current,371,0,0,0,,2022-11-01,Ellie Mae,Missing Items,Current,0,0,0,0,0,
LN0002463,7,2022-12,2022-05,7,353,191332.0,189388.35,4.016,780+,90-95%,>43%,PA,Purchase,Primary,Single Family,Servicer_D,Current,0,0,0,0,,2022-12-01,Ellie Mae,Missing Items,Current,0,0,0,0,0,
LN0002480,1,2021-11,2021-10,1,359,250036.0,249643.67,3.517,620-659,90-95%,28-36%,PA,Refinance,Primary,Single Family,Servicer_A,Current,0,0,0,0,,2021-11-01,Encompass,Under Exception,Current,0,0,0,0,0,
LN0002480,2,2021-12,2021-10,2,358,250036.0,249250.18,3.517,620-659,90-95%,28-36%,PA,Refinance,Primary,Single Family,Servicer_A,Current,0,0,0,0,,2021-12-01,Encompass,Under Exception,Current,0,0,0,0,0,
LN0002480,3,2022-01,2021-10,3,357,250036.0,248855.55,3.517,620-659,90-95%,28-36%,PA,Refinance,Primary,Single Family,Servicer_A,Current,0,0,0,0,,2022-01-01,Encompass,Under Exception,Current,0,0,0,0,0,
LN0002480,4,2022-02,2021-10,4,356,250036.0,248459.75,3.517,620-659,90-95%,28-36%,PA,Refinance,Primary,Single Family,Servicer_A,Current,0,0,0,0,,2022-02-01,Encompass,Under Exception,Current,0,0,0,0,0,
LN0002480,5,2022-03,2021-10,5,355,250036.0,248062.8,3.517,620-659,90-95%,28-36%,PA,Refinance,Primary,Single Family,Servicer_A,Current,0,0,0,0,,2022-03-01,Encompass,Under Exception,Current,0,0,0,0,0,
LN0002480,6,2022-04,2021-10,6,354,250036.0,247664.68,3.517,620-659,90-95%,28-36%,PA,Refinance,Primary,Single Family,Servicer_A,Current,0,0,0,0,,2022-04-01,Encompass,Under Exception,Current,0,0,0,0,0,
LN0002480,7,2022-05,2021-10,7,353,250036.0,247265.4,3.517,620-659,90-95%,28-36%,PA,Refinance,Primary,Single Family,Servicer_A,Current,0,0,0,0,,2022-05-01,Encompass,Under Exception,Current,0,0,0,0,0,
LN0002480,8,2022-06,2021-10,8,352,250036.0,246864.95,3.517,620-659,90-95%,28-36%,PA,Refinance,Primary,Single Family,Servicer_A,Current,0,0,0,0,,2022-06-01,Encompass,Under Exception,Current,0,0,0,0,0,
LN0002480,9,2022-07,2021-10,9,351,250036.0,246463.32,3.517,620-659,90-95%,28-36%,PA,Refinance,Primary,Single Family,Servicer_A,Current,0,0,0,0,,2022-07-01,Encompass,Under Exception,Current,0,0,0,0,0,
LN0002480,10,2022-08,2021-10,10,350,250036.0,246060.51,3.517,620-659,90-95%,28-36%,PA,Refinance,Primary,Single Family,Servicer_A,Current,0,0,0,0,,2022-08-01,Encompass,Under Exception,Current,0,0,0,0,0,
LN0002480,11,2022-09,2021-10,11,349,250036.0,245656.53,3.517,620-659,90-95%,28-36%,PA,Refinance,Primary,Single Family,Servicer_A,Current,0,0,0,0,,2022-09-01,Encompass,Under Exception,Current,0,0,0,0,0,
LN0002480,12,2022-10,2021-10,12,348,250036.0,245251.36,3.517,620-659,90-95%,28-36%,PA,Refinance,Primary,Single Family,Servicer_A,Current,0,0,0,0,,2022-10-01,Encompass,Under Exception,Current,0,0,0,0,0,
LN0002480,13,2022-11,2021-10,13,347,250036.0,244845.0,3.517,620-659,90-95%,28-36%,PA,Refinance,Primary,Single Family,Servicer_A,Current,0,0,0,0,,2022-11-01,Encompass,Under Exception,Current,0,0,0,0,0,
LN0002480,14,2022-12,2021-10,14,346,250036.0,244437.46,3.517,620-659,90-95%,28-36%,PA,Refinance,Primary,Single Family,Servicer_A,Current,0,0,0,0,,2022-12-01,Encompass,Under Exception,Current,0,0,0,0,0,
LN0002538,1,2022-11,2022-10,1,179,205089.0,204310.3,4.823,700-739,60-70%,<20%,OH,Purchase,Primary,Manufactured,Servicer_E,Current,0,0,0,0,,2022-11-01,Black Knight,Pending Review,Current,0,0,0,0,0,
LN0002538,2,2022-12,2022-10,2,178,205089.0,203528.48,4.823,700-739,60-70%,<20%,OH,Purchase,Primary,Manufactured,Servicer_E,Current,0,0,0,0,,2022-12-01,Black Knight,Pending Review,Current,0,0,0,0,0,
LN0002574,1,2020-10,2020-09,1,359,125718.0,125527.74,3.723,660-699,60-70%,28-36%,TN,Cash-Out Refinance,Second Home,Single Family,Servicer_E,Current,0,0,0,0,,2020-10-01,Black Knight,Pending Review,Current,0,0,0,0,0,
LN0002574,2,2020-11,2020-09,2,358,125718.0,125336.9,3.723,660-699,60-70%,28-36%,TN,Cash-Out Refinance,Second Home,Single Family,Servicer_E,Current,0,0,0,0,,2020-11-01,Black Knight,Pending Review,Current,0,0,0,0,0,
LN0002574,3,2020-12,2020-09,3,357,125718.0,125145.46,3.723,660-699,60-70%,28-36%,TN,Cash-Out Refinance,Second Home,Single Family,Servicer_E,Current,0,0,0,0,,2020-12-01,Black Knight,Pending Review,Current,0,0,0,0,0,
LN0002574,4,2021-01,2020-09,4,356,125718.0,124953.43,3.723,660-699,60-70%,28-36%,TN,Cash-Out Refinance,Second Home,Single Family,Servicer_E,Current,0,0,0,0,,2021-01-01,Black Knight,Pending Review,Current,0,0,0,0,0,
LN0002574,5,2021-02,2020-09,5,355,125718.0,124760.8,3.723,660-699,60-70%,28-36%,TN,Cash-Out Refinance,Second Home,Single Family,Servicer_E,Current,0,0,0,0,,2021-02-01,Black Knight,Pending Review,Current,0,0,0,0,0,
LN0002574,6,2021-03,2020-09,6,354,125718.0,124567.58,3.723,660-699,60-70%,28-36%,TN,Cash-Out Refinance,Second Home,Single Family,Servicer_E,Current,0,0,0,0,,2021-03-01,Black Knight,Pending Review,Current,0,0,0,0,0,
LN0002574,7,2021-04,2020-09,7,353,125718.0,124373.75,3.723,660-699,60-70%,28-36%,TN,Cash-Out Refinance,Second Home,Single Family,Servicer_E,Current,0,0,0,0,,2021-04-01,Black Knight,Pending Review,Current,0,0,0,0,0,
LN0002574,8,2021-05,2020-09,8,352,125718.0,124179.33,3.723,660-699,60-70%,28-36%,TN,Cash-Out Refinance,Second Home,Single Family,Servicer_E,Current,0,0,0,0,,2021-05-01,Black Knight,Pending Review,Current,0,0,0,0,0,
LN0002574,9,2021-06,2020-09,9,351,125718.0,123984.3,3.723,660-699,60-70%,28-36%,TN,Cash-Out Refinance,Second Home,Single Family,Servicer_E,Current,0,0,0,0,,2021-06-01,Black Knight,Pending Review,Current,0,0,0,0,0,
LN0002574,10,2021-07,2020-09,10,350,125718.0,123788.67,3.723,660-699,60-70%,28-36%,TN,Cash-Out Refinance,Second Home,Single Family,Servicer_E,Current,0,0,0,0,,2021-07-01,Black Knight,Pending Review,Current,0,0,0,0,0,
LN0002574,11,2021-08,2020-09,11,349,125718.0,123592.42,3.723,660-699,60-70%,28-36%,TN,Cash-Out Refinance,Second Home,Single Family,Servicer_E,Current,0,0,0,0,,2021-08-01,Black Knight,Pending Review,Current,0,0,0,0,0,
LN0002574,12,2021-09,2020-09,12,348,125718.0,123395.58,3.723,660-699,60-70%,28-36%,TN,Cash-Out Refinance,Second Home,Single Family,Servicer_E,Current,0,0,0,0,,2021-09-01,Black Knight,Pending Review,Current,0,0,0,0,0,
LN0002574,13,2021-10,2020-09,13,347,125718.0,123198.11,3.723,660-699,60-70%,28-36%,TN,Cash-Out Refinance,Second Home,Single Family,Servicer_E,Current,0,0,0,0,,2021-10-01,Black Knight,Pending Review,Current,0,0,0,0,0,
LN0002574,14,2021-11,2020-09,14,346,125718.0,123000.04,3.723,660-699,60-70%,28-36%,TN,Cash-Out Refinance,Second Home,Single Family,Servicer_E,Current,0,0,0,0,,2021-11-01,Black Knight,Pending Review,Current,0,0,0,0,0,
LN0002574,15,2021-12,2020-09,15,345,125718.0,122801.35,3.723,660-699,60-70%,28-36%,TN,Cash-Out Refinance,Second Home,Single Family,Servicer_E,Current,0,0,0,0,,2021-12-01,Black Knight,Pending Review,Current,0,0,0,0,0,
LN0002574,16,2022-01,2020-09,16,344,125718.0,122602.05,3.723,660-699,60-70%,28-36%,TN,Cash-Out Refinance,Second Home,Single Family,Servicer_E,Current,0,0,0,0,,2022-01-01,Black Knight,Pending Review,Current,0,0,0,0,0,
LN0002574,17,2022-02,2020-09,17,343,125718.0,122402.13,3.723,660-699,60-70%,28-36%,TN,Cash-Out Refinance,Second Home,Single Family,Servicer_E,Current,0,0,0,0,,2022-02-01,Black Knight,Pending Review,Current,0,0,0,0,0,
LN0002574,18,2022-03,2020-09,18,342,125718.0,122201.58,3.723,660-699,60-70%,28-36%,TN,Cash-Out Refinance,Second Home,Single Family,Servicer_E,Current,0,0,0,0,,2022-03-01,Black Knight,Pending Review,Current,0,0,0,0,0,
LN0002574,19,2022-04,2020-09,19,341,125718.0,122000.42,3.723,660-699,60-70%,28-36%,TN,Cash-Out Refinance,Second Home,Single Family,Servicer_E,Current,0,0,0,0,,2022-04-01,Black Knight,Pending Review,Current,0,0,0,0,0,
LN0002574,20,2022-05,2020-09,20,340,125718.0,121798.63,3.723,660-699,60-70%,28-36%,TN,Cash-Out Refinance,Second Home,Single Family,Servicer_E,Current,0,0,0,0,,2022-05-01,Black Knight,Pending Review,Current,0,0,0,0,0,
LN0002574,21,2022-06,2020-09,21,339,125718.0,121596.22,3.723,660-699,60-70%,28-36%,TN,Cash-Out Refinance,Second Home,Single Family,Servicer_E,Current,0,0,0,0,,2022-06-01,Black Knight,Pending Review,Current,0,0,0,0,0,
LN0002574,22,2022-07,2020-09,22,338,125718.0,121393.17,3.723,660-699,60-70%,28-36%,TN,Cash-Out Refinance,Second Home,Single Family,Servicer_E,Current,0,0,0,0,,2022-07-01,Black Knight,Pending Review,Current,0,0,0,0,0,
LN0002574,23,2022-08,2020-09,23,337,125718.0,121189.5,3.723,660-699,60-70%,28-36%,TN,Cash-Out Refinance,Second Home,Single Family,Servicer_E,Current,0,0,0,0,,2022-08-01,Black Knight,Pending Review,Current,0,0,0,0,0,
LN0002574,24,2022-09,2020-09,24,336,125718.0,120985.2,3.723,660-699,60-70%,28-36%,TN,Cash-Out Refinance,Second Home,Single Family,Servicer_E,Current,0,0,0,0,,2022-09-01,Black Knight,Pending Review,Current,0,0,0,0,0,
LN0002574,25,2022-10,2020-09,25,335,125718.0,120780.26,3.723,660-699,60-70%,28-36%,TN,Cash-Out Refinance,Second Home,Single Family,Servicer_E,Current,0,0,0,0,,2022-10-01,Black Knight,Pending Review,Current,0,0,0,0,0,
LN0002574,26,2022-11,2020-09,26,334,125718.0,120574.68,3.723,660-699,60-70%,28-36%,TN,Cash-Out Refinance,Second Home,Single Family,Servicer_E,Current,0,0,0,0,,2022-11-01,Black Knight,Pending Review,Current,0,0,0,0,0,
LN0002574,27,2022-12,2020-09,27,333,125718.0,120368.47,3.723,660-699,60-70%,28-36%,TN,Cash-Out Refinance,Second Home,Single Family,Servicer_E,Current,0,0,0,0,,2022-12-01,Black Knight,Pending Review,Current,0,0,0,0,0,
LN0002582,1,2021-05,2021-04,1,359,89042.0,88974.34,7.382,740-779,90-95%,20-28%,WA,Purchase,Primary,Single Family,Servicer_C,Current,0,0,0,0,,2021-05-01,Black Knight,Pending Review,Current,0,0,0,0,0,
LN0002582,2,2021-06,2021-04,2,358,89042.0,88906.27,7.382,740-779,90-95%,20-28%,WA,Purchase,Primary,Single Family,Servicer_C,Current,0,0,0,0,,2021-06-01,Black Knight,Pending Review,Current,0,0,0,0,0,
LN0002582,3,2021-07,2021-04,3,357,89042.0,88837.77,7.382,740-779,90-95%,20-28%,WA,Purchase,Primary,Single Family,Servicer_C,Current,0,0,0,0,,2021-07-01,Black Knight,Pending Review,Current,0,0,0,0,0,
LN0002582,4,2021-08,2021-04,4,356,89042.0,88768.86,7.382,740-779,90-95%,20-28%,WA,Purchase,Primary,Single Family,Servicer_C,Current,0,0,0,0,,2021-08-01,Black Knight,Pending Review,Current,0,0,0,0,0,
LN0002582,5,2021-09,2021-04,5,355,89042.0,88699.52,7.382,740-779,90-95%,20-28%,WA,Purchase,Primary,Single Family,Servicer_C,Current,0,0,0,0,,2021-09-01,Black Knight,Pending Review,Current,0,0,0,0,0,
LN0002582,6,2021-10,2021-04,6,354,89042.0,88629.75,7.382,740-779,90-95%,20-28%,WA,Purchase,Primary,Single Family,Servicer_C,Current,0,0,0,0,,2021-10-01,Black Knight,Pending Review,Current,0,0,0,0,0,
LN0002582,7,2021-11,2021-04,7,353,89042.0,88559.56,7.382,740-779,90-95%,20-28%,WA,Purchase,Primary,Single Family,Servicer_C,Current,0,0,0,0,,2021-11-01,Black Knight,Pending Review,Current,0,0,0,0,0,
LN0002582,8,2021-12,2021-04,8,352,89042.0,88488.93,7.382,740-779,90-95%,20-28%,WA,Purchase,Primary,Single Family,Servicer_C,Current,0,0,0,0,,2021-12-01,Black Knight,Pending Review,Current,0,0,0,0,0,
LN0002582,9,2022-01,2021-04,9,351,89042.0,88417.87,7.382,740-779,90-95%,20-28%,WA,Purchase,Primary,Single Family,Servicer_C,Current,0,0,0,0,,2022-01-01,Black Knight,Pending Review,Current,0,0,0,0,0,
LN0002582,10,2022-02,2021-04,10,350,89042.0,88346.37,7.382,740-779,90-95%,20-28%,WA,Purchase,Primary,Single Family,Servicer_C,Current,0,0,0,0,,2022-02-01,Black Knight,Pending Review,Current,0,0,0,0,0,
LN0002582,11,2022-03,2021-04,11,349,89042.0,88274.43,7.382,740-779,90-95%,20-28%,WA,Purchase,Primary,Single Family,Servicer_C,Current,0,0,0,0,,2022-03-01,Black Knight,Pending Review,Current,0,0,0,0,0,
LN0002582,12,2022-04,2021-04,12,348,89042.0,88202.05,7.382,740-779,90-95%,20-28%,WA,Purchase,Primary,Single Family,Servicer_C,Current,0,0,0,0,,2022-04-01,Black Knight,Pending Review,Current,0,0,0,0,0,
LN0002582,13,2021-02,2021-04,13,347,89042.0,88129.22,7.382,740-779,90-95%,20-28%,WA,Purchase,Primary,Single Family,Servicer_C,Current,0,0,0,0,,2022-05-01,Black Knight,Pending Review,Current,0,0,0,0,1,Date Anomaly
LN0002582,14,2022-06,2021-04,14,346,89042.0,88055.95,7.382,740-779,90-95%,20-28%,WA,Purchase,Primary,Single Family,Servicer_C,Current,0,0,0,0,,2022-06-01,Black Knight,Pending Review,Current,0,0,0,0,0,
LN0002582,15,2022-07,2021-04,15,345,89042.0,87982.22,7.382,740-779,90-95%,20-28%,WA,Purchase,Primary,Single Family,Servicer_C,Current,0,0,0,0,,2022-07-01,Black Knight,Pending Review,Current,0,0,0,0,0,
LN0002582,16,2022-08,2021-04,16,344,89042.0,87908.05,7.382,740-779,90-95%,20-28%,WA,Purchase,Primary,Single Family,Servicer_C,Current,0,0,0,0,,2022-08-01,Black Knight,Pending Review,Current,0,0,0,0,0,
LN0002582,17,2022-09,2021-04,17,343,89042.0,87833.41,7.382,740-779,90-95%,20-28%,WA,Purchase,Primary,Single Family,Servicer_C,Current,0,0,0,0,,2022-09-01,Black Knight,Pending Review,Current,0,0,0,0,0,
LN0002582,18,2022-10,2021-04,18,342,89042.0,87758.32,7.382,740-779,90-95%,20-28%,WA,Purchase,Primary,Single Family,Servicer_C,Current,0,0,0,0,,2022-10-01,Black Knight,Pending Review,Current,0,0,0,0,0,
LN0002582,19,2022-11,2021-04,19,341,89042.0,87682.76,7.382,740-779,90-95%,20-28%,WA,Purchase,Primary,Single Family,Servicer_C,Current,0,0,0,0,,2022-11-01,Black Knight,Pending Review,Current,0,0,0,0,0,
LN0002582,20,2022-12,2021-04,20,340,89042.0,87606.74,7.382,740-779,90-95%,20-28%,WA,Purchase,Primary,Single Family,Servicer_C,Current,0,0,0,0,,2022-12-01,Black Knight,Pending Review,Current,0,0,0,0,0,
LN0002596,1,2022-01,2021-12,1,359,143019.0,142845.53,4.949,740-779,>95%,28-36%,OH,Purchase,Investment,Townhouse,Servicer_D,Current,0,0,0,0,,2022-01-01,Encompass,Under Exception,Current,0,0,0,0,0,
LN0002596,2,2022-02,2021-12,2,358,143019.0,142671.34,4.949,740-779,>95%,28-36%,OH,Purchase,Investment,Townhouse,Servicer_D,Current,0,0,0,0,,2022-02-01,Encompass,Under Exception,Current,0,0,0,0,0,
LN0002596,3,2022-03,2021-12,3,357,143019.0,142496.44,4.949,740-779,>95%,28-36%,OH,Purchase,Investment,Townhouse,Servicer_D,Current,0,0,0,0,,2022-03-01,Encompass,Under Exception,Current,0,0,0,0,0,
LN0002596,4,2022-04,2021-12,4,356,143019.0,142320.81,4.949,740-779,>95%,28-36%,OH,Purchase,Investment,Townhouse,Servicer_D,Current,0,0,0,0,,2022-04-01,Encompass,Under Exception,Current,0,0,0,0,0,
LN0002596,5,2022-05,2021-12,5,355,143019.0,142144.46,4.949,740-779,>95%,28-36%,OH,Purchase,Investment,Townhouse,Servicer_D,Current,0,0,0,0,,2022-05-01,Encompass,Under Exception,Current,0,0,0,0,0,
LN0002596,6,2022-06,2021-12,6,354,143019.0,141967.38,4.949,740-779,>95%,28-36%,OH,Purchase,Investment,Townhouse,Servicer_D,Current,0,0,0,0,,2022-06-01,Encompass,Under Exception,Current,0,0,0,0,0,
LN0002596,7,2022-07,2021-12,7,353,143019.0,141789.57,4.949,740-779,>95%,28-36%,OH,Purchase,Investment,Townhouse,Servicer_D,Current,0,0,0,0,,2022-07-01,Encompass,Under Exception,Current,0,0,0,0,0,
LN0002596,8,2022-08,2021-12,8,352,143019.0,141611.03,4.949,740-779,>95%,28-36%,OH,Purchase,Investment,Townhouse,Servicer_D,Current,0,0,0,0,,2022-08-01,Encompass,Under Exception,Current,0,0,0,0,0,
LN0002596,9,2022-09,2021-12,9,351,143019.0,141431.75,4.949,740-779,>95%,28-36%,OH,Purchase,Investment,Townhouse,Servicer_D,Current,0,0,0,0,,2022-09-01,Encompass,Under Exception,Current,0,0,0,0,0,
LN0002596,10,2022-10,2021-12,10,350,143019.0,141251.74,4.949,740-779,>95%,28-36%,OH,Purchase,Investment,Townhouse,Servicer_D,Current,0,0,0,0,,2022-10-01,Encompass,Under Exception,Current,0,0,0,0,0,
LN0002596,11,2022-11,2021-12,11,349,143019.0,141070.98,4.949,740-779,>95%,28-36%,OH,Purchase,Investment,Townhouse,Servicer_D,Current,0,0,0,0,,2022-11-01,Encompass,Under Exception,Current,0,0,0,0,0,
LN0002596,12,2022-12,2021-12,12,348,143019.0,140889.47,4.949,740-779,>95%,28-36%,OH,Purchase,Investment,Townhouse,Servicer_D,Current,0,0,0,0,,2022-12-01,Encompass,Under Exception,Current,0,0,0,0,0,
LN0002611,1,2022-10,2022-09,1,359,112037.0,111907.96,5.228,700-739,70-80%,36-43%,OH,Home Improvement,Investment,Townhouse,Servicer_D,Current,0,0,0,0,,2022-10-01,Ellie Mae,Missing Items,Current,0,0,0,0,0,
LN0002611,2,2022-11,2022-09,2,358,112037.0,111778.36,5.228,700-739,70-80%,36-43%,OH,Home Improvement,Investment,Townhouse,Servicer_D,Current,0,0,0,0,,2022-11-01,Ellie Mae,Missing Items,Current,0,0,0,0,0,
LN0002611,3,2022-12,2022-09,3,357,112037.0,111648.19,5.228,700-739,70-80%,36-43%,OH,Home Improvement,Investment,Townhouse,Servicer_D,Current,0,0,0,0,,2022-12-01,Ellie Mae,Missing Items,Current,0,0,0,0,0,
LN0002616,1,2021-10,2021-09,1,179,114031.0,113598.58,4.838,660-699,70-80%,28-36%,TN,Refinance,Primary,Multi-Family,Servicer_C,Current,0,0,0,0,,2021-10-01,Encompass,Under Exception,Current,0,0,0,0,0,
LN0002616,2,2021-11,2021-09,2,178,114031.0,113164.41,4.838,660-699,70-80%,28-36%,TN,Refinance,Primary,Multi-Family,Servicer_C,Current,0,0,0,0,,2021-11-01,Encompass,Under Exception,Current,0,0,0,0,0,
LN0002616,3,2021-12,2021-09,3,177,114031.0,112728.5,4.838,660-699,70-80%,28-36%,TN,Refinance,Primary,Multi-Family,Servicer_C,Current,0,0,0,0,,2021-12-01,Encompass,Under Exception,Current,0,0,0,0,0,
LN0002616,4,2022-01,2021-09,4,176,114031.0,112290.83,4.838,660-699,70-80%,28-36%,TN,Refinance,Primary,Multi-Family,Servicer_C,Current,0,0,0,0,,2022-01-01,Encompass,Under Exception,Current,0,0,0,0,0,
LN0002616,5,2022-02,2021-09,5,175,114031.0,111851.39,4.838,660-699,70-80%,28-36%,TN,Refinance,Primary,Multi-Family,Servicer_C,Current,0,0,0,0,,2022-02-01,Encompass,Under Exception,Current,0,0,0,0,0,
LN0002616,6,2022-03,2021-09,6,174,114031.0,111410.18,4.838,660-699,70-80%,28-36%,TN,Refinance,Primary,Multi-Family,Servicer_C,Current,0,0,0,0,,2022-03-01,Encompass,Under Exception,Current,0,0,0,0,0,
LN0002616,7,2022-04,2021-09,7,173,114031.0,110967.19,4.838,660-699,70-80%,28-36%,TN,Refinance,Primary,Multi-Family,Servicer_C,Current,0,0,0,0,,2022-04-01,Encompass,Under Exception,Current,0,0,0,0,0,
LN0002616,8,2022-05,2021-09,8,172,114031.0,110522.42,4.838,660-699,70-80%,28-36%,TN,Refinance,Primary,Multi-Family,Servicer_C,Current,0,0,0,0,,2022-05-01,Encompass,Under Exception,Current,0,0,0,0,0,
LN0002616,9,2022-06,2021-09,9,171,114031.0,110075.85,4.838,660-699,70-80%,28-36%,TN,Refinance,Primary,Multi-Family,Servicer_C,Current,0,0,0,0,,2022-06-01,Encompass,Under Exception,Current,0,0,0,0,0,
LN0002616,10,2022-07,2021-09,10,170,114031.0,109627.49,4.838,660-699,70-80%,28-36%,TN,Refinance,Primary,Multi-Family,Servicer_C,Current,0,0,0,0,,2022-07-01,Encompass,Under Exception,Current,0,0,0,0,0,
LN0002616,11,2022-08,2021-09,11,169,114031.0,109177.31,4.838,660-699,70-80%,28-36%,TN,Refinance,Primary,Multi-Family,Servicer_C,Current,0,0,0,0,,2022-08-01,Encompass,Under Exception,Current,0,0,0,0,0,
LN0002616,12,2022-09,2021-09,12,168,114031.0,108725.32,4.838,660-699,70-80%,28-36%,TN,Refinance,Primary,Multi-Family,Servicer_C,Current,0,0,0,0,,2022-09-01,Encompass,Under Exception,Current,0,0,0,0,0,
LN0002616,13,2022-10,2021-09,13,167,114031.0,108271.51,4.838,660-699,70-80%,28-36%,TN,Refinance,Primary,Multi-Family,Servicer_C,Current,0,0,0,0,,2022-10-01,Encompass,Under Exception,Current,0,0,0,0,0,
LN0002616,14,2022-11,2021-09,14,166,114031.0,107815.87,4.838,660-699,70-80%,28-36%,TN,Refinance,Primary,Multi-Family,Servicer_C,Current,0,0,0,0,,2022-11-01,Encompass,Under Exception,Current,0,0,0,0,0,
LN0002616,15,2022-12,2021-09,15,165,114031.0,107358.39,4.838,660-699,70-80%,28-36%,TN,Refinance,Primary,Multi-Family,Servicer_C,Current,0,0,0,0,,2022-12-01,Encompass,Under Exception,Current,0,0,0,0,0,
LN0002622,1,2021-07,2021-06,1,359,333015.0,332538.68,4.041,660-699,80-90%,28-36%,TX,Purchase,Second Home,Townhouse,Servicer_C,Current,0,0,0,0,,2021-07-01,Black Knight,Pending Review,Current,0,0,0,0,0,
LN0002622,2,2021-08,2021-06,2,358,333015.0,332060.76,4.041,660-699,80-90%,28-36%,TX,Purchase,Second Home,Townhouse,Servicer_C,Current,0,0,0,0,,2021-08-01,Black Knight,Pending Review,Current,0,0,0,0,0,
LN0002622,3,2021-09,2021-06,3,357,333015.0,331581.23,4.041,660-699,80-90%,28-36%,TX,Purchase,Second Home,Townhouse,Servicer_C,Current,0,0,0,0,,2021-09-01,Black Knight,Pending Review,Current,0,0,0,0,0,
LN0002622,4,2021-10,2021-06,4,356,333015.0,331100.08,4.041,660-699,80-90%,28-36%,TX,Purchase,Second Home,Townhouse,Servicer_C,Current,0,0,0,0,,2021-10-01,Black Knight,Pending Review,Current,0,0,0,0,0,
LN0002622,5,2021-11,2021-06,5,355,333015.0,330617.32,4.041,660-699,80-90%,28-36%,TX,Purchase,Second Home,Townhouse,Servicer_C,Current,0,0,0,0,,2021-11-01,Black Knight,Pending Review,Current,0,0,0,0,0,
LN0002622,6,2021-12,2021-06,6,354,333015.0,330132.92,4.041,660-699,80-90%,28-36%,TX,Purchase,Second Home,Townhouse,Servicer_C,Current,0,0,0,0,,2021-12-01,Black Knight,Pending Review,Current,0,0,0,0,0,
LN0002622,7,2022-01,2021-06,7,353,333015.0,329646.9,4.041,660-699,80-90%,28-36%,TX,Purchase,Second Home,Townhouse,Servicer_C,Current,0,0,0,0,,2022-01-01,Black Knight,Pending Review,Current,0,0,0,0,0,
LN0002622,8,2022-02,2021-06,8,352,333015.0,329159.24,4.041,660-699,80-90%,28-36%,TX,Purchase,Second Home,Townhouse,Servicer_C,Current,0,0,0,0,,2022-02-01,Black Knight,Pending Review,Current,0,0,0,0,0,
LN0002622,9,2022-03,2021-06,9,351,333015.0,328669.94,4.041,660-699,80-90%,28-36%,TX,Purchase,Second Home,Townhouse,Servicer_C,Current,0,0,0,0,,2022-03-01,Black Knight,Pending Review,Current,0,0,0,0,0,
LN0002622,10,2022-04,2021-06,10,350,333015.0,328178.99,4.041,660-699,80-90%,28-36%,TX,Purchase,Second Home,Townhouse,Servicer_C,Current,0,0,0,0,,2022-04-01,Black Knight,Pending Review,Current,0,0,0,0,0,
LN0002622,11,2022-05,2021-06,11,349,333015.0,327686.38,4.041,660-699,80-90%,28-36%,TX,Purchase,Second Home,Townhouse,Servicer_C,Current,0,0,0,0,,2022-05-01,Black Knight,Pending Review,Current,0,0,0,0,0,
LN0002622,12,2022-06,2021-06,12,348,333015.0,327192.12,4.041,660-699,80-90%,28-36%,TX,Purchase,Second Home,Townhouse,Servicer_C,Current,0,0,0,0,,2022-06-01,Black Knight,Pending Review,Current,0,0,0,0,0,
LN0002622,13,2022-07,2021-06,13,347,333015.0,326696.2,4.041,660-699,80-90%,28-36%,TX,Purchase,Second Home,Townhouse,Servicer_C,Current,0,0,0,0,,2022-07-01,Black Knight,Pending Review,Current,0,0,0,0,0,
LN0002622,14,2022-08,2021-06,14,346,333015.0,326198.6,4.041,660-699,80-90%,28-36%,TX,Purchase,Second Home,Townhouse,Servicer_C,Current,0,0,0,0,,2022-08-01,Black Knight,Pending Review,Current,0,0,0,0,0,
LN0002622,15,2022-09,2021-06,15,345,333015.0,325699.33,4.041,660-699,80-90%,28-36%,TX,Purchase,Second Home,Townhouse,Servicer_C,Current,0,0,0,0,,2022-09-01,Black Knight,Pending Review,Current,0,0,0,0,0,
LN0002622,16,2022-10,2021-06,16,344,333015.0,325198.37,4.041,660-699,80-90%,28-36%,TX,Purchase,Second Home,Townhouse,Servicer_C,Current,0,0,0,0,,2022-10-01,Black Knight,Pending Review,Current,0,0,0,0,0,
LN0002622,17,2022-11,2021-06,17,343,333015.0,324695.73,4.041,660-699,80-90%,28-36%,TX,Purchase,Second Home,Townhouse,Servicer_C,Current,0,0,0,0,,2022-11-01,Black Knight,Pending Review,Current,0,0,0,0,0,
LN0002622,18,2022-12,2021-06,18,342,333015.0,324191.4,4.041,660-699,80-90%,28-36%,TX,Purchase,Second Home,Townhouse,Servicer_C,Current,0,0,0,0,,2022-12-01,Black Knight,Pending Review,Current,0,0,0,0,0,
LN0002633,1,2022-10,2022-09,1,359,214012.0,213747.2,4.841,620-659,60-70%,36-43%,TN,Purchase,Investment,Single Family,Servicer_A,Current,0,0,0,0,,2022-10-01,CoreLogic,Complete,Current,0,0,0,0,0,
LN0002633,2,2022-11,2022-09,2,358,214012.0,213481.34,4.841,620-659,60-70%,36-43%,TN,Purchase,Investment,Single Family,Servicer_A,Current,0,0,0,0,,2022-11-01,CoreLogic,Complete,Current,0,0,0,0,0,
LN0002633,3,2022-12,2022-09,3,357,214012.0,213214.4,4.841,620-659,60-70%,36-43%,TN,Purchase,Investment,Single Family,Servicer_A,Current,0,0,0,0,,2022-12-01,CoreLogic,Complete,Current,0,0,0,0,0,
LN0002641,1,2022-04,2022-03,1,359,86001.0,85833.24,2.24,700-739,>95%,20-28%,NY,Purchase,Primary,Single Family,Servicer_D,Current,0,0,0,0,,2022-04-01,CoreLogic,Complete,Current,0,0,0,0,0,
LN0002641,2,2022-05,2022-03,2,358,86001.0,85665.16,2.24,700-739,>95%,20-28%,NY,Purchase,Primary,Single Family,Servicer_D,Current,0,0,0,0,,2022-05-01,CoreLogic,Complete,Current,0,0,1,0,0,
LN0002641,3,2022-06,2022-03,3,357,86001.0,85496.77,2.24,700-739,>95%,20-28%,NY,Purchase,Primary,Single Family,Servicer_D,Current,0,0,0,0,,2022-06-01,CoreLogic,Complete,Current,0,0,1,0,0,
LN0002641,4,2022-07,2022-03,4,356,86001.0,85328.07,2.24,700-739,>95%,20-28%,NY,Purchase,Primary,Single Family,Servicer_D,Current,0,0,0,0,,2022-07-01,CoreLogic,Complete,Current,0,0,1,0,0,
LN0002641,5,2022-08,2022-03,5,355,86001.0,85159.05,2.24,700-739,>95%,20-28%,NY,Purchase,Primary,Single Family,Servicer_D,Current,0,0,0,0,,2022-08-01,CoreLogic,Complete,Current,0,0,1,0,0,
LN0002641,6,2022-09,2022-03,6,354,86001.0,84989.72,2.24,700-739,>95%,20-28%,NY,Purchase,Primary,Single Family,Servicer_D,Current,0,0,0,0,,2022-09-01,CoreLogic,Complete,Current,0,0,1,0,0,
LN0002641,7,2022-10,2022-03,7,353,86001.0,84820.07,2.24,700-739,>95%,20-28%,NY,Purchase,Primary,Single Family,Servicer_D,Current,0,0,0,0,,2022-10-01,CoreLogic,Complete,Current,0,1,1,0,0,
LN0002641,8,2022-11,2022-03,8,352,86001.0,84650.1,2.24,700-739,>95%,20-28%,NY,Purchase,Primary,Single Family,Servicer_D,Current,0,0,0,0,,2022-11-01,CoreLogic,Complete,Current,0,1,1,0,0,
LN0002641,9,2022-12,2022-03,9,351,86001.0,84479.82,2.24,700-739,>95%,20-28%,NY,Purchase,Primary,Single Family,Servicer_D,Current,0,0,0,0,,2022-12-01,CoreLogic,Complete,Current,0,1,1,0,0,
LN0002653,1,2022-02,2022-01,1,359,142838.0,142694.27,5.944,740-779,70-80%,28-36%,NJ,Purchase,Investment,Multi-Family,Servicer_E,Current,0,0,0,0,,2022-02-01,CoreLogic,Complete,Current,0,0,0,0,0,
LN0002653,2,2022-03,2022-01,2,358,142838.0,142549.84,5.944,740-779,70-80%,28-36%,NJ,Purchase,Investment,Multi-Family,Servicer_E,Current,0,0,0,0,,2022-03-01,CoreLogic,Complete,Current,0,0,0,0,0,
LN0002653,3,2022-04,2022-01,3,357,142838.0,142404.68,5.944,740-779,70-80%,28-36%,NJ,Purchase,Investment,Multi-Family,Servicer_E,Current,0,0,0,0,,2022-04-01,CoreLogic,Complete,Current,0,0,0,0,0,
LN0002653,4,2022-05,2022-01,4,356,142838.0,142258.81,5.944,740-779,70-80%,28-36%,NJ,Purchase,Investment,Multi-Family,Servicer_E,Current,0,0,0,0,,2022-05-01,CoreLogic,Complete,Current,0,0,0,0,0,
LN0002653,5,2022-06,2022-01,5,355,142838.0,142112.22,5.944,740-779,70-80%,28-36%,NJ,Purchase,Investment,Multi-Family,Servicer_E,Current,0,0,0,0,,2022-06-01,CoreLogic,Complete,Current,0,0,0,0,0,
LN0002653,6,2022-07,2022-01,6,354,142838.0,141964.9,5.944,740-779,70-80%,28-36%,NJ,Purchase,Investment,Multi-Family,Servicer_E,Current,0,0,0,0,,2022-07-01,CoreLogic,Complete,Current,0,0,0,0,0,
LN0002653,7,2022-08,2022-01,7,353,142838.0,141816.84,5.944,740-779,70-80%,28-36%,NJ,Purchase,Investment,Multi-Family,Servicer_E,Current,0,0,0,0,,2022-08-01,CoreLogic,Complete,Current,0,0,0,0,0,
LN0002653,8,2022-09,2022-01,8,352,142838.0,141668.06,5.944,740-779,70-80%,28-36%,NJ,Purchase,Investment,Multi-Family,Servicer_E,Current,0,0,0,0,,2022-09-01,CoreLogic,Complete,Current,0,0,0,0,0,
LN0002653,9,2022-10,2022-01,9,351,142838.0,141518.54,5.944,740-779,70-80%,28-36%,NJ,Purchase,Investment,Multi-Family,Servicer_E,Current,0,0,0,0,,2022-10-01,CoreLogic,Complete,Current,0,0,0,0,0,
LN0002653,10,2022-11,2022-01,10,350,142838.0,141368.28,5.944,740-779,70-80%,28-36%,NJ,Purchase,Investment,Multi-Family,Servicer_E,Current,0,0,0,0,,2022-11-01,CoreLogic,Complete,Current,0,0,0,0,0,
LN0002653,11,2022-12,2022-01,11,349,142838.0,141217.27,5.944,740-779,70-80%,28-36%,NJ,Purchase,Investment,Multi-Family,Servicer_E,Current,0,0,0,0,,2022-12-01,CoreLogic,Complete,Current,0,0,0,0,0,
LN0002692,1,2022-02,2022-01,1,359,135768.0,135569.01,3.904,660-699,90-95%,20-28%,IL,Purchase,Primary,Single Family,Servicer_A,Current,0,0,0,0,,2022-02-01,Encompass,Under Exception,Current,0,0,0,0,0,
LN0002692,2,2022-03,2022-01,2,358,135768.0,135369.38,3.904,660-699,90-95%,20-28%,IL,Purchase,Primary,Single Family,Servicer_A,Current,0,0,0,0,,2022-03-01,Encompass,Under Exception,Current,0,0,0,0,0,
LN0002692,3,2022-04,2022-01,3,357,135768.0,135169.09,3.904,660-699,90-95%,20-28%,IL,Purchase,Primary,Single Family,Servicer_A,Current,0,0,0,0,,2022-04-01,Encompass,Under Exception,Current,0,0,0,0,0,
LN0002692,4,2022-05,2022-01,4,356,135768.0,134968.16,3.904,660-699,90-95%,20-28%,IL,Purchase,Primary,Single Family,Servicer_A,Current,0,0,0,0,,2022-05-01,Encompass,Under Exception,Current,0,0,0,0,0,
LN0002692,5,2022-06,2022-01,5,355,135768.0,134766.57,3.904,660-699,90-95%,20-28%,IL,Purchase,Primary,Single Family,Servicer_A,Current,0,0,0,0,,2022-06-01,Encompass,Under Exception,Current,0,0,0,0,0,
LN0002692,6,2022-07,2022-01,6,354,135768.0,134564.32,3.904,660-699,90-95%,20-28%,IL,Purchase,Primary,Single Family,Servicer_A,Current,0,0,0,0,,2022-07-01,Encompass,Under Exception,Current,0,0,0,0,0,
LN0002692,7,2022-08,2022-01,7,353,135768.0,134361.42,3.904,660-699,90-95%,20-28%,IL,Purchase,Primary,Single Family,Servicer_A,Current,0,0,0,0,,2022-08-01,Encompass,Under Exception,Current,0,0,0,0,0,
LN0002692,8,2022-09,2022-01,8,352,135768.0,134157.86,3.904,660-699,90-95%,20-28%,IL,Purchase,Primary,Single Family,Servicer_A,Current,0,0,0,0,,2022-09-01,Encompass,Under Exception,Current,0,0,0,0,0,
LN0002692,9,2022-10,2022-01,9,351,135768.0,133953.63,3.904,660-699,90-95%,20-28%,IL,Purchase,Primary,Single Family,Servicer_A,Current,0,0,0,0,,2022-10-01,Encompass,Under Exception,Current,0,0,0,0,0,
LN0002692,10,2022-11,2022-01,10,350,135768.0,133748.74,3.904,660-699,90-95%,20-28%,IL,Purchase,Primary,Single Family,Servicer_A,Current,0,0,0,0,,2022-11-01,Encompass,Under Exception,Current,0,0,0,0,0,
LN0002692,11,2022-12,2022-01,11,349,135768.0,133543.19,3.904,660-699,90-95%,20-28%,IL,Purchase,Primary,Single Family,Servicer_A,Current,0,0,0,0,,2022-12-01,Encompass,Under Exception,Current,0,0,0,0,0,
LN0002719,1,2022-02,2022-01,1,359,77115.0,77016.69,4.678,660-699,70-80%,20-28%,GA,Cash-Out Refinance,Second Home,Single Family,Servicer_A,Current,0,0,0,0,,2022-02-01,Ellie Mae,Missing Items,Current,0,0,0,0,0,
LN0002719,2,2022-03,2022-01,2,358,77115.0,76918.0,4.678,660-699,70-80%,20-28%,GA,Cash-Out Refinance,Second Home,Single Family,Servicer_A,Current,0,0,0,0,,2022-03-01,Ellie Mae,Missing Items,Current,0,0,0,0,0,
LN0002719,3,2022-04,2022-01,3,357,77115.0,76818.92,4.678,660-699,70-80%,20-28%,GA,Cash-Out Refinance,Second Home,Single Family,Servicer_A,Current,0,0,0,0,,2022-04-01,Ellie Mae,Missing Items,Current,0,0,0,0,0,
LN0002719,4,2022-05,2022-01,4,356,77115.0,76719.46,4.678,660-699,70-80%,20-28%,GA,Cash-Out Refinance,Second Home,Single Family,Servicer_A,Current,0,0,0,0,,2022-05-01,Ellie Mae,Missing Items,Current,0,0,0,0,0,
LN0002719,5,2022-06,2022-01,5,355,77115.0,76619.61,4.678,660-699,70-80%,20-28%,GA,Cash-Out Refinance,Second Home,Single Family,Servicer_A,Current,0,0,0,0,,2022-06-01,Ellie Mae,Missing Items,Current,0,0,0,0,0,
LN0002719,6,2022-07,2022-01,6,354,77115.0,76519.37,4.678,660-699,70-80%,20-28%,GA,Cash-Out Refinance,Second Home,Single Family,Servicer_A,Current,0,0,0,0,,2022-07-01,Ellie Mae,Missing Items,Current,0,0,0,0,0,
LN0002719,7,2022-08,2022-01,7,353,77115.0,76418.74,4.678,660-699,70-80%,20-28%,GA,Cash-Out Refinance,Second Home,Single Family,Servicer_A,Current,0,0,0,0,,2022-08-01,Ellie Mae,Missing Items,Current,0,0,0,0,0,
LN0002719,8,2022-09,2022-01,8,352,77115.0,76317.72,4.678,660-699,70-80%,20-28%,GA,Cash-Out Refinance,Second Home,Single Family,Servicer_A,Current,0,0,0,0,,2022-09-01,Ellie Mae,Missing Items,Current,0,0,0,0,0,
LN0002719,9,2022-10,2022-01,9,351,77115.0,76216.3,4.678,660-699,70-80%,20-28%,GA,Cash-Out Refinance,Second Home,Single Family,Servicer_A,Current,0,0,0,0,,2022-10-01,Ellie Mae,Missing Items,Current,0,0,0,1,0,
LN0002719,10,2022-11,2022-01,10,350,77115.0,76114.49,4.678,660-699,70-80%,20-28%,GA,Cash-Out Refinance,Second Home,Single Family,Servicer_A,Current,312,0,0,0,,2022-11-01,Ellie Mae,Missing Items,Current,0,0,0,1,0,
LN0002719,11,2022-12,2022-01,11,349,77115.0,76012.28,4.678,660-699,70-80%,20-28%,GA,Cash-Out Refinance,Second Home,Single Family,Servicer_A,Current,0,0,0,0,,2022-12-01,Ellie Mae,Missing Items,Current,0,0,0,1,0,
LN0002735,1,2021-11,2021-10,1,359,155359.0,155133.19,3.951,<620,70-80%,28-36%,IN,Home Improvement,Second Home,Single Family,Servicer_A,Current,0,0,0,0,,2021-11-01,Ellie Mae,Missing Items,Current,0,0,0,0,0,
LN0002735,2,2021-12,2021-10,2,358,155359.0,154906.64,3.951,<620,70-80%,28-36%,IN,Home Improvement,Second Home,Single Family,Servicer_A,Current,0,0,0,0,,2021-12-01,Ellie Mae,Missing Items,Current,0,0,1,0,0,
LN0002735,3,2022-01,2021-10,3,357,155359.0,154679.35,3.951,<620,70-80%,28-36%,IN,Home Improvement,Second Home,Single Family,Servicer_A,Current,0,0,0,0,,2022-01-01,Ellie Mae,Missing Items,Current,0,0,1,0,0,
LN0002735,4,2022-02,2021-10,4,356,155359.0,154451.31,3.951,<620,70-80%,28-36%,IN,Home Improvement,Second Home,Single Family,Servicer_A,Current,0,0,0,0,,2022-02-01,Ellie Mae,Missing Items,Current,0,0,1,0,0,
LN0002735,5,2022-03,2021-10,5,355,155359.0,154222.51,3.951,<620,70-80%,28-36%,IN,Home Improvement,Second Home,Single Family,Servicer_A,Current,0,0,0,0,,2022-03-01,Ellie Mae,Missing Items,Current,0,0,1,0,0,
LN0002735,6,2022-04,2021-10,6,354,155359.0,153992.96,3.951,<620,70-80%,28-36%,IN,Home Improvement,Second Home,Single Family,Servicer_A,Current,0,0,0,0,,2022-04-01,Ellie Mae,Missing Items,Current,0,0,1,0,0,
LN0002735,7,2022-05,2021-10,7,353,155359.0,153762.66,3.951,<620,70-80%,28-36%,IN,Home Improvement,Second Home,Single Family,Servicer_A,Current,0,0,0,0,,2022-05-01,Ellie Mae,Missing Items,Current,0,0,1,0,0,
LN0002735,8,2022-06,2021-10,8,352,155359.0,153531.6,3.951,<620,70-80%,28-36%,IN,Home Improvement,Second Home,Single Family,Servicer_A,Current,0,0,0,0,,2022-06-01,Ellie Mae,Missing Items,Current,0,1,1,0,0,
LN0002735,9,2022-07,2021-10,9,351,155359.0,153299.77,3.951,<620,70-80%,28-36%,IN,Home Improvement,Second Home,Single Family,Servicer_A,Current,0,0,0,0,,2022-07-01,Ellie Mae,Missing Items,Current,0,1,1,0,0,
LN0002735,10,2022-08,2021-10,10,350,155359.0,153067.19,3.951,<620,70-80%,28-36%,IN,Home Improvement,Second Home,Single Family,Servicer_A,Current,0,0,0,0,,2022-08-01,Ellie Mae,Missing Items,Current,0,1,1,0,0,
LN0002735,11,2022-09,2021-10,11,349,155359.0,152833.84,3.951,<620,70-80%,28-36%,IN,Home Improvement,Second Home,Single Family,Servicer_A,Current,0,0,0,0,,2022-09-01,Ellie Mae,Missing Items,Current,1,1,1,0,0,
LN0002735,12,2022-10,2021-10,12,348,155359.0,152599.72,3.951,<620,70-80%,28-36%,IN,Home Improvement,Second Home,Single Family,Servicer_A,Current,0,0,0,0,,2022-10-01,Ellie Mae,Missing Items,Current,1,1,1,0,0,
LN0002735,13,2022-11,2021-10,13,347,155359.0,152364.82,3.951,<620,70-80%,28-36%,IN,Home Improvement,Second Home,Single Family,Servicer_A,Current,0,0,0,0,,2022-11-01,Ellie Mae,Missing Items,Default,1,1,1,0,0,
LN0002735,14,2022-12,2021-10,14,346,155359.0,152129.16,3.951,<620,70-80%,28-36%,IN,Home Improvement,Second Home,Single Family,Servicer_A,Default,0,0,0,1,35-50%,2022-12-01,Ellie Mae,Missing Items,Default,0,0,0,0,1,Data Conflict
LN0002736,1,2021-02,2021-01,1,359,156429.0,156266.79,5.786,780+,80-90%,20-28%,AZ,Purchase,Primary,Single Family,Servicer_C,Current,0,0,0,0,,2021-02-01,Encompass,Under Exception,Current,0,0,0,0,0,
LN0002736,2,2021-03,2021-01,2,358,156429.0,156103.8,5.786,780+,80-90%,20-28%,AZ,Purchase,Primary,Single Family,Servicer_C,Current,0,0,0,0,,2021-03-01,Encompass,Under Exception,Current,0,0,0,0,0,
LN0002736,3,2021-04,2021-01,3,357,156429.0,155940.02,5.786,780+,80-90%,20-28%,AZ,Purchase,Primary,Single Family,Servicer_C,Current,0,0,0,0,,2021-04-01,Encompass,Under Exception,Current,0,0,0,0,0,
LN0002736,4,2021-05,2021-01,4,356,156429.0,155775.46,5.786,780+,80-90%,20-28%,AZ,Purchase,Primary,Single Family,Servicer_C,Current,0,0,0,0,,2021-05-01,Encompass,Under Exception,Current,0,0,0,0,0,
LN0002736,5,2021-06,2021-01,5,355,156429.0,155610.09,5.786,780+,80-90%,20-28%,AZ,Purchase,Primary,Single Family,Servicer_C,Current,0,0,0,0,,2021-06-01,Encompass,Under Exception,Current,0,0,0,0,0,
LN0002736,6,2021-07,2021-01,6,354,156429.0,155443.94,5.786,780+,80-90%,20-28%,AZ,Purchase,Primary,Single Family,Servicer_C,Current,0,0,0,0,,2021-07-01,Encompass,Under Exception,Current,0,0,0,0,0,
LN0002736,7,2021-08,2021-01,7,353,156429.0,155276.98,5.786,780+,80-90%,20-28%,AZ,Purchase,Primary,Single Family,Servicer_C,Current,0,0,0,0,,2021-08-01,Encompass,Under Exception,Current,0,0,0,0,0,
LN0002736,8,2021-09,2021-01,8,352,156429.0,155109.21,5.786,780+,80-90%,20-28%,AZ,Purchase,Primary,Single Family,Servicer_C,Current,0,0,0,0,,2021-09-01,Encompass,Under Exception,Current,0,0,0,0,0,
LN0002736,9,2021-10,2021-01,9,351,156429.0,154940.64,5.786,780+,80-90%,20-28%,AZ,Purchase,Primary,Single Family,Servicer_C,Current,0,0,0,0,,2021-10-01,Encompass,Under Exception,Current,0,0,0,0,0,
LN0002736,10,2021-11,2021-01,10,350,156429.0,154771.26,5.786,780+,80-90%,20-28%,AZ,Purchase,Primary,Single Family,Servicer_C,Current,0,0,0,0,,2021-11-01,Encompass,Under Exception,Current,0,0,0,0,0,
LN0002736,11,2021-12,2021-01,11,349,156429.0,154601.05,5.786,780+,80-90%,20-28%,AZ,Purchase,Primary,Single Family,Servicer_C,Current,0,0,0,0,,2021-12-01,Encompass,Under Exception,Current,0,0,0,0,0,
LN0002736,12,2022-01,2021-01,12,348,156429.0,154430.03,5.786,780+,80-90%,20-28%,AZ,Purchase,Primary,Single Family,Servicer_C,Current,0,0,0,0,,2022-01-01,Encompass,Under Exception,Current,0,0,0,0,0,
LN0002736,13,2022-02,2021-01,13,347,156429.0,154258.18,5.786,780+,80-90%,20-28%,AZ,Purchase,Primary,Single Family,Servicer_C,Current,0,0,0,0,,2022-02-01,Encompass,Under Exception,Current,0,0,0,0,0,
LN0002736,14,2022-03,2021-01,14,346,156429.0,154085.51,5.786,780+,80-90%,20-28%,AZ,Purchase,Primary,Single Family,Servicer_C,Current,0,0,0,0,,2022-03-01,Encompass,Under Exception,Current,0,0,0,0,0,
LN0002736,15,2022-04,2021-01,15,345,156429.0,153912.0,5.786,780+,80-90%,20-28%,AZ,Purchase,Primary,Single Family,Servicer_C,Current,0,0,0,0,,2022-04-01,Encompass,Under Exception,Current,0,0,0,0,0,
LN0002736,16,2022-05,2021-01,16,344,156429.0,153737.65,5.786,780+,80-90%,20-28%,AZ,Purchase,Primary,Single Family,Servicer_C,Current,0,0,0,0,,2022-05-01,Encompass,Under Exception,Current,0,0,0,0,0,
LN0002736,17,2022-06,2021-01,17,343,156429.0,153562.47,5.786,780+,80-90%,20-28%,AZ,Purchase,Primary,Single Family,Servicer_C,Current,0,0,0,0,,2022-06-01,Encompass,Under Exception,Current,0,0,0,0,0,
LN0002736,18,2022-07,2021-01,18,342,156429.0,153386.44,5.786,780+,80-90%,20-28%,AZ,Purchase,Primary,Single Family,Servicer_C,Current,0,0,0,0,,2022-07-01,Encompass,Under Exception,Current,0,0,0,0,0,
LN0002736,19,2022-08,2021-01,19,341,156429.0,153209.56,5.786,780+,80-90%,20-28%,AZ,Purchase,Primary,Single Family,Servicer_C,Current,0,0,0,0,,2022-08-01,Encompass,Under Exception,Current,0,0,0,0,0,
LN0002736,20,2022-09,2021-01,20,340,156429.0,153031.82,5.786,780+,80-90%,20-28%,AZ,Purchase,Primary,Single Family,Servicer_C,Current,0,0,0,0,,2022-09-01,Encompass,Under Exception,Current,0,0,0,0,0,
LN0002736,21,2022-10,2021-01,21,339,156429.0,152853.23,5.786,780+,80-90%,20-28%,AZ,Purchase,Primary,Single Family,Servicer_C,Current,0,0,0,0,,2022-10-01,Encompass,Under Exception,Current,0,0,0,0,0,
LN0002736,22,2022-11,2021-01,22,338,156429.0,152673.78,5.786,780+,80-90%,20-28%,AZ,Purchase,Primary,Single Family,Servicer_C,Current,0,0,0,0,,2022-11-01,Encompass,Under Exception,Current,0,0,0,0,0,
LN0002736,23,2022-12,2021-01,23,337,156429.0,152493.47,5.786,780+,80-90%,20-28%,AZ,Purchase,Primary,Single Family,Servicer_C,Current,0,0,0,0,,2022-12-01,Encompass,Under Exception,Current,0,0,0,0,0,
LN0002741,1,2021-08,2021-07,1,359,199192.0,198940.56,4.732,740-779,70-80%,20-28%,WA,Purchase,Primary,Single Family,Servicer_B,Current,0,0,0,0,,2021-08-01,CoreLogic,Complete,Current,0,0,0,0,0,
LN0002741,2,2021-09,2021-07,2,358,199192.0,198688.13,4.732,740-779,70-80%,20-28%,WA,Purchase,Primary,Single Family,Servicer_B,Current,0,0,0,0,,2021-09-01,CoreLogic,Complete,Current,0,0,0,0,0,
LN0002741,3,2021-10,2021-07,3,357,199192.0,198434.7,4.732,740-779,70-80%,20-28%,WA,Purchase,Primary,Single Family,Servicer_B,Current,0,0,0,0,,2021-10-01,CoreLogic,Complete,Current,0,0,0,0,0,
LN0002741,4,2021-11,2021-07,4,356,199192.0,198180.28,4.732,740-779,70-80%,20-28%,WA,Purchase,Primary,Single Family,Servicer_B,Current,0,0,0,0,,2021-11-01,CoreLogic,Complete,Current,0,0,0,0,0,
LN0002741,5,2021-12,2021-07,5,355,199192.0,197924.85,4.732,740-779,70-80%,20-28%,WA,Purchase,Primary,Single Family,Servicer_B,Current,0,0,0,0,,2021-12-01,CoreLogic,Complete,Current,0,0,0,0,0,
LN0002741,6,2022-01,2021-07,6,354,199192.0,197668.41,4.732,740-779,70-80%,20-28%,WA,Purchase,Primary,Single Family,Servicer_B,Current,0,0,0,0,,2022-01-01,CoreLogic,Complete,Current,0,0,0,0,0,
LN0002741,7,2022-02,2021-07,7,353,199192.0,197410.97,4.732,740-779,70-80%,20-28%,WA,Purchase,Primary,Single Family,Servicer_B,Current,0,0,0,0,,2022-02-01,CoreLogic,Complete,Current,0,0,0,0,0,
LN0002741,8,2022-03,2021-07,8,352,199192.0,197152.5,4.732,740-779,70-80%,20-28%,WA,Purchase,Primary,Single Family,Servicer_B,Current,0,0,0,0,,2022-03-01,CoreLogic,Complete,Current,0,0,0,0,0,
LN0002741,9,2022-04,2021-07,9,351,199192.0,196893.02,4.732,740-779,70-80%,20-28%,WA,Purchase,Primary,Single Family,Servicer_B,Current,0,0,0,0,,2022-04-01,CoreLogic,Complete,Current,0,0,0,0,0,
LN0002741,10,2022-05,2021-07,10,350,199192.0,196632.52,4.732,740-779,70-80%,20-28%,WA,Purchase,Primary,Single Family,Servicer_B,Current,0,0,0,0,,2022-05-01,CoreLogic,Complete,Current,0,0,0,0,0,
LN0002741,11,2022-06,2021-07,11,349,199192.0,196370.99,4.732,740-779,70-80%,20-28%,WA,Purchase,Primary,Single Family,Servicer_B,Current,0,0,0,0,,2022-06-01,CoreLogic,Complete,Current,0,0,0,0,0,
LN0002741,12,2022-07,2021-07,12,348,199192.0,196108.42,4.732,740-779,70-80%,20-28%,WA,Purchase,Primary,Single Family,Servicer_B,Current,0,0,0,0,,2022-07-01,CoreLogic,Complete,Current,0,0,0,0,0,
LN0002741,13,2022-08,2021-07,13,347,199192.0,195844.82,4.732,740-779,70-80%,20-28%,WA,Purchase,Primary,Single Family,Servicer_B,Current,0,0,0,0,,2022-08-01,CoreLogic,Complete,Current,0,0,0,0,0,
LN0002741,14,2022-09,2021-07,14,346,199192.0,195580.18,4.732,740-779,70-80%,20-28%,WA,Purchase,Primary,Single Family,Servicer_B,Current,0,0,0,0,,2022-09-01,CoreLogic,Complete,Current,0,0,0,0,0,
LN0002741,15,2022-10,2021-07,15,345,199192.0,195314.5,4.732,740-779,70-80%,20-28%,WA,Purchase,Primary,Single Family,Servicer_B,Current,0,0,0,0,,2022-10-01,CoreLogic,Complete,Current,0,0,0,0,0,
LN0002741,16,2022-11,2021-07,16,344,199192.0,429105.1,4.732,740-779,70-80%,20-28%,WA,Purchase,Primary,Single Family,Servicer_B,Current,0,0,0,0,,2022-11-01,CoreLogic,Complete,Current,0,0,0,0,1,Valuation Discrepancy
LN0002741,17,2022-12,2021-07,17,343,199192.0,194779.99,4.732,740-779,70-80%,20-28%,WA,Purchase,Primary,Single Family,Servicer_B,Current,0,0,0,0,,2022-12-01,CoreLogic,Complete,Current,0,0,0,0,0,
LN0002743,1,2022-12,2022-11,1,179,50000.0,49772.98,2.622,740-779,70-80%,20-28%,IL,Refinance,Primary,Single Family,Servicer_D,Current,0,0,0,0,,2022-12-01,Ellie Mae,Missing Items,Current,0,0,0,0,0,
LN0002757,1,2022-07,2022-06,1,359,61852.0,61803.91,7.267,700-739,80-90%,28-36%,NJ,Home Improvement,Investment,Manufactured,Servicer_C,Current,0,0,0,0,,2022-07-01,CoreLogic,Complete,Current,0,0,0,0,0,
LN0002757,2,2022-08,2022-06,2,358,61852.0,61755.53,7.267,700-739,80-90%,28-36%,NJ,Home Improvement,Investment,Manufactured,Servicer_C,Current,0,0,0,0,,2022-08-01,CoreLogic,Complete,Current,0,0,0,0,0,
LN0002757,3,2022-09,2022-06,3,357,61852.0,61706.86,7.267,700-739,80-90%,28-36%,NJ,Home Improvement,Investment,Manufactured,Servicer_C,Current,0,0,0,0,,2022-09-01,CoreLogic,Complete,Current,0,0,0,0,0,
LN0002757,4,2022-10,2022-06,4,356,61852.0,61657.89,7.267,700-739,80-90%,28-36%,NJ,Home Improvement,Investment,Manufactured,Servicer_C,Current,0,0,0,0,,2022-10-01,CoreLogic,Complete,Current,0,0,0,0,0,
LN0002757,5,2022-11,2022-06,5,355,61852.0,61608.63,7.267,700-739,80-90%,28-36%,NJ,Home Improvement,Investment,Manufactured,Servicer_C,Current,0,0,0,0,,2022-11-01,CoreLogic,Complete,Current,0,0,0,0,0,
LN0002757,6,2022-12,2022-06,6,354,61852.0,61559.07,7.267,700-739,80-90%,28-36%,NJ,Home Improvement,Investment,Manufactured,Servicer_C,Current,0,0,0,0,,2022-12-01,CoreLogic,Complete,Current,0,0,0,0,0,
LN0002769,1,2022-12,2022-11,1,359,157793.0,157579.1,4.34,660-699,70-80%,20-28%,WA,Purchase,Primary,Single Family,Servicer_D,Current,0,0,0,0,,2022-12-01,CoreLogic,Complete,Current,0,0,1,0,0,
LN0002786,1,2022-05,2022-04,1,359,69391.0,69282.21,3.522,740-779,80-90%,<20%,TN,Cash-Out Refinance,Investment,Single Family,Servicer_E,Current,0,0,0,0,,2022-05-01,Black Knight,Pending Review,Current,0,0,0,0,0,
LN0002786,2,2022-06,2022-04,2,358,69391.0,69173.11,3.522,740-779,80-90%,<20%,TN,Cash-Out Refinance,Investment,Single Family,Servicer_E,Current,0,0,0,0,,2022-06-01,Black Knight,Pending Review,Current,0,0,0,0,0,
LN0002786,3,2022-07,2022-04,3,357,69391.0,69063.68,3.522,740-779,80-90%,<20%,TN,Cash-Out Refinance,Investment,Single Family,Servicer_E,Current,0,0,0,0,,2022-07-01,Black Knight,Pending Review,Current,0,0,0,0,0,
LN0002786,4,2022-08,2022-04,4,356,69391.0,68953.93,3.522,740-779,80-90%,<20%,TN,Cash-Out Refinance,Investment,Single Family,Servicer_E,Current,0,0,0,0,,2022-08-01,Black Knight,Pending Review,Current,0,0,0,0,0,
LN0002786,5,2022-09,2022-04,5,355,69391.0,68843.86,3.522,740-779,80-90%,<20%,TN,Cash-Out Refinance,Investment,Single Family,Servicer_E,Current,0,0,0,0,,2022-09-01,Black Knight,Pending Review,Current,0,0,0,0,0,
LN0002786,6,2022-10,2022-04,6,354,69391.0,68733.47,3.522,740-779,80-90%,<20%,TN,Cash-Out Refinance,Investment,Single Family,Servicer_E,Current,0,0,0,0,,2022-10-01,Black Knight,Pending Review,Current,0,0,0,0,0,
LN0002786,7,2022-11,2022-04,7,353,69391.0,68622.75,3.522,740-779,80-90%,<20%,TN,Cash-Out Refinance,Investment,Single Family,Servicer_E,Current,0,0,0,0,,2022-11-01,Black Knight,Pending Review,Current,0,0,0,0,0,
LN0002786,8,2022-12,2022-04,8,352,69391.0,68511.71,3.522,740-779,80-90%,<20%,TN,Cash-Out Refinance,Investment,Single Family,Servicer_E,Current,0,0,0,0,,2022-12-01,Black Knight,Pending Review,Current,0,0,0,0,0,
LN0002822,1,2022-06,2022-05,1,359,130616.0,130448.33,4.64,740-779,70-80%,>43%,TN,Home Improvement,Primary,Townhouse,Servicer_E,Current,0,0,0,0,,2022-06-01,Black Knight,Pending Review,Current,0,0,0,0,0,
LN0002822,2,2022-07,2022-05,2,358,130616.0,130280.01,4.64,740-779,70-80%,>43%,TN,Home Improvement,Primary,Townhouse,Servicer_E,Current,0,0,0,0,,2022-07-01,Black Knight,Pending Review,Current,0,0,0,0,0,
LN0002822,3,2022-08,2022-05,3,357,130616.0,130111.03,4.64,740-779,70-80%,>43%,TN,Home Improvement,Primary,Townhouse,Servicer_E,Current,0,0,0,0,,2022-08-01,Black Knight,Pending Review,Current,0,0,0,0,0,
LN0002822,4,2022-09,2022-05,4,356,130616.0,129941.41,4.64,740-779,70-80%,>43%,TN,Home Improvement,Primary,Townhouse,Servicer_E,Current,0,0,0,0,,2022-09-01,Black Knight,Pending Review,Current,0,0,0,0,0,
LN0002822,5,2022-10,2022-05,5,355,130616.0,129771.13,4.64,740-779,70-80%,>43%,TN,Home Improvement,Primary,Townhouse,Servicer_E,Current,0,0,0,0,,2022-10-01,Black Knight,Pending Review,Current,0,0,0,0,0,
LN0002822,6,2022-11,2022-05,6,354,130616.0,129600.19,4.64,740-779,70-80%,>43%,TN,Home Improvement,Primary,Townhouse,Servicer_E,Current,0,0,0,0,,2022-11-01,Black Knight,Pending Review,Current,0,0,0,0,0,
LN0002822,7,2022-12,2022-05,7,353,130616.0,129428.59,4.64,740-779,70-80%,>43%,TN,Home Improvement,Primary,Townhouse,Servicer_E,Current,0,0,0,0,,2022-12-01,Black Knight,Pending Review,Current,0,0,0,0,0,
LN0002828,1,2022-11,2022-10,1,359,151460.0,151314.03,6.169,780+,70-80%,20-28%,VA,Purchase,Investment,Single Family,Servicer_A,Current,0,0,0,0,,2022-11-01,Encompass,Under Exception,Current,0,0,0,0,0,
LN0002828,2,2022-12,2022-10,2,358,151460.0,151167.31,6.169,780+,70-80%,20-28%,VA,Purchase,Investment,Single Family,Servicer_A,Current,0,0,0,0,,2022-12-01,Encompass,Under Exception,Current,0,0,0,0,0,
LN0002836,1,2022-06,2022-05,1,239,283694.0,282938.52,4.209,620-659,90-95%,36-43%,WA,Home Improvement,Primary,Single Family,Servicer_C,Current,0,0,0,0,,2022-06-01,Encompass,Under Exception,Current,0,0,0,0,0,
LN0002836,2,2022-07,2022-05,2,238,283694.0,282180.4,4.209,620-659,90-95%,36-43%,WA,Home Improvement,Primary,Single Family,Servicer_C,Current,0,0,0,0,,2022-07-01,Encompass,Under Exception,Current,0,0,0,0,0,
LN0002836,3,2022-08,2022-05,3,237,283694.0,281419.61,4.209,620-659,90-95%,36-43%,WA,Home Improvement,Primary,Single Family,Servicer_C,Current,0,0,0,0,,2022-08-01,Encompass,Under Exception,Current,0,0,0,0,0,
LN0002836,4,2022-09,2022-05,4,236,283694.0,280656.16,4.209,620-659,90-95%,36-43%,WA,Home Improvement,Primary,Single Family,Servicer_C,Current,0,0,0,0,,2022-09-01,Encompass,Under Exception,Current,0,0,0,0,0,
LN0002836,5,2022-10,2022-05,5,235,283694.0,279890.03,4.209,620-659,90-95%,36-43%,WA,Home Improvement,Primary,Single Family,Servicer_C,Current,0,0,0,0,,2022-10-01,Encompass,Under Exception,Current,0,0,0,0,0,
LN0002836,6,2022-11,2022-05,6,234,283694.0,279121.21,4.209,620-659,90-95%,36-43%,WA,Home Improvement,Primary,Single Family,Servicer_C,Current,0,0,0,0,,2022-11-01,Encompass,Under Exception,Current,0,0,0,0,0,
LN0002836,7,2022-12,2022-05,7,233,283694.0,278349.69,4.209,620-659,90-95%,36-43%,WA,Home Improvement,Primary,Single Family,Servicer_C,Current,0,0,0,0,,2022-12-01,Encompass,Under Exception,Current,0,0,0,0,0,
LN0002846,1,2020-10,2020-09,1,359,68145.0,68071.79,5.599,740-779,60-70%,36-43%,WI,Cash-Out Refinance,Primary,Single Family,Servicer_C,Current,0,0,0,0,,2020-10-01,Black Knight,Pending Review,Current,0,0,0,0,0,
LN0002846,2,2020-11,2020-09,2,358,68145.0,67998.24,5.599,740-779,60-70%,36-43%,WI,Cash-Out Refinance,Primary,Single Family,Servicer_C,Current,0,0,0,0,,2020-11-01,Black Knight,Pending Review,Current,0,0,0,0,0,
LN0002846,3,2020-12,2020-09,3,357,68145.0,67924.34,5.599,740-779,60-70%,36-43%,WI,Cash-Out Refinance,Primary,Single Family,Servicer_C,Current,0,0,0,0,,2020-12-01,Black Knight,Pending Review,Current,0,0,0,0,0,
LN0002846,4,2021-01,2020-09,4,356,68145.0,67850.1,5.599,740-779,60-70%,36-43%,WI,Cash-Out Refinance,Primary,Single Family,Servicer_C,Current,0,0,0,0,,2021-01-01,Black Knight,Pending Review,Current,0,0,0,0,0,
LN0002846,5,2021-02,2020-09,5,355,68145.0,67775.52,5.599,740-779,60-70%,36-43%,WI,Cash-Out Refinance,Primary,Single Family,Servicer_C,Current,0,0,0,0,,2021-02-01,Black Knight,Pending Review,Current,0,0,0,0,0,
LN0002846,6,2021-03,2020-09,6,354,68145.0,67700.58,5.599,740-779,60-70%,36-43%,WI,Cash-Out Refinance,Primary,Single Family,Servicer_C,Current,0,0,0,0,,2021-03-01,Black Knight,Pending Review,Current,0,0,0,0,0,
LN0002846,7,2021-04,2020-09,7,353,68145.0,67625.3,5.599,740-779,60-70%,36-43%,WI,Cash-Out Refinance,Primary,Single Family,Servicer_C,Current,0,0,0,0,,2021-04-01,Black Knight,Pending Review,Current,0,0,0,0,0,
LN0002846,8,2021-05,2020-09,8,352,68145.0,67549.67,5.599,740-779,60-70%,36-43%,WI,Cash-Out Refinance,Primary,Single Family,Servicer_C,Current,0,0,0,0,,2021-05-01,Black Knight,Pending Review,Current,0,0,0,0,0,
LN0002846,9,2021-06,2020-09,9,351,68145.0,67473.68,5.599,740-779,60-70%,36-43%,WI,Cash-Out Refinance,Primary,Single Family,Servicer_C,Current,0,0,0,0,,2021-06-01,Black Knight,Pending Review,Current,0,0,0,0,0,
LN0002846,10,2021-07,2020-09,10,350,68145.0,67397.34,5.599,740-779,60-70%,36-43%,WI,Cash-Out Refinance,Primary,Single Family,Servicer_C,Current,0,0,0,0,,2021-07-01,Black Knight,Pending Review,Current,0,0,0,0,0,
LN0002846,11,2021-08,2020-09,11,349,68145.0,67320.64,5.599,740-779,60-70%,36-43%,WI,Cash-Out Refinance,Primary,Single Family,Servicer_C,Current,0,0,0,0,,2021-08-01,Black Knight,Pending Review,Current,0,0,0,0,0,
LN0002846,12,2021-09,2020-09,12,348,68145.0,67243.58,5.599,740-779,60-70%,36-43%,WI,Cash-Out Refinance,Primary,Single Family,Servicer_C,Current,0,0,0,0,,2021-09-01,Black Knight,Pending Review,Current,0,0,0,0,0,
LN0002846,13,2021-10,2020-09,13,347,68145.0,67166.17,5.599,740-779,60-70%,36-43%,WI,Cash-Out Refinance,Primary,Single Family,Servicer_C,Current,0,0,0,0,,2021-10-01,Black Knight,Pending Review,Current,0,0,0,0,0,
LN0002846,14,2021-11,2020-09,14,346,68145.0,67088.39,5.599,740-779,60-70%,36-43%,WI,Cash-Out Refinance,Primary,Single Family,Servicer_C,Current,0,0,0,0,,2021-11-01,Black Knight,Pending Review,Current,0,0,0,0,0,
LN0002846,15,2021-12,2020-09,15,345,68145.0,67010.25,5.599,740-779,60-70%,36-43%,WI,Cash-Out Refinance,Primary,Single Family,Servicer_C,Current,0,0,0,0,,2021-12-01,Black Knight,Pending Review,Current,0,0,0,0,0,
LN0002846,16,2022-01,2020-09,16,344,68145.0,66931.74,5.599,740-779,60-70%,36-43%,WI,Cash-Out Refinance,Primary,Single Family,Servicer_C,Current,0,0,0,0,,2022-01-01,Black Knight,Pending Review,Current,0,0,0,0,0,
LN0002846,17,2022-02,2020-09,17,343,68145.0,66852.87,5.599,740-779,60-70%,36-43%,WI,Cash-Out Refinance,Primary,Single Family,Servicer_C,Current,0,0,0,0,,2022-02-01,Black Knight,Pending Review,Current,0,0,0,0,0,
LN0002846,18,2022-03,2020-09,18,342,68145.0,66773.63,5.599,740-779,60-70%,36-43%,WI,Cash-Out Refinance,Primary,Single Family,Servicer_C,Current,0,0,0,0,,2022-03-01,Black Knight,Pending Review,Current,0,0,0,0,0,
LN0002846,19,2022-04,2020-09,19,341,68145.0,66694.03,5.599,740-779,60-70%,36-43%,WI,Cash-Out Refinance,Primary,Single Family,Servicer_C,Current,0,0,0,0,,2022-04-01,Black Knight,Pending Review,Current,0,0,0,0,0,
LN0002846,20,2022-05,2020-09,20,340,68145.0,66614.05,5.599,740-779,60-70%,36-43%,WI,Cash-Out Refinance,Primary,Single Family,Servicer_C,Current,0,0,0,0,,2022-05-01,Black Knight,Pending Review,Current,0,0,0,0,0,
LN0002846,21,2022-06,2020-09,21,339,68145.0,66533.69,5.599,740-779,60-70%,36-43%,WI,Cash-Out Refinance,Primary,Single Family,Servicer_C,Current,0,0,0,0,,2022-06-01,Black Knight,Pending Review,Current,0,0,0,0,0,
LN0002846,22,2022-07,2020-09,22,338,68145.0,66452.97,5.599,740-779,60-70%,36-43%,WI,Cash-Out Refinance,Primary,Single Family,Servicer_C,Current,0,0,0,0,,2022-07-01,Black Knight,Pending Review,Current,0,0,0,0,0,
LN0002846,23,2022-08,2020-09,23,337,68145.0,66371.86,5.599,740-779,60-70%,36-43%,WI,Cash-Out Refinance,Primary,Single Family,Servicer_C,Current,0,0,0,0,,2022-08-01,Black Knight,Pending Review,Current,0,0,0,0,0,
LN0002846,24,2022-09,2020-09,24,336,68145.0,66290.38,5.599,740-779,60-70%,36-43%,WI,Cash-Out Refinance,Primary,Single Family,Servicer_C,Current,0,0,0,0,,2022-09-01,Black Knight,Pending Review,Current,0,0,0,0,0,
LN0002846,25,2022-10,2020-09,25,335,68145.0,66208.51,5.599,740-779,60-70%,36-43%,WI,Cash-Out Refinance,Primary,Single Family,Servicer_C,Current,0,0,0,0,,2022-10-01,Black Knight,Pending Review,Current,0,0,0,0,0,
LN0002846,26,2022-11,2020-09,26,334,68145.0,66126.27,5.599,740-779,60-70%,36-43%,WI,Cash-Out Refinance,Primary,Single Family,Servicer_C,Current,0,0,0,0,,2022-11-01,Black Knight,Pending Review,Current,0,0,0,0,0,
LN0002846,27,2022-12,2020-09,27,333,68145.0,66043.64,5.599,740-779,60-70%,36-43%,WI,Cash-Out Refinance,Primary,Single Family,Servicer_C,Current,0,0,0,0,,2022-12-01,Black Knight,Pending Review,Current,0,0,0,0,0,
LN0002893,1,2022-01,2021-12,1,359,228770.0,228376.34,2.984,780+,80-90%,28-36%,WA,Refinance,Primary,Townhouse,Servicer_B,Current,0,0,0,0,,2022-01-01,CoreLogic,Complete,Current,0,0,0,0,0,
LN0002893,2,2022-02,2021-12,2,358,228770.0,227981.71,2.984,780+,80-90%,28-36%,WA,Refinance,Primary,Townhouse,Servicer_B,Current,0,0,0,0,,2022-02-01,CoreLogic,Complete,Current,0,0,0,0,0,
LN0002893,3,2022-03,2021-12,3,357,228770.0,227586.09,2.984,780+,80-90%,28-36%,WA,Refinance,Primary,Townhouse,Servicer_B,Current,0,0,0,0,,2022-03-01,CoreLogic,Complete,Current,0,0,0,0,0,
LN0002893,4,2022-04,2021-12,4,356,228770.0,227189.49,2.984,780+,80-90%,28-36%,WA,Refinance,Primary,Townhouse,Servicer_B,Current,0,0,0,0,,2022-04-01,CoreLogic,Complete,Current,0,0,0,0,0,
LN0002893,5,2022-05,2021-12,5,355,228770.0,226791.91,2.984,780+,80-90%,28-36%,WA,Refinance,Primary,Townhouse,Servicer_B,Current,0,0,0,0,,2022-05-01,CoreLogic,Complete,Current,0,0,0,0,0,
LN0002893,6,2022-06,2021-12,6,354,228770.0,226393.33,2.984,780+,80-90%,28-36%,WA,Refinance,Primary,Townhouse,Servicer_B,Current,0,0,0,0,,2022-06-01,CoreLogic,Complete,Current,0,0,0,0,0,
LN0002893,7,2022-07,2021-12,7,353,228770.0,225993.77,2.984,780+,80-90%,28-36%,WA,Refinance,Primary,Townhouse,Servicer_B,Current,0,0,0,0,,2022-07-01,CoreLogic,Complete,Current,0,0,0,0,0,
LN0002893,8,2022-08,2021-12,8,352,228770.0,225593.21,2.984,780+,80-90%,28-36%,WA,Refinance,Primary,Townhouse,Servicer_B,Current,0,0,0,0,,2022-08-01,CoreLogic,Complete,Current,0,0,0,0,0,
LN0002893,9,2022-09,2021-12,9,351,228770.0,225191.65,2.984,780+,80-90%,28-36%,WA,Refinance,Primary,Townhouse,Servicer_B,Current,0,0,0,0,,2022-09-01,CoreLogic,Complete,Current,0,0,0,0,0,
LN0002893,10,2022-10,2021-12,10,350,228770.0,224789.1,2.984,780+,80-90%,28-36%,WA,Refinance,Primary,Townhouse,Servicer_B,Current,0,0,0,0,,2022-10-01,CoreLogic,Complete,Current,0,0,0,0,0,
LN0002893,11,2022-11,2021-12,11,349,228770.0,224385.54,2.984,780+,80-90%,28-36%,WA,Refinance,Primary,Townhouse,Servicer_B,Current,0,0,0,0,,2022-11-01,CoreLogic,Complete,Current,0,0,0,0,0,
LN0002893,12,2022-12,2021-12,12,348,228770.0,223980.98,2.984,780+,80-90%,28-36%,WA,Refinance,Primary,Townhouse,Servicer_B,Current,0,0,0,0,,2022-12-01,CoreLogic,Complete,Current,0,0,0,0,0,
LN0002904,1,2022-10,2022-09,1,359,169223.0,169056.49,6.061,700-739,>95%,20-28%,FL,Purchase,Second Home,Single Family,Servicer_D,Current,0,0,0,0,,2022-10-01,Encompass,Under Exception,Current,0,0,0,0,0,
LN0002904,2,2022-11,2022-09,2,358,169223.0,168889.15,6.061,700-739,>95%,20-28%,FL,Purchase,Second Home,Single Family,Servicer_D,Current,0,0,0,0,,2022-11-01,Encompass,Under Exception,Current,0,0,0,0,0,
LN0002904,3,2022-12,2022-09,3,357,169223.0,168720.95,6.061,700-739,>95%,20-28%,FL,Purchase,Second Home,Single Family,Servicer_D,Current,0,0,0,0,,2022-12-01,Encompass,Under Exception,Current,0,0,0,0,0,
LN0002930,1,2022-11,2022-10,1,359,62591.0,62498.38,3.85,700-739,90-95%,20-28%,IL,Home Improvement,Primary,Single Family,Servicer_C,Current,0,0,0,0,,2022-11-01,Black Knight,Pending Review,Current,0,0,1,0,0,
LN0002930,2,2022-12,2022-10,2,358,62591.0,62405.46,3.85,700-739,90-95%,20-28%,IL,Home Improvement,Primary,Single Family,Servicer_C,Current,0,0,0,0,,2022-12-01,Black Knight,Pending Review,Current,0,0,1,0,0,
LN0002933,1,2022-12,2022-11,1,359,165096.0,164826.27,3.285,620-659,70-80%,20-28%,MO,Purchase,Investment,Single Family,Servicer_B,Current,0,0,0,0,,2022-12-01,CoreLogic,Complete,Current,0,0,0,0,0,
LN0003015,1,2021-10,2021-09,1,359,112661.0,112517.11,4.668,660-699,90-95%,28-36%,TN,Purchase,Primary,Single Family,Servicer_A,Current,0,0,0,0,,2021-10-01,Ellie Mae,Missing Items,Current,0,0,0,0,0,
LN0003015,2,2021-11,2021-09,2,358,112661.0,112372.67,4.668,660-699,90-95%,28-36%,TN,Purchase,Primary,Single Family,Servicer_A,Current,0,0,0,0,,2021-11-01,Ellie Mae,Missing Items,Current,0,0,0,0,0,
LN0003015,3,2021-12,2021-09,3,357,112661.0,112227.66,4.668,660-699,90-95%,28-36%,TN,Purchase,Primary,Single Family,Servicer_A,Current,0,0,0,0,,2021-12-01,Ellie Mae,Missing Items,Current,0,0,0,0,0,
LN0003015,4,2022-01,2021-09,4,356,112661.0,112082.09,4.668,660-699,90-95%,28-36%,TN,Purchase,Primary,Single Family,Servicer_A,Current,0,0,0,0,,2022-01-01,Ellie Mae,Missing Items,Current,0,0,0,0,0,
LN0003015,5,2022-02,2021-09,5,355,112661.0,111935.95,4.668,660-699,90-95%,28-36%,TN,Purchase,Primary,Single Family,Servicer_A,Current,0,0,0,0,,2022-02-01,Ellie Mae,Missing Items,Current,0,0,0,0,0,
LN0003015,6,2022-03,2021-09,6,354,112661.0,111789.24,4.668,660-699,90-95%,28-36%,TN,Purchase,Primary,Single Family,Servicer_A,Current,0,0,0,0,,2022-03-01,Ellie Mae,Missing Items,Current,0,0,0,0,0,
LN0003015,7,2022-04,2021-09,7,353,112661.0,111641.97,4.668,660-699,90-95%,28-36%,TN,Purchase,Primary,Single Family,Servicer_A,Current,0,0,0,0,,2022-04-01,Ellie Mae,Missing Items,Current,0,0,0,0,0,
LN0003015,8,2022-05,2021-09,8,352,112661.0,111494.11,4.668,660-699,90-95%,28-36%,TN,Purchase,Primary,Single Family,Servicer_A,Current,0,0,0,0,,2022-05-01,Ellie Mae,Missing Items,Current,0,0,0,0,0,
LN0003015,9,2022-06,2021-09,9,351,112661.0,111345.69,4.668,660-699,90-95%,28-36%,TN,Purchase,Primary,Single Family,Servicer_A,Current,0,0,0,0,,2022-06-01,Ellie Mae,Missing Items,Current,0,0,0,0,0,
LN0003015,10,2022-07,2021-09,10,350,112661.0,111196.69,4.668,660-699,90-95%,28-36%,TN,Purchase,Primary,Single Family,Servicer_A,Current,0,0,0,0,,2022-07-01,Ellie Mae,Missing Items,Current,0,0,0,0,0,
LN0003015,11,2022-08,2021-09,11,349,112661.0,111047.1,4.668,660-699,90-95%,28-36%,TN,Purchase,Primary,Single Family,Servicer_A,Current,0,0,0,0,,2022-08-01,Ellie Mae,Missing Items,Current,0,0,0,0,0,
LN0003015,12,2022-09,2021-09,12,348,112661.0,110896.94,4.668,660-699,90-95%,28-36%,TN,Purchase,Primary,Single Family,Servicer_A,Current,0,0,0,0,,2022-09-01,Ellie Mae,Missing Items,Current,0,0,0,0,0,
LN0003015,13,2022-10,2021-09,13,347,112661.0,110746.19,4.668,660-699,90-95%,28-36%,TN,Purchase,Primary,Single Family,Servicer_A,Current,0,0,0,0,,2022-10-01,Ellie Mae,Missing Items,Current,0,0,0,0,0,
LN0003015,14,2022-11,2021-09,14,346,112661.0,110594.86,4.668,660-699,90-95%,28-36%,TN,Purchase,Primary,Single Family,Servicer_A,Current,0,0,0,0,,2022-11-01,Ellie Mae,Missing Items,Current,0,0,0,0,0,
LN0003015,15,2022-12,2021-09,15,345,112661.0,110442.93,4.668,660-699,90-95%,28-36%,TN,Purchase,Primary,Single Family,Servicer_A,Current,0,0,0,0,,2022-12-01,Ellie Mae,Missing Items,Current,0,0,0,0,0,
LN0003021,1,2021-12,2021-11,1,359,135573.0,135383.44,4.168,660-699,60-70%,<20%,IN,Home Improvement,Second Home,Condo,Servicer_E,Current,0,0,0,0,,2021-12-01,CoreLogic,Complete,Current,0,0,0,0,0,
LN0003021,2,2022-01,2021-11,2,358,135573.0,135193.23,4.168,660-699,60-70%,<20%,IN,Home Improvement,Second Home,Condo,Servicer_E,Current,0,0,0,0,,2022-01-01,CoreLogic,Complete,Current,0,0,0,0,0,
LN0003021,3,2022-02,2021-11,3,357,135573.0,135002.36,4.168,660-699,60-70%,<20%,IN,Home Improvement,Second Home,Condo,Servicer_E,Current,0,0,0,0,,2022-02-01,CoreLogic,Complete,Current,0,0,0,0,0,
LN0003021,4,2022-03,2021-11,4,356,135573.0,134810.82,4.168,660-699,60-70%,<20%,IN,Home Improvement,Second Home,Condo,Servicer_E,Current,0,0,0,0,,2022-03-01,CoreLogic,Complete,Current,0,0,0,0,0,
LN0003021,5,2022-04,2021-11,5,355,135573.0,134618.62,4.168,660-699,60-70%,<20%,IN,Home Improvement,Second Home,Condo,Servicer_E,Current,0,0,0,0,,2022-04-01,CoreLogic,Complete,Current,0,0,0,0,0,
LN0003021,6,2022-05,2021-11,6,354,135573.0,134425.75,4.168,660-699,60-70%,<20%,IN,Home Improvement,Second Home,Condo,Servicer_E,Current,0,0,0,0,,2022-05-01,CoreLogic,Complete,Current,0,0,0,0,0,
LN0003021,7,2022-06,2021-11,7,353,135573.0,134232.21,4.168,660-699,60-70%,<20%,IN,Home Improvement,Second Home,Condo,Servicer_E,Current,0,0,0,0,,2022-06-01,CoreLogic,Complete,Current,0,0,0,0,0,
LN0003021,8,2022-07,2021-11,8,352,135573.0,134037.99,4.168,660-699,60-70%,<20%,IN,Home Improvement,Second Home,Condo,Servicer_E,Current,0,0,0,0,,2022-07-01,CoreLogic,Complete,Current,0,0,0,0,0,
LN0003021,9,2022-08,2021-11,9,351,135573.0,133843.11,4.168,660-699,60-70%,<20%,IN,Home Improvement,Second Home,Condo,Servicer_E,Current,0,0,0,0,,2022-08-01,CoreLogic,Complete,Current,0,0,0,0,0,
LN0003021,10,2022-09,2021-11,10,350,135573.0,133647.54,4.168,660-699,60-70%,<20%,IN,Home Improvement,Second Home,Condo,Servicer_E,Current,0,0,0,0,,2022-09-01,CoreLogic,Complete,Current,0,0,0,0,0,
LN0003021,11,2022-10,2021-11,11,349,135573.0,293592.86,4.168,660-699,60-70%,<20%,IN,Home Improvement,Second Home,Condo,Servicer_E,Current,0,0,0,0,,2022-10-01,CoreLogic,Complete,Current,0,0,0,0,1,Valuation Discrepancy
LN0003021,12,2022-11,2021-11,12,348,135573.0,133254.37,4.168,660-699,60-70%,<20%,IN,Home Improvement,Second Home,Condo,Servicer_E,Current,0,0,0,0,,2022-11-01,CoreLogic,Complete,Current,0,0,0,0,0,
LN0003021,13,2022-12,2021-11,13,347,135573.0,133056.77,4.168,660-699,60-70%,<20%,IN,Home Improvement,Second Home,Condo,Servicer_E,Current,0,0,0,0,,2022-12-01,CoreLogic,Complete,Current,0,0,0,0,0,
LN0003023,1,2021-11,2021-10,1,359,131753.0,131587.51,4.759,780+,60-70%,36-43%,WI,Refinance,Primary,Single Family,Servicer_A,Current,0,0,0,0,,2021-11-01,Ellie Mae,Missing Items,Current,0,0,0,0,0,
LN0003023,2,2021-12,2021-10,2,358,131753.0,131421.36,4.759,780+,60-70%,36-43%,WI,Refinance,Primary,Single Family,Servicer_A,Current,0,0,0,0,,2021-12-01,Ellie Mae,Missing Items,Current,0,0,0,0,0,
LN0003023,3,2022-01,2021-10,3,357,131753.0,131254.56,4.759,780+,60-70%,36-43%,WI,Refinance,Primary,Single Family,Servicer_A,Current,0,0,0,0,,2022-01-01,Ellie Mae,Missing Items,Current,0,0,0,0,0,
LN0003023,4,2022-02,2021-10,4,356,131753.0,131087.09,4.759,780+,60-70%,36-43%,WI,Refinance,Primary,Single Family,Servicer_A,Current,0,0,0,0,,2022-02-01,Ellie Mae,Missing Items,Current,0,0,0,0,0,
LN0003023,5,2022-03,2021-10,5,355,131753.0,130918.96,4.759,780+,60-70%,36-43%,WI,Refinance,Primary,Single Family,Servicer_A,Current,0,0,0,0,,2022-03-01,Ellie Mae,Missing Items,Current,0,0,0,0,0,
LN0003023,6,2022-04,2021-10,6,354,131753.0,130750.16,4.759,780+,60-70%,36-43%,WI,Refinance,Primary,Single Family,Servicer_A,Current,0,0,0,0,,2022-04-01,Ellie Mae,Missing Items,Current,0,0,0,0,0,
LN0003023,7,2022-05,2021-10,7,353,131753.0,130580.69,4.759,780+,60-70%,36-43%,WI,Refinance,Primary,Single Family,Servicer_A,Current,0,0,0,0,,2022-05-01,Ellie Mae,Missing Items,Current,0,0,0,0,0,
LN0003023,8,2022-06,2021-10,8,352,131753.0,130410.55,4.759,780+,60-70%,36-43%,WI,Refinance,Primary,Single Family,Servicer_A,Current,0,0,0,0,,2022-06-01,Ellie Mae,Missing Items,Current,0,0,0,0,0,
LN0003023,9,2022-07,2021-10,9,351,131753.0,130239.74,4.759,780+,60-70%,36-43%,WI,Refinance,Primary,Single Family,Servicer_A,Current,0,0,0,0,,2022-07-01,Ellie Mae,Missing Items,Current,0,0,0,0,0,
LN0003023,10,2022-08,2021-10,10,350,131753.0,130068.25,4.759,780+,60-70%,36-43%,WI,Refinance,Primary,Single Family,Servicer_A,Current,0,0,0,0,,2022-08-01,Ellie Mae,Missing Items,Current,0,0,0,0,0,
LN0003023,11,2022-09,2021-10,11,349,131753.0,129896.07,4.759,780+,60-70%,36-43%,WI,Refinance,Primary,Single Family,Servicer_A,Current,0,0,0,0,,2022-09-01,Ellie Mae,Missing Items,Current,0,0,0,0,0,
LN0003023,12,2022-10,2021-10,12,348,131753.0,129723.22,4.759,780+,60-70%,36-43%,WI,Refinance,Primary,Single Family,Servicer_A,Current,0,0,0,0,,2022-10-01,Ellie Mae,Missing Items,Current,0,0,0,0,0,
LN0003023,13,2022-11,2021-10,13,347,131753.0,129549.68,4.759,780+,60-70%,36-43%,WI,Refinance,Primary,Single Family,Servicer_A,Current,0,0,0,0,,2022-11-01,Ellie Mae,Missing Items,Current,0,0,0,0,0,
LN0003023,14,2022-12,2021-10,14,346,131753.0,129375.45,4.759,780+,60-70%,36-43%,WI,Refinance,Primary,Single Family,Servicer_A,Current,0,0,0,0,,2022-12-01,Ellie Mae,Missing Items,Current,0,0,0,0,0,
LN0003033,1,2021-05,2021-04,1,239,160162.0,159769.23,4.931,700-739,80-90%,<20%,TX,Refinance,Primary,Single Family,Servicer_B,Current,0,0,0,0,,2021-05-01,CoreLogic,Complete,Current,0,0,0,0,0,
LN0003033,2,2021-06,2021-04,2,238,160162.0,159374.84,4.931,700-739,80-90%,<20%,TX,Refinance,Primary,Single Family,Servicer_B,Current,0,0,0,0,,2021-06-01,CoreLogic,Complete,Current,0,0,0,0,0,
LN0003033,3,2021-07,2021-04,3,237,160162.0,158978.84,4.931,700-739,80-90%,<20%,TX,Refinance,Primary,Single Family,Servicer_B,Current,0,0,0,0,,2021-07-01,CoreLogic,Complete,Current,0,0,0,0,0,
LN0003033,4,2021-08,2021-04,4,236,160162.0,158581.21,4.931,700-739,80-90%,<20%,TX,Refinance,Primary,Single Family,Servicer_B,Current,0,0,0,0,,2021-08-01,CoreLogic,Complete,Current,0,0,0,0,0,
LN0003033,5,2021-09,2021-04,5,235,160162.0,158181.94,4.931,700-739,80-90%,<20%,TX,Refinance,Primary,Single Family,Servicer_B,Current,0,0,0,0,,2021-09-01,CoreLogic,Complete,Current,0,0,0,0,0,
LN0003033,6,2021-10,2021-04,6,234,160162.0,157781.03,4.931,700-739,80-90%,<20%,TX,Refinance,Primary,Single Family,Servicer_B,Current,0,0,0,0,,2021-10-01,CoreLogic,Complete,Current,0,0,0,0,0,
LN0003033,7,2021-11,2021-04,7,233,160162.0,157378.48,4.931,700-739,80-90%,<20%,TX,Refinance,Primary,Single Family,Servicer_B,Current,0,0,0,0,,2021-11-01,CoreLogic,Complete,Current,0,0,0,0,0,
LN0003033,8,2021-12,2021-04,8,232,160162.0,156974.27,4.931,700-739,80-90%,<20%,TX,Refinance,Primary,Single Family,Servicer_B,Current,0,0,0,0,,2021-12-01,CoreLogic,Complete,Current,0,0,0,0,0,
LN0003033,9,2022-01,2021-04,9,231,160162.0,156568.4,4.931,700-739,80-90%,<20%,TX,Refinance,Primary,Single Family,Servicer_B,Current,0,0,0,0,,2022-01-01,CoreLogic,Complete,Current,0,0,0,0,0,
LN0003033,10,2022-02,2021-04,10,230,160162.0,156160.86,4.931,700-739,80-90%,<20%,TX,Refinance,Primary,Single Family,Servicer_B,Current,0,0,0,0,,2022-02-01,CoreLogic,Complete,Current,0,0,0,0,0,
LN0003033,11,2022-03,2021-04,11,229,160162.0,155751.65,4.931,700-739,80-90%,<20%,TX,Refinance,Primary,Single Family,Servicer_B,Current,0,0,0,0,,2022-03-01,CoreLogic,Complete,Current,0,0,0,0,0,
LN0003033,12,2022-04,2021-04,12,228,160162.0,155340.76,4.931,700-739,80-90%,<20%,TX,Refinance,Primary,Single Family,Servicer_B,Current,0,0,0,0,,2022-04-01,CoreLogic,Complete,Current,0,0,0,0,0,
LN0003033,13,2022-05,2021-04,13,227,160162.0,154928.18,4.931,700-739,80-90%,<20%,TX,Refinance,Primary,Single Family,Servicer_B,Current,0,0,0,0,,2022-05-01,CoreLogic,Complete,Current,0,0,0,0,0,
LN0003033,14,2022-06,2021-04,14,226,160162.0,154513.9,4.931,700-739,80-90%,<20%,TX,Refinance,Primary,Single Family,Servicer_B,Current,0,0,0,0,,2022-06-01,CoreLogic,Complete,Current,0,0,0,0,0,
LN0003033,15,2022-07,2021-04,15,225,160162.0,154097.92,4.931,700-739,80-90%,<20%,TX,Refinance,Primary,Single Family,Servicer_B,Current,0,0,0,0,,2022-07-01,CoreLogic,Complete,Current,0,0,0,0,0,
LN0003033,16,2022-08,2021-04,16,224,160162.0,153680.23,4.931,700-739,80-90%,<20%,TX,Refinance,Primary,Single Family,Servicer_B,Current,0,0,0,0,,2022-08-01,CoreLogic,Complete,Current,0,0,0,0,0,
LN0003033,17,2022-09,2021-04,17,223,160162.0,153260.83,4.931,700-739,80-90%,<20%,TX,Refinance,Primary,Single Family,Servicer_B,Current,0,0,0,0,,2022-09-01,CoreLogic,Complete,Current,0,0,0,0,0,
LN0003033,18,2022-10,2021-04,18,222,160162.0,152839.7,4.931,700-739,80-90%,<20%,TX,Refinance,Primary,Single Family,Servicer_B,Current,0,0,0,0,,2022-10-01,CoreLogic,Complete,Current,0,0,0,0,0,
LN0003033,19,2022-11,2021-04,19,221,160162.0,152416.84,4.931,700-739,80-90%,<20%,TX,Refinance,Primary,Single Family,Servicer_B,Current,0,0,0,0,,2022-11-01,CoreLogic,Complete,Current,0,0,0,0,0,
LN0003033,20,2022-12,2021-04,20,220,160162.0,151992.24,4.931,700-739,80-90%,<20%,TX,Refinance,Primary,Single Family,Servicer_B,Current,0,0,0,0,,2022-12-01,CoreLogic,Complete,Current,0,0,0,0,0,
LN0003057,1,2022-04,2022-03,1,359,152753.0,152442.98,2.0,660-699,60-70%,28-36%,MI,Cash-Out Refinance,Primary,Single Family,Servicer_B,Current,0,0,0,0,,2022-04-01,CoreLogic,Complete,Current,0,0,0,0,0,
LN0003057,2,2022-05,2022-03,2,358,152753.0,152132.45,2.0,660-699,60-70%,28-36%,MI,Cash-Out Refinance,Primary,Single Family,Servicer_B,Current,0,0,0,0,,2022-05-01,CoreLogic,Complete,Current,0,0,0,0,0,
LN0003057,3,2022-06,2022-03,3,357,152753.0,151821.4,2.0,660-699,60-70%,28-36%,MI,Cash-Out Refinance,Primary,Single Family,Servicer_B,Current,0,0,0,0,,2022-06-01,CoreLogic,Complete,Current,0,0,0,0,0,
LN0003057,4,2022-07,2022-03,4,356,152753.0,151509.83,2.0,660-699,60-70%,28-36%,MI,Cash-Out Refinance,Primary,Single Family,Servicer_B,Current,0,0,0,0,,2022-07-01,CoreLogic,Complete,Current,0,0,0,0,0,
LN0003057,5,2022-08,2022-03,5,355,152753.0,151197.74,2.0,660-699,60-70%,28-36%,MI,Cash-Out Refinance,Primary,Single Family,Servicer_B,Current,0,0,0,0,,2022-08-01,CoreLogic,Complete,Current,0,0,0,0,0,
LN0003057,6,2022-09,2022-03,6,354,152753.0,150885.13,2.0,660-699,60-70%,28-36%,MI,Cash-Out Refinance,Primary,Single Family,Servicer_B,Current,0,0,0,0,,2022-09-01,CoreLogic,Complete,Current,0,0,0,0,0,
LN0003057,7,2022-10,2022-03,7,353,152753.0,150572.0,2.0,660-699,60-70%,28-36%,MI,Cash-Out Refinance,Primary,Single Family,Servicer_B,Current,0,0,0,0,,2022-10-01,CoreLogic,Complete,Current,0,0,0,0,0,
LN0003057,8,2022-11,2022-03,8,352,152753.0,150258.35,2.0,660-699,60-70%,28-36%,MI,Cash-Out Refinance,Primary,Single Family,Servicer_B,Current,0,0,0,0,,2022-11-01,CoreLogic,Complete,Current,0,0,0,0,0,
LN0003057,9,2022-12,2022-03,9,351,152753.0,149944.18,2.0,660-699,60-70%,28-36%,MI,Cash-Out Refinance,Primary,Single Family,Servicer_B,Current,0,0,0,0,,2022-12-01,CoreLogic,Complete,Current,0,0,0,0,0,
LN0003069,1,2022-11,2022-10,1,359,123772.0,123598.79,4.163,700-739,80-90%,20-28%,IL,Cash-Out Refinance,Primary,Single Family,Servicer_D,Current,0,0,0,0,,2022-11-01,CoreLogic,Complete,Current,0,0,0,0,0,
LN0003069,2,2022-12,2022-10,2,358,123772.0,123424.98,4.163,700-739,80-90%,20-28%,IL,Cash-Out Refinance,Primary,Single Family,Servicer_D,Current,0,0,0,0,,2022-12-01,CoreLogic,Complete,Current,0,0,0,0,0,
LN0003071,1,2022-05,2022-04,1,359,334485.0,334085.62,5.034,740-779,70-80%,20-28%,VA,Refinance,Primary,Manufactured,Servicer_D,Current,0,0,0,0,,2022-05-01,Ellie Mae,Missing Items,Current,0,0,0,0,0,
LN0003071,2,2022-06,2022-04,2,358,334485.0,333684.56,5.034,740-779,70-80%,20-28%,VA,Refinance,Primary,Manufactured,Servicer_D,Current,0,0,0,0,,2022-06-01,Ellie Mae,Missing Items,Current,0,0,0,0,0,
LN0003071,3,2022-07,2022-04,3,357,334485.0,733220.02,5.034,740-779,70-80%,20-28%,VA,Refinance,Primary,Manufactured,Servicer_D,Current,0,0,0,0,,2022-07-01,Ellie Mae,Missing Items,Current,0,0,0,0,1,Valuation Discrepancy
LN0003071,4,2022-08,2022-04,4,356,334485.0,332877.4,5.034,740-779,70-80%,20-28%,VA,Refinance,Primary,Manufactured,Servicer_D,Current,0,0,0,0,,2022-08-01,Ellie Mae,Missing Items,Current,0,0,0,0,0,
LN0003071,5,2022-09,2022-04,5,355,334485.0,332471.28,5.034,740-779,70-80%,20-28%,VA,Refinance,Primary,Manufactured,Servicer_D,Current,0,0,0,0,,2022-09-01,Ellie Mae,Missing Items,Current,0,0,0,0,0,
LN0003071,6,2022-10,2022-04,6,354,334485.0,332063.45,5.034,740-779,70-80%,20-28%,VA,Refinance,Primary,Manufactured,Servicer_D,Current,0,0,0,0,,2022-10-01,Ellie Mae,Missing Items,Current,0,0,0,0,0,
LN0003071,7,2022-11,2022-04,7,353,334485.0,331653.91,5.034,740-779,70-80%,20-28%,VA,Refinance,Primary,Manufactured,Servicer_D,Current,0,0,0,0,,2022-11-01,Ellie Mae,Missing Items,Current,0,0,0,0,0,
LN0003071,8,2022-12,2022-04,8,352,334485.0,331242.65,5.034,740-779,70-80%,20-28%,VA,Refinance,Primary,Manufactured,Servicer_D,Current,0,0,0,0,,2022-12-01,Ellie Mae,Missing Items,Current,0,0,0,0,0,
LN0003072,1,2022-02,2022-01,1,359,96355.0,96239.67,5.021,700-739,70-80%,20-28%,WA,Purchase,Primary,Single Family,Servicer_B,Current,0,0,0,0,,2022-02-01,Encompass,Under Exception,Current,0,0,0,0,0,
LN0003072,2,2022-03,2022-01,2,358,96355.0,96123.86,5.021,700-739,70-80%,20-28%,WA,Purchase,Primary,Single Family,Servicer_B,Current,0,0,0,0,,2022-03-01,Encompass,Under Exception,Current,0,0,0,0,0,
LN0003072,3,2022-04,2022-01,3,357,96355.0,96007.57,5.021,700-739,70-80%,20-28%,WA,Purchase,Primary,Single Family,Servicer_B,Current,0,0,0,0,,2022-04-01,Encompass,Under Exception,Current,0,0,0,0,0,
LN0003072,4,2022-05,2022-01,4,356,96355.0,95890.79,5.021,700-739,70-80%,20-28%,WA,Purchase,Primary,Single Family,Servicer_B,Current,0,0,0,0,,2022-05-01,Encompass,Under Exception,Current,0,0,0,0,0,
LN0003072,5,2022-06,2022-01,5,355,96355.0,95773.52,5.021,700-739,70-80%,20-28%,WA,Purchase,Primary,Single Family,Servicer_B,Current,0,0,0,0,,2022-06-01,Encompass,Under Exception,Current,0,0,0,0,0,
LN0003072,6,2022-07,2022-01,6,354,96355.0,95655.76,5.021,700-739,70-80%,20-28%,WA,Purchase,Primary,Single Family,Servicer_B,Current,239,0,0,0,,2022-07-01,Encompass,Under Exception,Current,0,0,0,0,0,
LN0003072,7,2022-08,2022-01,7,353,96355.0,95537.51,5.021,700-739,70-80%,20-28%,WA,Purchase,Primary,Single Family,Servicer_B,Current,0,0,0,0,,2022-08-01,Encompass,Under Exception,Current,0,0,0,0,0,
LN0003072,8,2022-09,2022-01,8,352,96355.0,95418.76,5.021,700-739,70-80%,20-28%,WA,Purchase,Primary,Single Family,Servicer_B,Current,0,0,0,0,,2022-09-01,Encompass,Under Exception,Current,0,0,0,0,0,
LN0003072,9,2022-10,2022-01,9,351,96355.0,95299.52,5.021,700-739,70-80%,20-28%,WA,Purchase,Primary,Single Family,Servicer_B,Current,0,0,0,0,,2022-10-01,Encompass,Under Exception,Current,0,0,0,0,0,
LN0003072,10,2022-11,2022-01,10,350,96355.0,95179.78,5.021,700-739,70-80%,20-28%,WA,Purchase,Primary,Single Family,Servicer_B,Current,0,0,0,0,,2022-11-01,Encompass,Under Exception,Current,0,0,0,0,0,
LN0003072,11,2022-12,2022-01,11,349,96355.0,95059.53,5.021,700-739,70-80%,20-28%,WA,Purchase,Primary,Single Family,Servicer_B,Current,0,0,0,0,,2022-12-01,Encompass,Under Exception,Current,0,0,0,0,0,
LN0003082,1,2022-04,2022-03,1,179,132210.0,131579.57,2.0,700-739,70-80%,<20%,TX,Refinance,Primary,Townhouse,Servicer_B,Current,0,0,0,0,,2022-04-01,Black Knight,Pending Review,Current,0,0,0,0,0,
LN0003082,2,2022-05,2022-03,2,178,132210.0,130948.08,2.0,700-739,70-80%,<20%,TX,Refinance,Primary,Townhouse,Servicer_B,Current,0,0,0,0,,2022-05-01,Black Knight,Pending Review,Current,0,0,0,0,0,
LN0003082,3,2022-06,2022-03,3,177,132210.0,130315.55,2.0,700-739,70-80%,<20%,TX,Refinance,Primary,Townhouse,Servicer_B,Current,0,0,0,0,,2022-06-01,Black Knight,Pending Review,Current,0,0,0,0,0,
LN0003082,4,2022-07,2022-03,4,176,132210.0,129681.96,2.0,700-739,70-80%,<20%,TX,Refinance,Primary,Townhouse,Servicer_B,Current,0,0,0,0,,2022-07-01,Black Knight,Pending Review,Current,0,0,0,0,0,
LN0003082,5,2022-08,2022-03,5,175,132210.0,129047.31,2.0,700-739,70-80%,<20%,TX,Refinance,Primary,Townhouse,Servicer_B,Current,0,0,0,0,,2022-08-01,Black Knight,Pending Review,Current,0,0,0,0,0,
LN0003082,6,2022-09,2022-03,6,174,132210.0,128411.61,2.0,700-739,70-80%,<20%,TX,Refinance,Primary,Townhouse,Servicer_B,Current,0,0,0,0,,2022-09-01,Black Knight,Pending Review,Current,0,0,0,0,0,
LN0003082,7,2022-10,2022-03,7,173,132210.0,127774.84,2.0,700-739,70-80%,<20%,TX,Refinance,Primary,Townhouse,Servicer_B,Current,0,0,0,0,,2022-10-01,Black Knight,Pending Review,Current,0,0,0,0,0,
LN0003082,8,2022-11,2022-03,8,172,132210.0,127137.02,2.0,700-739,70-80%,<20%,TX,Refinance,Primary,Townhouse,Servicer_B,Current,0,0,0,0,,2022-11-01,Black Knight,Pending Review,Current,0,0,0,0,0,
LN0003082,9,2022-12,2022-03,9,171,132210.0,126498.13,2.0,700-739,70-80%,<20%,TX,Refinance,Primary,Townhouse,Servicer_B,Current,0,0,0,0,,2022-12-01,Black Knight,Pending Review,Current,0,0,0,0,0,
LN0003095,1,2022-03,2022-02,1,179,97172.0,96786.29,4.286,700-739,80-90%,28-36%,GA,Purchase,Primary,Single Family,Servicer_A,Current,0,0,0,0,,2022-03-01,Ellie Mae,Missing Items,Current,0,0,0,0,0,
LN0003095,2,2022-04,2022-02,2,178,97172.0,96399.2,4.286,700-739,80-90%,28-36%,GA,Purchase,Primary,Single Family,Servicer_A,Current,0,0,0,0,,2022-04-01,Ellie Mae,Missing Items,Current,0,0,0,0,0,
LN0003095,3,2022-05,2022-02,3,177,97172.0,96010.73,4.286,700-739,80-90%,28-36%,GA,Purchase,Primary,Single Family,Servicer_A,Current,0,0,0,0,,2022-05-01,Ellie Mae,Missing Items,Current,0,0,0,0,0,
LN0003095,4,2022-06,2022-02,4,176,97172.0,95620.88,4.286,700-739,80-90%,28-36%,GA,Purchase,Primary,Single Family,Servicer_A,Current,0,0,0,0,,2022-06-01,Ellie Mae,Missing Items,Current,0,0,0,0,0,
LN0003095,5,2022-07,2022-02,5,175,97172.0,95229.63,4.286,700-739,80-90%,28-36%,GA,Purchase,Primary,Single Family,Servicer_A,Current,0,0,0,0,,2022-07-01,Ellie Mae,Missing Items,Current,0,0,0,0,0,
LN0003095,6,2022-08,2022-02,6,174,97172.0,94836.98,4.286,700-739,80-90%,28-36%,GA,Purchase,Primary,Single Family,Servicer_A,Current,0,0,0,0,,2022-08-01,Ellie Mae,Missing Items,Current,0,0,0,0,0,
LN0003095,7,2022-09,2022-02,7,173,97172.0,94442.93,4.286,700-739,80-90%,28-36%,GA,Purchase,Primary,Single Family,Servicer_A,Current,0,0,0,0,,2022-09-01,Ellie Mae,Missing Items,Current,0,0,0,0,0,
LN0003095,8,2022-10,2022-02,8,172,97172.0,94047.47,4.286,700-739,80-90%,28-36%,GA,Purchase,Primary,Single Family,Servicer_A,Current,0,0,0,0,,2022-10-01,Ellie Mae,Missing Items,Current,0,0,0,0,0,
LN0003095,9,2022-11,2022-02,9,171,97172.0,93650.6,4.286,700-739,80-90%,28-36%,GA,Purchase,Primary,Single Family,Servicer_A,Current,0,0,0,0,,2022-11-01,Ellie Mae,Missing Items,Current,0,0,0,0,0,
LN0003095,10,2022-12,2022-02,10,170,97172.0,93252.32,4.286,700-739,80-90%,28-36%,GA,Purchase,Primary,Single Family,Servicer_A,Current,0,0,0,0,,2022-12-01,Ellie Mae,Missing Items,Current,0,0,0,0,0,
LN0003107,1,2020-12,2020-11,1,359,177186.0,176928.52,3.952,,80-90%,20-28%,WA,Purchase,Primary,Single Family,Servicer_E,Current,0,0,0,0,,2020-12-01,Ellie Mae,Missing Items,Current,0,0,0,0,0,
LN0003107,2,2021-01,2020-11,2,358,177186.0,176670.18,3.952,,80-90%,20-28%,WA,Purchase,Primary,Single Family,Servicer_E,Current,0,0,0,0,,2021-01-01,Ellie Mae,Missing Items,Current,0,0,0,0,0,
LN0003107,3,2021-02,2020-11,3,357,177186.0,176411.0,3.952,,80-90%,20-28%,WA,Purchase,Primary,Single Family,Servicer_E,Current,0,0,0,0,,2021-02-01,Ellie Mae,Missing Items,Current,0,0,0,0,0,
LN0003107,4,2021-03,2020-11,4,356,177186.0,176150.96,3.952,,80-90%,20-28%,WA,Purchase,Primary,Single Family,Servicer_E,Current,0,0,0,0,,2021-03-01,Ellie Mae,Missing Items,Current,0,0,0,0,0,
LN0003107,5,2021-04,2020-11,5,355,177186.0,175890.07,3.952,,80-90%,20-28%,WA,Purchase,Primary,Single Family,Servicer_E,Current,0,0,0,0,,2021-04-01,Ellie Mae,Missing Items,Current,0,0,0,0,0,
LN0003107,6,2021-05,2020-11,6,354,177186.0,175628.32,3.952,,80-90%,20-28%,WA,Purchase,Primary,Single Family,Servicer_E,Current,0,0,0,0,,2021-05-01,Ellie Mae,Missing Items,Current,0,0,0,0,0,
LN0003107,7,2021-06,2020-11,7,353,177186.0,175365.7,3.952,,80-90%,20-28%,WA,Purchase,Primary,Single Family,Servicer_E,Current,0,0,0,0,,2021-06-01,Ellie Mae,Missing Items,Current,0,0,0,0,0,
LN0003107,8,2021-07,2020-11,8,352,177186.0,175102.22,3.952,,80-90%,20-28%,WA,Purchase,Primary,Single Family,Servicer_E,Current,0,0,0,0,,2021-07-01,Ellie Mae,Missing Items,Current,0,0,0,0,0,
LN0003107,9,2021-08,2020-11,9,351,177186.0,174837.87,3.952,,80-90%,20-28%,WA,Purchase,Primary,Single Family,Servicer_E,Current,0,0,0,0,,2021-08-01,Ellie Mae,Missing Items,Current,0,0,0,0,0,
LN0003107,10,2021-09,2020-11,10,350,177186.0,174572.66,3.952,,80-90%,20-28%,WA,Purchase,Primary,Single Family,Servicer_E,Current,0,0,0,0,,2021-09-01,Ellie Mae,Missing Items,Current,0,0,0,0,0,
LN0003107,11,2021-10,2020-11,11,349,177186.0,174306.57,3.952,,80-90%,20-28%,WA,Purchase,Primary,Single Family,Servicer_E,Current,0,0,0,0,,2021-10-01,Ellie Mae,Missing Items,Current,0,0,0,0,0,
LN0003107,12,2021-11,2020-11,12,348,177186.0,174039.6,3.952,,80-90%,20-28%,WA,Purchase,Primary,Single Family,Servicer_E,Current,0,0,0,0,,2021-11-01,Ellie Mae,Missing Items,Current,0,0,0,0,0,
LN0003107,13,2021-12,2020-11,13,347,177186.0,173771.75,3.952,,80-90%,20-28%,WA,Purchase,Primary,Single Family,Servicer_E,Current,0,0,0,0,,2021-12-01,Ellie Mae,Missing Items,Current,0,0,0,0,0,
LN0003107,14,2022-01,2020-11,14,346,177186.0,173503.02,3.952,,80-90%,20-28%,WA,Purchase,Primary,Single Family,Servicer_E,Current,0,0,0,0,,2022-01-01,Ellie Mae,Missing Items,Current,0,0,0,0,0,
LN0003107,15,2022-02,2020-11,15,345,177186.0,173233.41,3.952,,80-90%,20-28%,WA,Purchase,Primary,Single Family,Servicer_E,Current,0,0,0,0,,2022-02-01,Ellie Mae,Missing Items,Current,0,0,0,0,0,
LN0003107,16,2022-03,2020-11,16,344,177186.0,172962.91,3.952,,80-90%,20-28%,WA,Purchase,Primary,Single Family,Servicer_E,Current,0,0,0,0,,2022-03-01,Ellie Mae,Missing Items,Current,0,0,0,0,0,
LN0003107,17,2022-04,2020-11,17,343,177186.0,172691.51,3.952,,80-90%,20-28%,WA,Purchase,Primary,Single Family,Servicer_E,Current,0,0,0,0,,2022-04-01,Ellie Mae,Missing Items,Current,0,0,0,0,0,
LN0003107,18,2022-05,2020-11,18,342,177186.0,172419.23,3.952,,80-90%,20-28%,WA,Purchase,Primary,Single Family,Servicer_E,Current,0,0,0,0,,2022-05-01,Ellie Mae,Missing Items,Current,0,0,0,0,0,
LN0003107,19,2022-06,2020-11,19,341,177186.0,172146.04,3.952,,80-90%,20-28%,WA,Purchase,Primary,Single Family,Servicer_E,Current,0,0,0,0,,2022-06-01,Ellie Mae,Missing Items,Current,0,0,0,0,0,
LN0003107,20,2022-07,2020-11,20,340,177186.0,171871.96,3.952,,80-90%,20-28%,WA,Purchase,Primary,Single Family,Servicer_E,Current,0,0,0,0,,2022-07-01,Ellie Mae,Missing Items,Current,0,0,0,0,0,
LN0003107,21,2022-08,2020-11,21,339,177186.0,171596.98,3.952,,80-90%,20-28%,WA,Purchase,Primary,Single Family,Servicer_E,Current,0,0,0,0,,2022-08-01,Ellie Mae,Missing Items,Current,0,0,0,0,0,
LN0003107,22,2022-09,2020-11,22,338,177186.0,171321.08,3.952,,80-90%,20-28%,WA,Purchase,Primary,Single Family,Servicer_E,Current,0,0,0,0,,2022-09-01,Ellie Mae,Missing Items,Current,0,0,0,0,0,
LN0003107,23,2022-10,2020-11,23,337,177186.0,171044.28,3.952,,80-90%,20-28%,WA,Purchase,Primary,Single Family,Servicer_E,Current,0,0,0,0,,2022-10-01,Ellie Mae,Missing Items,Current,0,0,0,0,0,
LN0003107,24,2022-11,2020-11,24,336,177186.0,170766.57,3.952,,80-90%,20-28%,WA,Purchase,Primary,Single Family,Servicer_E,Current,0,0,0,0,,2022-11-01,Ellie Mae,Missing Items,Current,0,0,0,0,0,
LN0003107,25,2022-12,2020-11,25,335,177186.0,170487.95,3.952,,80-90%,20-28%,WA,Purchase,Primary,Single Family,Servicer_E,Current,0,0,0,0,,2022-12-01,Ellie Mae,Missing Items,Current,0,0,0,0,0,
LN0003114,1,2020-12,2020-11,1,359,71567.0,71565.45,22.816812079596197,700-739,90-95%,20-28%,NC,Cash-Out Refinance,Primary,Townhouse,Servicer_D,Current,0,0,0,0,,2020-12-01,Black Knight,Pending Review,Current,0,0,0,0,0,
LN0003114,2,2021-01,2020-11,2,358,71567.0,71563.88,22.816812079596197,700-739,90-95%,20-28%,NC,Cash-Out Refinance,Primary,Townhouse,Servicer_D,Current,0,0,0,0,,2021-01-01,Black Knight,Pending Review,Current,0,0,0,0,0,
LN0003114,3,2021-02,2020-11,3,357,71567.0,71562.27,22.816812079596197,700-739,90-95%,20-28%,NC,Cash-Out Refinance,Primary,Townhouse,Servicer_D,Current,0,0,0,0,,2021-02-01,Black Knight,Pending Review,Current,0,0,0,0,0,
LN0003114,4,2021-03,2020-11,4,356,71567.0,71560.63,22.816812079596197,700-739,90-95%,20-28%,NC,Cash-Out Refinance,Primary,Townhouse,Servicer_D,Current,0,0,0,0,,2021-03-01,Black Knight,Pending Review,Current,0,0,0,0,0,
LN0003114,5,2021-04,2020-11,5,355,71567.0,71558.97,22.816812079596197,700-739,90-95%,20-28%,NC,Cash-Out Refinance,Primary,Townhouse,Servicer_D,Current,0,0,0,0,,2021-04-01,Black Knight,Pending Review,Current,0,0,0,0,0,
LN0003114,6,2021-05,2020-11,6,354,71567.0,71557.27,22.816812079596197,700-739,90-95%,20-28%,NC,Cash-Out Refinance,Primary,Townhouse,Servicer_D,Current,0,0,0,0,,2021-05-01,Black Knight,Pending Review,Current,0,0,0,0,0,
LN0003114,7,2021-06,2020-11,7,353,71567.0,71555.54,22.816812079596197,700-739,90-95%,20-28%,NC,Cash-Out Refinance,Primary,Townhouse,Servicer_D,Current,0,0,0,0,,2021-06-01,Black Knight,Pending Review,Current,0,0,0,0,0,
LN0003114,8,2021-07,2020-11,8,352,71567.0,71553.77,22.816812079596197,700-739,90-95%,20-28%,NC,Cash-Out Refinance,Primary,Townhouse,Servicer_D,Current,0,0,0,0,,2021-07-01,Black Knight,Pending Review,Current,0,0,0,0,0,
LN0003114,9,2021-08,2020-11,9,351,71567.0,71551.97,22.816812079596197,700-739,90-95%,20-28%,NC,Cash-Out Refinance,Primary,Townhouse,Servicer_D,Current,0,0,0,0,,2021-08-01,Black Knight,Pending Review,Current,0,0,0,0,0,
LN0003114,10,2021-09,2020-11,10,350,71567.0,71550.14,22.816812079596197,700-739,90-95%,20-28%,NC,Cash-Out Refinance,Primary,Townhouse,Servicer_D,Current,0,0,0,0,,2021-09-01,Black Knight,Pending Review,Current,0,0,0,0,0,
LN0003114,11,2021-10,2020-11,11,349,71567.0,71548.27,22.816812079596197,700-739,90-95%,20-28%,NC,Cash-Out Refinance,Primary,Townhouse,Servicer_D,Current,0,0,0,0,,2021-10-01,Black Knight,Pending Review,Current,0,0,0,0,0,
LN0003114,12,2021-11,2020-11,12,348,71567.0,71546.37,22.816812079596197,700-739,90-95%,20-28%,NC,Cash-Out Refinance,Primary,Townhouse,Servicer_D,Current,0,0,0,0,,2021-11-01,Black Knight,Pending Review,Current,0,0,0,0,0,
LN0003114,13,2021-12,2020-11,13,347,71567.0,71544.43,22.816812079596197,700-739,90-95%,20-28%,NC,Cash-Out Refinance,Primary,Townhouse,Servicer_D,Current,0,0,0,0,,2021-12-01,Black Knight,Pending Review,Current,0,0,0,0,0,
LN0003114,14,2022-01,2020-11,14,346,71567.0,71542.45,22.816812079596197,700-739,90-95%,20-28%,NC,Cash-Out Refinance,Primary,Townhouse,Servicer_D,Current,0,0,0,0,,2022-01-01,Black Knight,Pending Review,Current,0,0,0,0,0,
LN0003114,15,2022-02,2020-11,15,345,71567.0,71540.44,22.816812079596197,700-739,90-95%,20-28%,NC,Cash-Out Refinance,Primary,Townhouse,Servicer_D,Current,0,0,0,0,,2022-02-01,Black Knight,Pending Review,Current,0,0,0,0,0,
LN0003114,16,2022-03,2020-11,16,344,71567.0,71538.39,22.816812079596197,700-739,90-95%,20-28%,NC,Cash-Out Refinance,Primary,Townhouse,Servicer_D,Current,0,0,0,0,,2022-03-01,Black Knight,Pending Review,Current,0,0,0,0,0,
LN0003114,17,2022-04,2020-11,17,343,71567.0,71536.3,22.816812079596197,700-739,90-95%,20-28%,NC,Cash-Out Refinance,Primary,Townhouse,Servicer_D,Current,0,0,0,0,,2022-04-01,Black Knight,Pending Review,Current,0,0,0,0,0,
LN0003114,18,2022-05,2020-11,18,342,71567.0,71534.17,22.816812079596197,700-739,90-95%,20-28%,NC,Cash-Out Refinance,Primary,Townhouse,Servicer_D,Current,0,0,0,0,,2022-05-01,Black Knight,Pending Review,Current,0,0,0,0,0,
LN0003114,19,2022-06,2020-11,19,341,71567.0,71532.0,22.816812079596197,700-739,90-95%,20-28%,NC,Cash-Out Refinance,Primary,Townhouse,Servicer_D,Current,0,0,0,0,,2022-06-01,Black Knight,Pending Review,Current,0,0,0,0,0,
LN0003114,20,2022-07,2020-11,20,340,71567.0,71529.78,22.816812079596197,700-739,90-95%,20-28%,NC,Cash-Out Refinance,Primary,Townhouse,Servicer_D,Current,0,0,0,0,,2022-07-01,Black Knight,Pending Review,Current,0,0,0,0,0,
LN0003114,21,2022-08,2020-11,21,339,71567.0,71527.53,22.816812079596197,700-739,90-95%,20-28%,NC,Cash-Out Refinance,Primary,Townhouse,Servicer_D,Current,0,0,0,0,,2022-08-01,Black Knight,Pending Review,Current,0,0,0,0,0,
LN0003114,22,2022-09,2020-11,22,338,71567.0,71525.23,22.816812079596197,700-739,90-95%,20-28%,NC,Cash-Out Refinance,Primary,Townhouse,Servicer_D,Current,0,0,0,0,,2022-09-01,Black Knight,Pending Review,Current,0,0,0,0,0,
LN0003114,23,2022-10,2020-11,23,337,71567.0,71522.89,22.816812079596197,700-739,90-95%,20-28%,NC,Cash-Out Refinance,Primary,Townhouse,Servicer_D,Current,0,0,0,0,,2022-10-01,Black Knight,Pending Review,Current,0,0,0,0,0,
LN0003114,24,2022-11,2020-11,24,336,71567.0,71520.51,22.816812079596197,700-739,90-95%,20-28%,NC,Cash-Out Refinance,Primary,Townhouse,Servicer_D,Current,0,0,0,0,,2022-11-01,Black Knight,Pending Review,Current,0,0,0,0,0,
LN0003114,25,2022-12,2020-11,25,335,71567.0,71518.08,22.816812079596197,700-739,90-95%,20-28%,NC,Cash-Out Refinance,Primary,Townhouse,Servicer_D,Current,0,0,0,0,,2022-12-01,Black Knight,Pending Review,Current,0,0,0,0,0,
LN0003124,1,2021-06,2021-05,1,359,71651.0,71545.61,3.884,740-779,<60%,<20%,TX,Refinance,Primary,Multi-Family,Servicer_A,Current,0,0,0,0,,2021-06-01,Encompass,Under Exception,Current,0,0,0,0,0,
LN0003124,2,2021-07,2021-05,2,358,71651.0,71439.88,3.884,740-779,<60%,<20%,TX,Refinance,Primary,Multi-Family,Servicer_A,Current,0,0,0,0,,2021-07-01,Encompass,Under Exception,Current,0,0,0,0,0,
LN0003124,3,2021-08,2021-05,3,357,71651.0,71333.81,3.884,740-779,<60%,<20%,TX,Refinance,Primary,Multi-Family,Servicer_A,Current,0,0,0,0,,2021-08-01,Encompass,Under Exception,Current,0,0,0,0,0,
LN0003124,4,2021-09,2021-05,4,356,71651.0,71227.4,3.884,740-779,<60%,<20%,TX,Refinance,Primary,Multi-Family,Servicer_A,Current,0,0,0,0,,2021-09-01,Encompass,Under Exception,Current,0,0,0,0,0,
LN0003124,5,2021-10,2021-05,5,355,71651.0,71120.64,3.884,740-779,<60%,<20%,TX,Refinance,Primary,Multi-Family,Servicer_A,Current,0,0,0,0,,2021-10-01,Encompass,Under Exception,Current,0,0,0,0,0,
LN0003124,6,2021-11,2021-05,6,354,71651.0,71013.53,3.884,740-779,<60%,<20%,TX,Refinance,Primary,Multi-Family,Servicer_A,Current,0,0,0,0,,2021-11-01,Encompass,Under Exception,Current,0,0,0,0,0,
LN0003124,7,2021-12,2021-05,7,353,71651.0,70906.08,3.884,740-779,<60%,<20%,TX,Refinance,Primary,Multi-Family,Servicer_A,Current,0,0,0,0,,2021-12-01,Encompass,Under Exception,Current,0,0,0,0,0,
LN0003124,8,2022-01,2021-05,8,352,71651.0,70798.28,3.884,740-779,<60%,<20%,TX,Refinance,Primary,Multi-Family,Servicer_A,Current,0,0,0,0,,2022-01-01,Encompass,Under Exception,Current,0,0,0,0,0,
LN0003124,9,2022-02,2021-05,9,351,71651.0,70690.13,3.884,740-779,<60%,<20%,TX,Refinance,Primary,Multi-Family,Servicer_A,Current,0,0,0,0,,2022-02-01,Encompass,Under Exception,Current,0,0,0,0,0,
LN0003124,10,2022-03,2021-05,10,350,71651.0,70581.64,3.884,740-779,<60%,<20%,TX,Refinance,Primary,Multi-Family,Servicer_A,Current,0,0,0,0,,2022-03-01,Encompass,Under Exception,Current,0,0,0,0,0,
LN0003124,11,2022-04,2021-05,11,349,71651.0,70472.79,3.884,740-779,<60%,<20%,TX,Refinance,Primary,Multi-Family,Servicer_A,Current,0,0,0,0,,2022-04-01,Encompass,Under Exception,Current,0,0,0,0,0,
LN0003124,12,2022-05,2021-05,12,348,71651.0,70363.58,3.884,740-779,<60%,<20%,TX,Refinance,Primary,Multi-Family,Servicer_A,Current,0,0,0,0,,2022-05-01,Encompass,Under Exception,Current,0,0,0,0,0,
LN0003124,13,2022-06,2021-05,13,347,71651.0,70254.03,3.884,740-779,<60%,<20%,TX,Refinance,Primary,Multi-Family,Servicer_A,Current,0,0,0,0,,2022-06-01,Encompass,Under Exception,Current,0,0,0,0,0,
LN0003124,14,2022-07,2021-05,14,346,71651.0,70144.12,3.884,740-779,<60%,<20%,TX,Refinance,Primary,Multi-Family,Servicer_A,Current,0,0,0,0,,2022-07-01,Encompass,Under Exception,Current,0,0,0,0,0,
LN0003124,15,2022-08,2021-05,15,345,71651.0,70033.85,3.884,740-779,<60%,<20%,TX,Refinance,Primary,Multi-Family,Servicer_A,Current,0,0,0,0,,2022-08-01,Encompass,Under Exception,Current,0,0,0,0,0,
LN0003124,16,2022-09,2021-05,16,344,71651.0,69923.23,3.884,740-779,<60%,<20%,TX,Refinance,Primary,Multi-Family,Servicer_A,Current,0,0,0,0,,2022-09-01,Encompass,Under Exception,Current,0,0,0,0,0,
LN0003124,17,2022-10,2021-05,17,343,71651.0,69812.25,3.884,740-779,<60%,<20%,TX,Refinance,Primary,Multi-Family,Servicer_A,Current,0,0,0,0,,2022-10-01,Encompass,Under Exception,Current,0,0,0,0,0,
LN0003124,18,2022-11,2021-05,18,342,71651.0,69700.91,3.884,740-779,<60%,<20%,TX,Refinance,Primary,Multi-Family,Servicer_A,Current,0,0,0,0,,2022-11-01,Encompass,Under Exception,Current,0,0,0,0,0,
LN0003124,19,2022-12,2021-05,19,341,71651.0,69589.21,3.884,740-779,<60%,<20%,TX,Refinance,Primary,Multi-Family,Servicer_A,Current,0,0,0,0,,2022-12-01,Encompass,Under Exception,Current,0,0,0,0,0,
LN0003144,1,2022-10,2022-09,1,239,345291.0,344631.37,7.04,660-699,70-80%,20-28%,TN,Cash-Out Refinance,Primary,Condo,Servicer_A,Current,0,0,0,0,,2022-10-01,Encompass,Under Exception,Current,0,0,0,0,0,
LN0003144,2,2022-11,2022-09,2,238,345291.0,343967.88,7.04,660-699,70-80%,20-28%,TN,Cash-Out Refinance,Primary,Condo,Servicer_A,Current,0,0,0,0,,2022-11-01,Encompass,Under Exception,Current,0,0,0,0,0,
LN0003144,3,2022-12,2022-09,3,237,345291.0,343300.49,7.04,660-699,70-80%,20-28%,TN,Cash-Out Refinance,Primary,Condo,Servicer_A,Current,0,0,0,0,,2022-12-01,Encompass,Under Exception,Current,0,0,0,0,0,
LN0003163,1,2022-04,2022-03,1,359,75793.0,75693.41,4.512,660-699,80-90%,28-36%,WA,Refinance,Primary,Multi-Family,Servicer_C,Current,0,0,0,0,,2022-04-01,Ellie Mae,Missing Items,Current,0,0,0,0,0,
LN0003163,2,2022-05,2022-03,2,358,75793.0,75593.44,4.512,660-699,80-90%,28-36%,WA,Refinance,Primary,Multi-Family,Servicer_C,Current,0,0,0,0,,2022-05-01,Ellie Mae,Missing Items,Current,0,0,0,0,0,
LN0003163,3,2022-06,2022-03,3,357,75793.0,75493.1,4.512,660-699,80-90%,28-36%,WA,Refinance,Primary,Multi-Family,Servicer_C,Current,0,0,0,0,,2022-06-01,Ellie Mae,Missing Items,Current,0,0,0,0,0,
LN0003163,4,2022-07,2022-03,4,356,75793.0,75392.38,4.512,660-699,80-90%,28-36%,WA,Refinance,Primary,Multi-Family,Servicer_C,Current,0,0,0,0,,2022-07-01,Ellie Mae,Missing Items,Current,0,0,0,0,0,
LN0003163,5,2022-08,2022-03,5,355,75793.0,75291.29,4.512,660-699,80-90%,28-36%,WA,Refinance,Primary,Multi-Family,Servicer_C,Current,0,0,0,0,,2022-08-01,Ellie Mae,Missing Items,Current,0,0,0,0,0,
LN0003163,6,2022-09,2022-03,6,354,75793.0,75189.81,4.512,660-699,80-90%,28-36%,WA,Refinance,Primary,Multi-Family,Servicer_C,Current,0,0,0,0,,2022-09-01,Ellie Mae,Missing Items,Current,0,0,0,0,0,
LN0003163,7,2022-10,2022-03,7,353,75793.0,75087.95,4.512,660-699,80-90%,28-36%,WA,Refinance,Primary,Multi-Family,Servicer_C,Current,0,0,0,0,,2022-10-01,Ellie Mae,Missing Items,Current,0,0,0,0,0,
LN0003163,8,2022-11,2022-03,8,352,75793.0,74985.71,4.512,660-699,80-90%,28-36%,WA,Refinance,Primary,Multi-Family,Servicer_C,Current,0,0,0,0,,2022-11-01,Ellie Mae,Missing Items,Current,0,0,0,0,0,
LN0003163,9,2022-12,2022-03,9,351,75793.0,74883.08,4.512,660-699,80-90%,28-36%,WA,Refinance,Primary,Multi-Family,Servicer_C,Current,0,0,0,0,,2022-12-01,Ellie Mae,Missing Items,Current,0,0,0,0,0,
LN0003171,1,2021-11,2021-10,1,179,156377.0,155819.59,5.576,740-779,90-95%,28-36%,TN,Purchase,Second Home,Single Family,Servicer_A,Current,0,0,0,0,,2021-11-01,Ellie Mae,Missing Items,Current,0,0,0,0,0,
LN0003171,2,2021-12,2021-10,2,178,156377.0,155259.58,5.576,740-779,90-95%,28-36%,TN,Purchase,Second Home,Single Family,Servicer_A,Current,215,0,0,0,,2021-12-01,Ellie Mae,Missing Items,Current,0,0,0,0,0,
LN0003171,3,2022-01,2021-10,3,177,156377.0,154696.98,5.576,740-779,90-95%,28-36%,TN,Purchase,Second Home,Single Family,Servicer_A,Current,0,0,0,0,,2022-01-01,Ellie Mae,Missing Items,Current,0,0,0,0,0,
LN0003171,4,2022-02,2021-10,4,176,156377.0,154131.75,5.576,740-779,90-95%,28-36%,TN,Purchase,Second Home,Single Family,Servicer_A,Current,0,0,0,0,,2022-02-01,Ellie Mae,Missing Items,Current,0,0,0,0,0,
LN0003171,5,2022-03,2021-10,5,175,156377.0,153563.91,5.576,740-779,90-95%,28-36%,TN,Purchase,Second Home,Single Family,Servicer_A,Current,0,0,0,0,,2022-03-01,Ellie Mae,Missing Items,Current,0,0,0,0,0,
LN0003171,6,2022-04,2021-10,6,174,156377.0,152993.42,5.576,740-779,90-95%,28-36%,TN,Purchase,Second Home,Single Family,Servicer_A,Current,0,0,0,0,,2022-04-01,Ellie Mae,Missing Items,Current,0,0,0,0,0,
LN0003171,7,2022-05,2021-10,7,173,156377.0,152420.29,5.576,740-779,90-95%,28-36%,TN,Purchase,Second Home,Single Family,Servicer_A,Current,0,0,0,0,,2022-05-01,Ellie Mae,Missing Items,Current,0,0,0,0,0,
LN0003171,8,2022-06,2021-10,8,172,156377.0,151844.49,5.576,740-779,90-95%,28-36%,TN,Purchase,Second Home,Single Family,Servicer_A,Current,0,0,0,0,,2022-06-01,Ellie Mae,Missing Items,Current,0,0,0,0,0,
LN0003171,9,2022-07,2021-10,9,171,156377.0,151266.01,5.576,740-779,90-95%,28-36%,TN,Purchase,Second Home,Single Family,Servicer_A,Current,0,0,0,0,,2022-07-01,Ellie Mae,Missing Items,Current,0,0,0,0,0,
LN0003171,10,2022-08,2021-10,10,170,156377.0,150684.85,5.576,740-779,90-95%,28-36%,TN,Purchase,Second Home,Single Family,Servicer_A,Current,0,0,0,0,,2022-08-01,Ellie Mae,Missing Items,Current,0,0,0,0,0,
LN0003171,11,2022-09,2021-10,11,169,156377.0,150100.98,5.576,740-779,90-95%,28-36%,TN,Purchase,Second Home,Single Family,Servicer_A,Current,0,0,0,0,,2022-09-01,Ellie Mae,Missing Items,Current,0,0,0,0,0,
LN0003171,12,2022-10,2021-10,12,168,156377.0,149514.41,5.576,740-779,90-95%,28-36%,TN,Purchase,Second Home,Single Family,Servicer_A,Current,0,0,0,0,,2022-10-01,Ellie Mae,Missing Items,Current,0,0,0,0,0,
LN0003171,13,2022-11,2021-10,13,167,156377.0,148925.1,5.576,740-779,90-95%,28-36%,TN,Purchase,Second Home,Single Family,Servicer_A,Current,0,0,0,0,,2022-11-01,Ellie Mae,Missing Items,Current,0,0,0,0,0,
LN0003171,14,2022-12,2021-10,14,166,156377.0,148333.06,5.576,740-779,90-95%,28-36%,TN,Purchase,Second Home,Single Family,Servicer_A,Current,0,0,0,0,,2022-12-01,Ellie Mae,Missing Items,Current,0,0,0,0,0,
LN0003174,1,2021-10,2021-09,1,359,68911.0,68830.1,5.125,780+,60-70%,28-36%,WA,Home Improvement,Primary,Single Family,Servicer_E,Current,0,0,0,0,,2021-10-01,Black Knight,Pending Review,Current,0,0,0,0,0,
LN0003174,2,2021-11,2021-09,2,358,68911.0,68748.85,5.125,780+,60-70%,28-36%,WA,Home Improvement,Primary,Single Family,Servicer_E,Current,0,0,0,0,,2021-11-01,Black Knight,Pending Review,Current,0,0,0,0,0,
LN0003174,3,2021-12,2021-09,3,357,68911.0,68667.25,5.125,780+,60-70%,28-36%,WA,Home Improvement,Primary,Single Family,Servicer_E,Current,0,0,0,0,,2021-12-01,Black Knight,Pending Review,Current,0,0,0,0,0,
LN0003174,4,2022-01,2021-09,4,356,68911.0,68585.3,5.125,780+,60-70%,28-36%,WA,Home Improvement,Primary,Single Family,Servicer_E,Current,0,0,0,0,,2022-01-01,Black Knight,Pending Review,Current,0,0,0,0,0,
LN0003174,5,2022-02,2021-09,5,355,68911.0,68503.01,5.125,780+,60-70%,28-36%,WA,Home Improvement,Primary,Single Family,Servicer_E,Current,0,0,0,0,,2022-02-01,Black Knight,Pending Review,Current,0,0,0,0,0,
LN0003174,6,2022-03,2021-09,6,354,68911.0,68420.36,5.125,780+,60-70%,28-36%,WA,Home Improvement,Primary,Single Family,Servicer_E,Current,0,0,0,0,,2022-03-01,Black Knight,Pending Review,Current,0,0,0,0,0,
LN0003174,7,2022-04,2021-09,7,353,68911.0,68337.36,5.125,780+,60-70%,28-36%,WA,Home Improvement,Primary,Single Family,Servicer_E,Current,0,0,0,0,,2022-04-01,Black Knight,Pending Review,Current,0,0,0,0,0,
LN0003174,8,2022-05,2021-09,8,352,68911.0,68254.01,5.125,780+,60-70%,28-36%,WA,Home Improvement,Primary,Single Family,Servicer_E,Current,0,0,0,0,,2022-05-01,Black Knight,Pending Review,Current,0,0,0,0,0,
LN0003174,9,2022-06,2021-09,9,351,68911.0,68170.3,5.125,780+,60-70%,28-36%,WA,Home Improvement,Primary,Single Family,Servicer_E,Current,0,0,0,0,,2022-06-01,Black Knight,Pending Review,Current,0,0,0,0,0,
LN0003174,10,2022-07,2021-09,10,350,68911.0,68086.23,5.125,780+,60-70%,28-36%,WA,Home Improvement,Primary,Single Family,Servicer_E,Current,0,0,0,0,,2022-07-01,Black Knight,Pending Review,Current,0,0,0,0,0,
LN0003174,11,2022-08,2021-09,11,349,68911.0,68001.81,5.125,780+,60-70%,28-36%,WA,Home Improvement,Primary,Single Family,Servicer_E,Current,0,0,0,0,,2022-08-01,Black Knight,Pending Review,Current,0,0,0,0,0,
LN0003174,12,2022-09,2021-09,12,348,68911.0,67917.02,5.125,780+,60-70%,28-36%,WA,Home Improvement,Primary,Single Family,Servicer_E,Current,0,0,0,0,,2022-09-01,Black Knight,Pending Review,Current,0,0,0,0,0,
LN0003174,13,2022-10,2021-09,13,347,68911.0,67831.87,5.125,780+,60-70%,28-36%,WA,Home Improvement,Primary,Single Family,Servicer_E,Current,0,0,0,0,,2022-10-01,Black Knight,Pending Review,Current,0,0,0,0,0,
LN0003174,14,2022-11,2021-09,14,346,68911.0,67746.36,5.125,780+,60-70%,28-36%,WA,Home Improvement,Primary,Single Family,Servicer_E,Current,0,0,0,0,,2022-11-01,Black Knight,Pending Review,Current,0,0,0,0,0,
LN0003174,15,2022-12,2021-09,15,345,68911.0,67660.48,5.125,780+,60-70%,28-36%,WA,Home Improvement,Primary,Single Family,Servicer_E,Current,0,0,0,0,,2022-12-01,Black Knight,Pending Review,Current,0,0,0,0,0,
LN0003177,1,2022-10,2022-09,1,359,117751.0,117513.04,2.026,660-699,80-90%,20-28%,NC,Refinance,Investment,Single Family,Servicer_C,Current,0,0,0,0,,2022-10-01,CoreLogic,Complete,Current,0,0,0,0,0,
LN0003177,2,2022-11,2022-09,2,358,117751.0,117274.68,2.026,660-699,80-90%,20-28%,NC,Refinance,Investment,Single Family,Servicer_C,Current,0,0,0,0,,2022-11-01,CoreLogic,Complete,Current,0,0,0,0,0,
LN0003177,3,2022-12,2022-09,3,357,117751.0,117035.91,2.026,660-699,80-90%,20-28%,NC,Refinance,Investment,Single Family,Servicer_C,Current,0,0,0,0,,2022-12-01,CoreLogic,Complete,Current,0,0,0,0,0,
LN0003203,1,2022-07,2022-06,1,359,209118.0,208887.34,5.459,660-699,70-80%,>43%,WI,Home Improvement,Investment,Multi-Family,Servicer_A,Current,0,0,0,0,,2022-07-01,Ellie Mae,Missing Items,Current,0,0,0,0,0,
LN0003203,2,2022-08,2022-06,2,358,209118.0,208655.63,5.459,660-699,70-80%,>43%,WI,Home Improvement,Investment,Multi-Family,Servicer_A,Current,0,0,0,0,,2022-08-01,Ellie Mae,Missing Items,Current,0,0,0,0,0,
LN0003203,3,2022-09,2022-06,3,357,209118.0,208422.86,5.459,660-699,70-80%,>43%,WI,Home Improvement,Investment,Multi-Family,Servicer_A,Current,0,0,0,0,,2022-09-01,Ellie Mae,Missing Items,Current,0,0,0,0,0,
LN0003203,4,2022-10,2022-06,4,356,209118.0,208189.03,5.459,660-699,70-80%,>43%,WI,Home Improvement,Investment,Multi-Family,Servicer_A,Current,0,0,0,0,,2022-10-01,Ellie Mae,Missing Items,Current,0,0,0,0,0,
LN0003203,5,2022-11,2022-06,5,355,209118.0,207954.15,5.459,660-699,70-80%,>43%,WI,Home Improvement,Investment,Multi-Family,Servicer_A,Current,0,0,0,0,,2022-11-01,Ellie Mae,Missing Items,Current,0,0,0,0,0,
LN0003203,6,2022-12,2022-06,6,354,209118.0,207718.19,5.459,660-699,70-80%,>43%,WI,Home Improvement,Investment,Multi-Family,Servicer_A,Current,0,0,0,0,,2022-12-01,Ellie Mae,Missing Items,Current,0,0,0,0,0,
LN0003205,1,2022-12,2022-11,1,359,78340.0,78223.67,3.83,780+,80-90%,20-28%,GA,Purchase,Primary,Single Family,Servicer_C,Current,184,0,0,0,,2022-12-01,CoreLogic,Complete,Current,0,0,0,0,0,
LN0003213,1,2021-01,2020-12,1,359,54455.0,54376.22,3.977,700-739,60-70%,28-36%,NC,Refinance,Primary,Single Family,Servicer_D,Current,0,0,0,0,,2021-01-01,CoreLogic,Complete,Current,0,0,0,0,0,
LN0003213,2,2021-02,2020-12,2,358,54455.0,54297.17,3.977,700-739,60-70%,28-36%,NC,Refinance,Primary,Single Family,Servicer_D,Current,0,0,0,0,,2021-02-01,CoreLogic,Complete,Current,0,0,0,0,0,
LN0003213,3,2021-03,2020-12,3,357,54455.0,54217.87,3.977,700-739,60-70%,28-36%,NC,Refinance,Primary,Single Family,Servicer_D,Current,0,0,0,0,,2021-03-01,CoreLogic,Complete,Current,0,0,0,0,0,
LN0003213,4,2021-04,2020-12,4,356,54455.0,54138.3,3.977,700-739,60-70%,28-36%,NC,Refinance,Primary,Single Family,Servicer_D,Current,0,0,0,0,,2021-04-01,CoreLogic,Complete,Current,0,0,0,0,0,
LN0003213,5,2021-05,2020-12,5,355,54455.0,54058.47,3.977,700-739,60-70%,28-36%,NC,Refinance,Primary,Single Family,Servicer_D,Current,0,0,0,0,,2021-05-01,CoreLogic,Complete,Current,0,0,0,0,0,
LN0003213,6,2021-06,2020-12,6,354,54455.0,53978.37,3.977,700-739,60-70%,28-36%,NC,Refinance,Primary,Single Family,Servicer_D,Current,0,0,0,0,,2021-06-01,CoreLogic,Complete,Current,0,0,0,0,0,
LN0003213,7,2021-07,2020-12,7,353,54455.0,53898.01,3.977,700-739,60-70%,28-36%,NC,Refinance,Primary,Single Family,Servicer_D,Current,0,0,0,0,,2021-07-01,CoreLogic,Complete,Current,0,0,0,0,0,
LN0003213,8,2021-08,2020-12,8,352,54455.0,53817.38,3.977,700-739,60-70%,28-36%,NC,Refinance,Primary,Single Family,Servicer_D,Current,0,0,0,0,,2021-08-01,CoreLogic,Complete,Current,0,0,0,0,0,
LN0003213,9,2021-09,2020-12,9,351,54455.0,53736.49,3.977,700-739,60-70%,28-36%,NC,Refinance,Primary,Single Family,Servicer_D,Current,0,0,0,0,,2021-09-01,CoreLogic,Complete,Current,0,0,0,0,0,
LN0003213,10,2021-10,2020-12,10,350,54455.0,53655.33,3.977,700-739,60-70%,28-36%,NC,Refinance,Primary,Single Family,Servicer_D,Current,0,0,0,0,,2021-10-01,CoreLogic,Complete,Current,0,0,0,0,0,
LN0003213,11,2021-11,2020-12,11,349,54455.0,53573.89,3.977,700-739,60-70%,28-36%,NC,Refinance,Primary,Single Family,Servicer_D,Current,0,0,0,0,,2021-11-01,CoreLogic,Complete,Current,0,0,0,0,0,
LN0003213,12,2021-12,2020-12,12,348,54455.0,53492.19,3.977,700-739,60-70%,28-36%,NC,Refinance,Primary,Single Family,Servicer_D,Current,0,0,0,0,,2021-12-01,CoreLogic,Complete,Current,0,0,0,0,0,
LN0003213,13,2022-01,2020-12,13,347,54455.0,53410.22,3.977,700-739,60-70%,28-36%,NC,Refinance,Primary,Single Family,Servicer_D,Current,0,0,0,0,,2022-01-01,CoreLogic,Complete,Current,0,0,0,0,0,
LN0003213,14,2022-02,2020-12,14,346,54455.0,53327.97,3.977,700-739,60-70%,28-36%,NC,Refinance,Primary,Single Family,Servicer_D,Current,0,0,0,0,,2022-02-01,CoreLogic,Complete,Current,0,0,0,0,0,
LN0003213,15,2022-03,2020-12,15,345,54455.0,53245.46,3.977,700-739,60-70%,28-36%,NC,Refinance,Primary,Single Family,Servicer_D,Current,0,0,0,0,,2022-03-01,CoreLogic,Complete,Current,0,0,0,0,0,
LN0003213,16,2022-04,2020-12,16,344,54455.0,53162.67,3.977,700-739,60-70%,28-36%,NC,Refinance,Primary,Single Family,Servicer_D,Current,0,0,0,0,,2022-04-01,CoreLogic,Complete,Current,0,0,0,0,0,
LN0003213,17,2022-05,2020-12,17,343,54455.0,53079.6,3.977,700-739,60-70%,28-36%,NC,Refinance,Primary,Single Family,Servicer_D,Current,0,0,0,0,,2022-05-01,CoreLogic,Complete,Current,0,0,0,0,0,
LN0003213,18,2022-06,2020-12,18,342,54455.0,52996.26,3.977,700-739,60-70%,28-36%,NC,Refinance,Primary,Single Family,Servicer_D,Current,0,0,0,0,,2022-06-01,CoreLogic,Complete,Current,0,0,0,0,0,
LN0003213,19,2022-07,2020-12,19,341,54455.0,52912.64,3.977,700-739,60-70%,28-36%,NC,Refinance,Primary,Single Family,Servicer_D,Current,0,0,0,0,,2022-07-01,CoreLogic,Complete,Current,0,0,0,0,0,
LN0003213,20,2022-08,2020-12,20,340,54455.0,52828.75,3.977,700-739,60-70%,28-36%,NC,Refinance,Primary,Single Family,Servicer_D,Current,0,0,0,0,,2022-08-01,CoreLogic,Complete,Current,0,0,0,0,0,
LN0003213,21,2022-09,2020-12,21,339,54455.0,52744.58,3.977,700-739,60-70%,28-36%,NC,Refinance,Primary,Single Family,Servicer_D,Current,0,0,0,0,,2022-09-01,CoreLogic,Complete,Current,0,0,0,0,0,
LN0003213,22,2022-10,2020-12,22,338,54455.0,52660.13,3.977,700-739,60-70%,28-36%,NC,Refinance,Primary,Single Family,Servicer_D,Current,0,0,0,0,,2022-10-01,CoreLogic,Complete,Current,0,0,0,0,0,
LN0003213,23,2022-11,2020-12,23,337,54455.0,52575.4,3.977,700-739,60-70%,28-36%,NC,Refinance,Primary,Single Family,Servicer_D,Current,0,0,0,0,,2022-11-01,CoreLogic,Complete,Current,0,0,0,0,0,
LN0003213,24,2022-12,2020-12,24,336,54455.0,52490.39,3.977,700-739,60-70%,28-36%,NC,Refinance,Primary,Single Family,Servicer_D,Current,0,0,0,0,,2022-12-01,CoreLogic,Complete,Current,0,0,0,0,0,
LN0003214,1,2022-07,2022-06,1,179,405316.0,403730.19,4.461,700-739,90-95%,28-36%,WI,Refinance,Primary,Single Family,Servicer_B,Current,0,0,0,0,,2022-07-01,Black Knight,Pending Review,Current,0,0,0,0,0,
LN0003214,2,2022-08,2022-06,2,178,405316.0,402138.49,4.461,700-739,90-95%,28-36%,WI,Refinance,Primary,Single Family,Servicer_B,Current,0,0,0,0,,2022-08-01,Black Knight,Pending Review,Current,0,0,0,0,0,
LN0003214,3,2022-09,2022-06,3,177,405316.0,400540.88,4.461,700-739,90-95%,28-36%,WI,Refinance,Primary,Single Family,Servicer_B,Current,0,0,0,0,,2022-09-01,Black Knight,Pending Review,Current,0,0,0,0,0,
LN0003214,4,2022-10,2022-06,4,176,405316.0,398937.32,4.461,700-739,90-95%,28-36%,WI,Refinance,Primary,Single Family,Servicer_B,Current,0,0,0,0,,2022-10-01,Black Knight,Pending Review,Current,0,0,0,0,0,
LN0003214,5,2022-11,2022-06,5,175,405316.0,397327.8,4.461,700-739,90-95%,28-36%,WI,Refinance,Primary,Single Family,Servicer_B,Current,0,0,0,0,,2022-11-01,Black Knight,Pending Review,Current,0,0,0,0,0,
LN0003214,6,2022-12,2022-06,6,174,405316.0,395712.3,4.461,700-739,90-95%,28-36%,WI,Refinance,Primary,Single Family,Servicer_B,Current,0,0,0,0,,2022-12-01,Black Knight,Pending Review,Current,0,0,0,0,0,
LN0003248,1,2022-11,2022-10,1,359,80417.0,80307.02,4.291,620-659,<60%,20-28%,AZ,Refinance,Primary,Single Family,Servicer_E,Current,0,0,0,0,,2022-11-01,Encompass,Under Exception,Current,0,1,1,0,0,
LN0003248,2,2022-12,2022-10,2,358,80417.0,80196.65,4.291,620-659,<60%,20-28%,AZ,Refinance,Primary,Single Family,Servicer_E,Current,0,0,0,0,,2022-12-01,Encompass,Under Exception,Current,0,1,1,0,0,
LN0003252,1,2021-12,2021-11,1,359,202268.0,202081.2,6.39,700-739,80-90%,28-36%,IN,Refinance,Primary,Single Family,Servicer_B,Current,0,0,0,0,,2021-12-01,Encompass,Under Exception,Current,0,0,0,0,0,
LN0003252,2,2022-01,2021-11,2,358,202268.0,201893.41,6.39,700-739,80-90%,28-36%,IN,Refinance,Primary,Single Family,Servicer_B,Current,0,0,0,0,,2022-01-01,Encompass,Under Exception,Current,0,0,0,0,0,
LN0003252,3,2022-02,2021-11,3,357,202268.0,201704.62,6.39,700-739,80-90%,28-36%,IN,Refinance,Primary,Single Family,Servicer_B,Current,0,0,0,0,,2022-02-01,Encompass,Under Exception,Current,0,0,0,0,0,
LN0003252,4,2022-03,2021-11,4,356,202268.0,201514.82,6.39,700-739,80-90%,28-36%,IN,Refinance,Primary,Single Family,Servicer_B,Current,0,0,0,0,,2022-03-01,Encompass,Under Exception,Current,0,0,0,0,0,
LN0003252,5,2022-04,2021-11,5,355,202268.0,201324.01,6.39,700-739,80-90%,28-36%,IN,Refinance,Primary,Single Family,Servicer_B,Current,0,0,0,0,,2022-04-01,Encompass,Under Exception,Current,0,0,0,0,0,
LN0003252,6,2022-05,2021-11,6,354,202268.0,201132.19,6.39,700-739,80-90%,28-36%,IN,Refinance,Primary,Single Family,Servicer_B,Current,0,0,0,0,,2022-05-01,Encompass,Under Exception,Current,0,0,0,0,0,
LN0003252,7,2022-06,2021-11,7,353,202268.0,200939.35,6.39,700-739,80-90%,28-36%,IN,Refinance,Primary,Single Family,Servicer_B,Current,0,0,0,0,,2022-06-01,Encompass,Under Exception,Current,0,0,0,0,0,
LN0003252,8,2022-07,2021-11,8,352,202268.0,200745.47,6.39,700-739,80-90%,28-36%,IN,Refinance,Primary,Single Family,Servicer_B,Current,0,0,0,0,,2022-07-01,Encompass,Under Exception,Current,0,0,0,0,0,
LN0003252,9,2022-08,2021-11,9,351,202268.0,200550.57,6.39,700-739,80-90%,28-36%,IN,Refinance,Primary,Single Family,Servicer_B,Current,0,0,0,0,,2022-08-01,Encompass,Under Exception,Current,0,0,0,0,0,
LN0003252,10,2022-09,2021-11,10,350,202268.0,200354.63,6.39,700-739,80-90%,28-36%,IN,Refinance,Primary,Single Family,Servicer_B,Current,0,0,0,0,,2022-09-01,Encompass,Under Exception,Current,0,0,0,0,0,
LN0003252,11,2022-10,2021-11,11,349,202268.0,200157.64,6.39,700-739,80-90%,28-36%,IN,Refinance,Primary,Single Family,Servicer_B,Current,0,0,0,0,,2022-10-01,Encompass,Under Exception,Current,0,0,0,0,0,
LN0003252,12,2022-11,2021-11,12,348,202268.0,199959.61,6.39,700-739,80-90%,28-36%,IN,Refinance,Primary,Single Family,Servicer_B,Current,0,0,0,0,,2022-11-01,Encompass,Under Exception,Current,0,0,0,0,0,
LN0003252,13,2022-12,2021-11,13,347,202268.0,199760.52,6.39,700-739,80-90%,28-36%,IN,Refinance,Primary,Single Family,Servicer_B,Current,0,0,0,0,,2022-12-01,Encompass,Under Exception,Current,0,0,0,0,0,
LN0003258,1,2021-11,2021-10,1,359,180676.0,180383.72,3.342,700-739,90-95%,<20%,IN,Purchase,Investment,Single Family,Servicer_D,Current,0,0,0,0,,2021-11-01,Black Knight,Pending Review,Current,0,0,0,0,0,
LN0003258,2,2021-12,2021-10,2,358,180676.0,180090.62,3.342,700-739,90-95%,<20%,IN,Purchase,Investment,Single Family,Servicer_D,Current,0,0,0,0,,2021-12-01,Black Knight,Pending Review,Current,0,0,0,0,0,
LN0003258,3,2022-01,2021-10,3,357,180676.0,179796.71,3.342,700-739,90-95%,<20%,IN,Purchase,Investment,Single Family,Servicer_D,Current,0,0,0,0,,2022-01-01,Black Knight,Pending Review,Current,0,0,0,0,0,
LN0003258,4,2022-02,2021-10,4,356,180676.0,179501.98,3.342,700-739,90-95%,<20%,IN,Purchase,Investment,Single Family,Servicer_D,Current,0,0,0,0,,2022-02-01,Black Knight,Pending Review,Current,0,0,0,0,0,
LN0003258,5,2022-03,2021-10,5,355,180676.0,179206.43,3.342,700-739,90-95%,<20%,IN,Purchase,Investment,Single Family,Servicer_D,Current,0,0,0,0,,2022-03-01,Black Knight,Pending Review,Current,0,0,0,0,0,
LN0003258,6,2022-04,2021-10,6,354,180676.0,178910.05,3.342,700-739,90-95%,<20%,IN,Purchase,Investment,Single Family,Servicer_D,Current,0,0,0,0,,2022-04-01,Black Knight,Pending Review,Current,0,0,0,0,0,
LN0003258,7,2022-05,2021-10,7,353,180676.0,178612.85,3.342,700-739,90-95%,<20%,IN,Purchase,Investment,Single Family,Servicer_D,Current,0,0,0,0,,2022-05-01,Black Knight,Pending Review,Current,0,0,0,0,0,
LN0003258,8,2022-06,2021-10,8,352,180676.0,178314.82,3.342,700-739,90-95%,<20%,IN,Purchase,Investment,Single Family,Servicer_D,Current,0,0,0,0,,2022-06-01,Black Knight,Pending Review,Current,0,0,0,0,0,
LN0003258,9,2022-07,2021-10,9,351,180676.0,178015.96,3.342,700-739,90-95%,<20%,IN,Purchase,Investment,Single Family,Servicer_D,Current,0,0,0,0,,2022-07-01,Black Knight,Pending Review,Current,0,0,0,0,0,
LN0003258,10,2022-08,2021-10,10,350,180676.0,177716.27,3.342,700-739,90-95%,<20%,IN,Purchase,Investment,Single Family,Servicer_D,Current,0,0,0,0,,2022-08-01,Black Knight,Pending Review,Current,0,0,0,0,0,
LN0003258,11,2022-09,2021-10,11,349,180676.0,177415.75,3.342,700-739,90-95%,<20%,IN,Purchase,Investment,Single Family,Servicer_D,Current,0,0,0,0,,2022-09-01,Black Knight,Pending Review,Current,0,0,0,0,0,
LN0003258,12,2022-10,2021-10,12,348,180676.0,177114.38,3.342,700-739,90-95%,<20%,IN,Purchase,Investment,Single Family,Servicer_D,Current,0,0,0,0,,2022-10-01,Black Knight,Pending Review,Current,0,0,0,0,0,
LN0003258,13,2022-11,2021-10,13,347,180676.0,176812.18,3.342,700-739,90-95%,<20%,IN,Purchase,Investment,Single Family,Servicer_D,Current,0,0,0,0,,2022-11-01,Black Knight,Pending Review,Current,0,0,0,0,0,
LN0003258,14,2022-12,2021-10,14,346,180676.0,176509.14,3.342,700-739,90-95%,<20%,IN,Purchase,Investment,Single Family,Servicer_D,Current,0,0,0,0,,2022-12-01,Black Knight,Pending Review,Current,0,0,0,0,0,
LN0003261,1,2021-11,2021-10,1,359,124123.0,123960.08,4.518,<620,90-95%,20-28%,TX,Purchase,Primary,Manufactured,Servicer_E,Current,0,0,0,0,,2021-11-01,CoreLogic,Complete,Current,0,0,0,0,0,
LN0003261,2,2021-12,2021-10,2,358,124123.0,123796.55,4.518,<620,90-95%,20-28%,TX,Purchase,Primary,Manufactured,Servicer_E,Current,0,0,0,0,,2021-12-01,CoreLogic,Complete,Current,0,0,0,0,0,
LN0003261,3,2022-01,2021-10,3,357,124123.0,123632.4,4.518,<620,90-95%,20-28%,TX,Purchase,Primary,Manufactured,Servicer_E,Current,0,0,0,0,,2022-01-01,CoreLogic,Complete,Current,0,0,0,0,0,
LN0003261,4,2022-02,2021-10,4,356,124123.0,123467.64,4.518,<620,90-95%,20-28%,TX,Purchase,Primary,Manufactured,Servicer_E,Current,0,0,0,0,,2022-02-01,CoreLogic,Complete,Current,0,0,0,0,0,
LN0003261,5,2022-03,2021-10,5,355,124123.0,123302.25,4.518,<620,90-95%,20-28%,TX,Purchase,Primary,Manufactured,Servicer_E,Current,0,0,0,0,,2022-03-01,CoreLogic,Complete,Current,0,0,0,0,0,
LN0003261,6,2022-04,2021-10,6,354,124123.0,123136.24,4.518,<620,90-95%,20-28%,TX,Purchase,Primary,Manufactured,Servicer_E,Current,0,0,0,0,,2022-04-01,CoreLogic,Complete,Current,0,0,0,0,0,
LN0003261,7,2022-05,2021-10,7,353,124123.0,122969.61,4.518,<620,90-95%,20-28%,TX,Purchase,Primary,Manufactured,Servicer_E,Current,0,0,0,0,,2022-05-01,CoreLogic,Complete,Current,0,0,0,0,0,
LN0003261,8,2022-06,2021-10,8,352,124123.0,122802.35,4.518,<620,90-95%,20-28%,TX,Purchase,Primary,Manufactured,Servicer_E,Current,0,0,0,0,,2022-06-01,CoreLogic,Complete,Current,0,0,0,0,0,
LN0003261,9,2022-07,2021-10,9,351,124123.0,122634.46,4.518,<620,90-95%,20-28%,TX,Purchase,Primary,Manufactured,Servicer_E,Current,0,0,0,0,,2022-07-01,CoreLogic,Complete,Current,0,0,0,0,0,
LN0003261,10,2022-08,2021-10,10,350,124123.0,122465.94,4.518,<620,90-95%,20-28%,TX,Purchase,Primary,Manufactured,Servicer_E,Current,0,0,0,0,,2022-08-01,CoreLogic,Complete,Current,0,0,1,0,0,
LN0003261,11,2022-09,2021-10,11,349,124123.0,122296.78,4.518,<620,90-95%,20-28%,TX,Purchase,Primary,Manufactured,Servicer_E,Current,0,0,0,0,,2022-09-01,CoreLogic,Complete,Current,0,0,1,0,0,
LN0003261,12,2022-10,2021-10,12,348,124123.0,122126.99,4.518,<620,90-95%,20-28%,TX,Purchase,Primary,Manufactured,Servicer_E,Current,0,0,0,0,,2022-10-01,CoreLogic,Complete,Current,0,1,1,0,0,
LN0003261,13,2022-11,2021-10,13,347,124123.0,121956.55,4.518,<620,90-95%,20-28%,TX,Purchase,Primary,Manufactured,Servicer_E,Current,0,0,0,0,,2022-11-01,CoreLogic,Complete,Current,0,1,1,0,0,
LN0003261,14,2022-12,2021-10,14,346,124123.0,121785.48,4.518,<620,90-95%,20-28%,TX,Purchase,Primary,Manufactured,Servicer_E,Current,0,0,0,0,,2022-12-01,CoreLogic,Complete,Current,0,1,1,0,0,
LN0003278,1,2021-06,2021-05,1,359,149591.0,149381.88,4.169,<620,70-80%,28-36%,MD,Cash-Out Refinance,Primary,Condo,Servicer_B,Current,0,0,0,0,,2021-06-01,Black Knight,Pending Review,Current,0,0,0,0,0,
LN0003278,2,2021-07,2021-05,2,358,149591.0,149172.04,4.169,<620,70-80%,28-36%,MD,Cash-Out Refinance,Primary,Condo,Servicer_B,Current,0,0,0,0,,2021-07-01,Black Knight,Pending Review,Current,0,0,0,0,0,
LN0003278,3,2021-08,2021-05,3,357,149591.0,148961.47,4.169,<620,70-80%,28-36%,MD,Cash-Out Refinance,Primary,Condo,Servicer_B,Current,0,0,0,0,,2021-08-01,Black Knight,Pending Review,Current,0,0,0,0,0,
LN0003278,4,2021-09,2021-05,4,356,149591.0,148750.16,4.169,<620,70-80%,28-36%,MD,Cash-Out Refinance,Primary,Condo,Servicer_B,Current,0,0,0,0,,2021-09-01,Black Knight,Pending Review,Current,0,0,0,0,0,
LN0003278,5,2021-10,2021-05,5,355,149591.0,148538.12,4.169,<620,70-80%,28-36%,MD,Cash-Out Refinance,Primary,Condo,Servicer_B,Current,0,0,0,0,,2021-10-01,Black Knight,Pending Review,Current,0,0,0,0,0,
LN0003278,6,2021-11,2021-05,6,354,149591.0,148325.35,4.169,<620,70-80%,28-36%,MD,Cash-Out Refinance,Primary,Condo,Servicer_B,Current,0,0,0,0,,2021-11-01,Black Knight,Pending Review,Current,0,0,0,0,0,
LN0003278,7,2021-12,2021-05,7,353,149591.0,148111.83,4.169,<620,70-80%,28-36%,MD,Cash-Out Refinance,Primary,Condo,Servicer_B,Current,0,0,0,0,,2021-12-01,Black Knight,Pending Review,Current,0,0,0,0,0,
LN0003278,8,2022-01,2021-05,8,352,149591.0,147897.58,4.169,<620,70-80%,28-36%,MD,Cash-Out Refinance,Primary,Condo,Servicer_B,Current,0,0,0,0,,2022-01-01,Black Knight,Pending Review,Current,0,0,0,0,0,
LN0003278,9,2022-02,2021-05,9,351,149591.0,147682.57,4.169,<620,70-80%,28-36%,MD,Cash-Out Refinance,Primary,Condo,Servicer_B,Current,0,0,0,0,,2022-02-01,Black Knight,Pending Review,Current,0,0,0,0,0,
LN0003278,10,2022-03,2021-05,10,350,149591.0,147466.83,4.169,<620,70-80%,28-36%,MD,Cash-Out Refinance,Primary,Condo,Servicer_B,Current,0,0,0,0,,2022-03-01,Black Knight,Pending Review,Current,0,0,0,0,0,
LN0003278,11,2022-04,2021-05,11,349,149591.0,147250.33,4.169,<620,70-80%,28-36%,MD,Cash-Out Refinance,Primary,Condo,Servicer_B,Current,0,0,0,0,,2022-04-01,Black Knight,Pending Review,Current,0,0,0,0,0,
LN0003278,12,2022-05,2021-05,12,348,149591.0,147033.08,4.169,<620,70-80%,28-36%,MD,Cash-Out Refinance,Primary,Condo,Servicer_B,Current,0,0,0,0,,2022-05-01,Black Knight,Pending Review,Current,0,0,0,0,0,
LN0003278,13,2022-06,2021-05,13,347,149591.0,146815.08,4.169,<620,70-80%,28-36%,MD,Cash-Out Refinance,Primary,Condo,Servicer_B,Current,0,0,0,0,,2022-06-01,Black Knight,Pending Review,Current,0,0,0,0,0,
LN0003278,14,2022-07,2021-05,14,346,149591.0,146596.31,4.169,<620,70-80%,28-36%,MD,Cash-Out Refinance,Primary,Condo,Servicer_B,Current,0,0,0,0,,2022-07-01,Black Knight,Pending Review,Current,0,0,0,0,0,
LN0003278,15,2022-08,2021-05,15,345,149591.0,146376.79,4.169,<620,70-80%,28-36%,MD,Cash-Out Refinance,Primary,Condo,Servicer_B,Current,0,0,0,0,,2022-08-01,Black Knight,Pending Review,Current,0,0,0,0,0,
LN0003278,16,2022-09,2021-05,16,344,149591.0,146156.51,4.169,<620,70-80%,28-36%,MD,Cash-Out Refinance,Primary,Condo,Servicer_B,Current,0,0,0,0,,2022-09-01,Black Knight,Pending Review,Current,0,0,0,0,0,
LN0003278,17,2022-10,2021-05,17,343,149591.0,145935.46,4.169,<620,70-80%,28-36%,MD,Cash-Out Refinance,Primary,Condo,Servicer_B,Current,0,0,0,0,,2022-10-01,Black Knight,Pending Review,Current,0,0,0,0,0,
LN0003278,18,2022-11,2021-05,18,342,149591.0,145713.64,4.169,<620,70-80%,28-36%,MD,Cash-Out Refinance,Primary,Condo,Servicer_B,Current,0,0,0,0,,2022-11-01,Black Knight,Pending Review,Current,0,0,0,0,0,
LN0003278,19,2022-12,2021-05,19,341,149591.0,145491.05,4.169,<620,70-80%,28-36%,MD,Cash-Out Refinance,Primary,Condo,Servicer_B,Current,0,0,0,0,,2022-12-01,Black Knight,Pending Review,Current,0,0,0,0,0,
LN0003288,1,2020-08,2020-07,1,239,256868.0,256192.5,4.32,740-779,70-80%,20-28%,PA,Refinance,Investment,Single Family,Servicer_C,Current,0,0,0,0,,2020-08-01,Encompass,Under Exception,Current,0,0,0,0,0,
LN0003288,2,2020-09,2020-07,2,238,256868.0,255514.57,4.32,740-779,70-80%,20-28%,PA,Refinance,Investment,Single Family,Servicer_C,Current,0,0,0,0,,2020-09-01,Encompass,Under Exception,Current,0,0,0,0,0,
LN0003288,3,2020-10,2020-07,3,237,256868.0,254834.2,4.32,740-779,70-80%,20-28%,PA,Refinance,Investment,Single Family,Servicer_C,Current,0,0,0,0,,2020-10-01,Encompass,Under Exception,Current,0,0,0,0,0,
LN0003288,4,2020-11,2020-07,4,236,256868.0,254151.38,4.32,740-779,70-80%,20-28%,PA,Refinance,Investment,Single Family,Servicer_C,Current,0,0,0,0,,2020-11-01,Encompass,Under Exception,Current,0,0,0,0,0,
LN0003288,5,2020-12,2020-07,5,235,256868.0,253466.11,4.32,740-779,70-80%,20-28%,PA,Refinance,Investment,Single Family,Servicer_C,Current,0,0,0,0,,2020-12-01,Encompass,Under Exception,Current,0,0,0,0,0,
LN0003288,6,2021-01,2020-07,6,234,256868.0,252778.36,4.32,740-779,70-80%,20-28%,PA,Refinance,Investment,Single Family,Servicer_C,Current,0,0,0,0,,2021-01-01,Encompass,Under Exception,Current,0,0,0,0,0,
LN0003288,7,2021-02,2020-07,7,233,256868.0,252088.14,4.32,740-779,70-80%,20-28%,PA,Refinance,Investment,Single Family,Servicer_C,Current,0,0,0,0,,2021-02-01,Encompass,Under Exception,Current,0,0,0,0,0,
LN0003288,8,2021-03,2020-07,8,232,256868.0,251395.44,4.32,740-779,70-80%,20-28%,PA,Refinance,Investment,Single Family,Servicer_C,Current,0,0,0,0,,2021-03-01,Encompass,Under Exception,Current,0,0,0,0,0,
LN0003288,9,2021-04,2020-07,9,231,256868.0,250700.24,4.32,740-779,70-80%,20-28%,PA,Refinance,Investment,Single Family,Servicer_C,Current,0,0,0,0,,2021-04-01,Encompass,Under Exception,Current,0,0,0,0,0,
LN0003288,10,2021-05,2020-07,10,230,256868.0,250002.54,4.32,740-779,70-80%,20-28%,PA,Refinance,Investment,Single Family,Servicer_C,Current,0,0,0,0,,2021-05-01,Encompass,Under Exception,Current,0,0,0,0,0,
LN0003288,11,2021-06,2020-07,11,229,256868.0,249302.33,4.32,740-779,70-80%,20-28%,PA,Refinance,Investment,Single Family,Servicer_C,Current,0,0,0,0,,2021-06-01,Encompass,Under Exception,Current,0,0,0,0,0,
LN0003288,12,2021-07,2020-07,12,228,256868.0,248599.59,4.32,740-779,70-80%,20-28%,PA,Refinance,Investment,Single Family,Servicer_C,Current,0,0,0,0,,2021-07-01,Encompass,Under Exception,Current,0,0,0,0,0,
LN0003288,13,2021-08,2020-07,13,227,256868.0,247894.33,4.32,740-779,70-80%,20-28%,PA,Refinance,Investment,Single Family,Servicer_C,Current,0,0,0,0,,2021-08-01,Encompass,Under Exception,Current,0,0,0,0,0,
LN0003288,14,2021-09,2020-07,14,226,256868.0,247186.53,4.32,740-779,70-80%,20-28%,PA,Refinance,Investment,Single Family,Servicer_C,Current,0,0,0,0,,2021-09-01,Encompass,Under Exception,Current,0,0,0,0,0,
LN0003288,15,2021-10,2020-07,15,225,256868.0,246476.18,4.32,740-779,70-80%,20-28%,PA,Refinance,Investment,Single Family,Servicer_C,Current,0,0,0,0,,2021-10-01,Encompass,Under Exception,Current,0,0,0,0,0,
LN0003288,16,2021-11,2020-07,16,224,256868.0,245763.27,4.32,740-779,70-80%,20-28%,PA,Refinance,Investment,Single Family,Servicer_C,Current,0,0,0,0,,2021-11-01,Encompass,Under Exception,Current,0,0,0,0,0,
LN0003288,17,2021-12,2020-07,17,223,256868.0,245047.79,4.32,740-779,70-80%,20-28%,PA,Refinance,Investment,Single Family,Servicer_C,Current,0,0,0,0,,2021-12-01,Encompass,Under Exception,Current,0,0,0,0,0,
LN0003288,18,2022-01,2020-07,18,222,256868.0,244329.74,4.32,740-779,70-80%,20-28%,PA,Refinance,Investment,Single Family,Servicer_C,Current,0,0,0,0,,2022-01-01,Encompass,Under Exception,Current,0,0,0,0,0,
LN0003288,19,2022-02,2020-07,19,221,256868.0,243609.11,4.32,740-779,70-80%,20-28%,PA,Refinance,Investment,Single Family,Servicer_C,Current,0,0,0,0,,2022-02-01,Encompass,Under Exception,Current,0,0,0,0,0,
LN0003288,20,2022-03,2020-07,20,220,256868.0,242885.88,4.32,740-779,70-80%,20-28%,PA,Refinance,Investment,Single Family,Servicer_C,Current,0,0,0,0,,2022-03-01,Encompass,Under Exception,Current,0,0,0,0,0,
LN0003288,21,2022-04,2020-07,21,219,256868.0,242160.05,4.32,740-779,70-80%,20-28%,PA,Refinance,Investment,Single Family,Servicer_C,Current,0,0,0,0,,2022-04-01,Encompass,Under Exception,Current,0,0,0,0,0,
LN0003288,22,2022-05,2020-07,22,218,256868.0,241431.6,4.32,740-779,70-80%,20-28%,PA,Refinance,Investment,Single Family,Servicer_C,Current,0,0,0,0,,2022-05-01,Encompass,Under Exception,Current,0,0,0,0,0,
LN0003288,23,2022-06,2020-07,23,217,256868.0,240700.53,4.32,740-779,70-80%,20-28%,PA,Refinance,Investment,Single Family,Servicer_C,Current,0,0,0,0,,2022-06-01,Encompass,Under Exception,Current,0,0,0,0,0,
LN0003288,24,2022-07,2020-07,24,216,256868.0,239966.83,4.32,740-779,70-80%,20-28%,PA,Refinance,Investment,Single Family,Servicer_C,Current,0,0,0,0,,2022-07-01,Encompass,Under Exception,Current,0,0,0,0,0,
LN0003288,25,2022-08,2020-07,25,215,256868.0,239230.49,4.32,740-779,70-80%,20-28%,PA,Refinance,Investment,Single Family,Servicer_C,Current,0,0,0,0,,2022-08-01,Encompass,Under Exception,Current,0,0,0,0,0,
LN0003288,26,2022-09,2020-07,26,214,256868.0,238491.5,4.32,740-779,70-80%,20-28%,PA,Refinance,Investment,Single Family,Servicer_C,Current,0,0,0,0,,2022-09-01,Encompass,Under Exception,Current,0,0,0,0,0,
LN0003288,27,2022-10,2020-07,27,213,256868.0,237749.84,4.32,740-779,70-80%,20-28%,PA,Refinance,Investment,Single Family,Servicer_C,Current,0,0,0,0,,2022-10-01,Encompass,Under Exception,Current,0,0,0,0,0,
LN0003288,28,2022-11,2020-07,28,212,256868.0,237005.52,4.32,740-779,70-80%,20-28%,PA,Refinance,Investment,Single Family,Servicer_C,Current,0,0,0,0,,2022-11-01,Encompass,Under Exception,Current,0,0,0,0,0,
LN0003288,29,2022-12,2020-07,29,211,256868.0,236258.52,4.32,740-779,70-80%,20-28%,PA,Refinance,Investment,Single Family,Servicer_C,Current,0,0,0,0,,2022-12-01,Encompass,Under Exception,Current,0,0,0,0,0,
LN0003312,1,2022-11,2022-10,1,359,81006.0,80844.57,2.111,780+,80-90%,28-36%,WI,Purchase,Primary,Multi-Family,Servicer_E,Current,0,0,0,0,,2022-11-01,Encompass,Under Exception,Current,0,0,0,0,0,
LN0003312,2,2022-12,2022-10,2,358,81006.0,80682.86,2.111,780+,80-90%,28-36%,WI,Purchase,Primary,Multi-Family,Servicer_E,Current,0,0,0,0,,2022-12-01,Encompass,Under Exception,Current,0,0,0,0,0,
LN0003327,1,2021-06,2021-05,1,359,72917.0,72827.71,4.897,700-739,80-90%,>43%,MO,Purchase,Primary,Single Family,Servicer_E,Current,0,0,0,0,,2021-06-01,Ellie Mae,Missing Items,Current,0,0,0,0,0,
LN0003327,2,2021-07,2021-05,2,358,72917.0,72738.05,4.897,700-739,80-90%,>43%,MO,Purchase,Primary,Single Family,Servicer_E,Current,0,0,0,0,,2021-07-01,Ellie Mae,Missing Items,Current,0,0,0,0,0,
LN0003327,3,2021-08,2021-05,3,357,72917.0,72648.02,4.897,700-739,80-90%,>43%,MO,Purchase,Primary,Single Family,Servicer_E,Current,0,0,0,0,,2021-08-01,Ellie Mae,Missing Items,Current,0,0,0,0,0,
LN0003327,4,2021-09,2021-05,4,356,72917.0,72557.63,4.897,700-739,80-90%,>43%,MO,Purchase,Primary,Single Family,Servicer_E,Current,0,0,0,0,,2021-09-01,Ellie Mae,Missing Items,Current,0,0,0,0,0,
LN0003327,5,2021-10,2021-05,5,355,72917.0,72466.87,4.897,700-739,80-90%,>43%,MO,Purchase,Primary,Single Family,Servicer_E,Current,0,0,0,0,,2021-10-01,Ellie Mae,Missing Items,Current,0,0,0,0,0,
LN0003327,6,2021-11,2021-05,6,354,72917.0,72375.73,4.897,700-739,80-90%,>43%,MO,Purchase,Primary,Single Family,Servicer_E,Current,0,0,0,0,,2021-11-01,Ellie Mae,Missing Items,Current,0,0,0,0,0,
LN0003327,7,2021-12,2021-05,7,353,72917.0,72284.23,4.897,700-739,80-90%,>43%,MO,Purchase,Primary,Single Family,Servicer_E,Current,0,0,0,0,,2021-12-01,Ellie Mae,Missing Items,Current,0,0,0,0,0,
LN0003327,8,2022-01,2021-05,8,352,72917.0,72192.35,4.897,700-739,80-90%,>43%,MO,Purchase,Primary,Single Family,Servicer_E,Current,0,0,0,0,,2022-01-01,Ellie Mae,Missing Items,Current,0,0,0,0,0,
LN0003327,9,2022-02,2021-05,9,351,72917.0,72100.1,4.897,700-739,80-90%,>43%,MO,Purchase,Primary,Single Family,Servicer_E,Current,0,0,0,0,,2022-02-01,Ellie Mae,Missing Items,Current,0,0,0,1,0,
LN0003327,10,2022-03,2021-05,10,350,72917.0,72007.47,4.897,700-739,80-90%,>43%,MO,Purchase,Primary,Single Family,Servicer_E,Current,0,0,0,0,,2022-03-01,Ellie Mae,Missing Items,Current,0,0,0,1,0,
LN0003327,11,2022-04,2021-05,11,349,72917.0,71914.47,4.897,700-739,80-90%,>43%,MO,Purchase,Primary,Single Family,Servicer_E,Current,0,0,0,0,,2022-04-01,Ellie Mae,Missing Items,Current,0,0,0,1,0,
LN0003327,12,2022-05,2021-05,12,348,72917.0,71821.08,4.897,700-739,80-90%,>43%,MO,Purchase,Primary,Single Family,Servicer_E,Current,0,0,0,0,,2022-05-01,Ellie Mae,Missing Items,Current,0,0,0,1,0,
LN0003327,13,2022-06,2021-05,13,347,72917.0,71727.31,4.897,700-739,80-90%,>43%,MO,Purchase,Primary,Single Family,Servicer_E,Current,0,0,0,0,,2022-06-01,Ellie Mae,Missing Items,Current,0,0,0,1,0,
LN0003327,14,2022-07,2021-05,14,346,72917.0,71633.16,4.897,700-739,80-90%,>43%,MO,Purchase,Primary,Single Family,Servicer_E,Current,0,0,0,0,,2022-07-01,Ellie Mae,Missing Items,Current,0,0,0,1,0,
LN0003327,15,2022-08,2021-05,15,345,72917.0,71538.63,4.897,700-739,80-90%,>43%,MO,Purchase,Primary,Single Family,Servicer_E,Current,0,0,0,0,,2022-08-01,Ellie Mae,Missing Items,Current,0,0,0,1,0,
LN0003327,16,2022-09,2021-05,16,344,72917.0,71443.71,4.897,700-739,80-90%,>43%,MO,Purchase,Primary,Single Family,Servicer_E,Current,0,0,0,0,,2022-09-01,Ellie Mae,Missing Items,Current,0,0,0,1,0,
LN0003327,17,2022-10,2021-05,17,343,72917.0,71348.4,4.897,700-739,80-90%,>43%,MO,Purchase,Primary,Single Family,Servicer_E,Current,0,0,0,0,,2022-10-01,Ellie Mae,Missing Items,Current,0,0,0,1,0,
LN0003327,18,2022-11,2021-05,18,342,72917.0,71252.71,4.897,700-739,80-90%,>43%,MO,Purchase,Primary,Single Family,Servicer_E,Current,0,0,0,0,,2022-11-01,Ellie Mae,Missing Items,Current,0,0,0,1,0,
LN0003327,19,2022-12,2021-05,19,341,72917.0,71156.62,4.897,700-739,80-90%,>43%,MO,Purchase,Primary,Single Family,Servicer_E,Current,0,0,0,0,,2022-12-01,Ellie Mae,Missing Items,Current,0,0,0,1,0,
LN0003332,1,2022-04,2022-03,1,359,50000.0,49944.76,5.45,700-739,70-80%,20-28%,NY,Cash-Out Refinance,Primary,Single Family,Servicer_A,Current,0,0,0,0,,2022-04-01,Encompass,Under Exception,Current,0,0,0,0,0,
LN0003332,2,2022-05,2022-03,2,358,50000.0,49889.26,5.45,700-739,70-80%,20-28%,NY,Cash-Out Refinance,Primary,Single Family,Servicer_A,Current,0,0,0,0,,2022-05-01,Encompass,Under Exception,Current,0,0,0,0,0,
LN0003332,3,2022-06,2022-03,3,357,50000.0,49833.51,5.45,700-739,70-80%,20-28%,NY,Cash-Out Refinance,Primary,Single Family,Servicer_A,Current,0,0,0,0,,2022-06-01,Encompass,Under Exception,Current,0,0,0,0,0,
LN0003332,4,2022-07,2022-03,4,356,50000.0,49777.51,5.45,700-739,70-80%,20-28%,NY,Cash-Out Refinance,Primary,Single Family,Servicer_A,Current,0,0,0,0,,2022-07-01,Encompass,Under Exception,Current,0,0,0,0,0,
LN0003332,5,2022-08,2022-03,5,355,50000.0,49721.26,5.45,700-739,70-80%,20-28%,NY,Cash-Out Refinance,Primary,Single Family,Servicer_A,Current,0,0,0,0,,2022-08-01,Encompass,Under Exception,Current,0,0,0,0,0,
LN0003332,6,2022-09,2022-03,6,354,50000.0,49664.75,5.45,700-739,70-80%,20-28%,NY,Cash-Out Refinance,Primary,Single Family,Servicer_A,Current,0,0,0,0,,2022-09-01,Encompass,Under Exception,Current,0,0,0,0,0,
LN0003332,7,2022-10,2022-03,7,353,50000.0,49607.98,5.45,700-739,70-80%,20-28%,NY,Cash-Out Refinance,Primary,Single Family,Servicer_A,Current,0,0,0,0,,2022-10-01,Encompass,Under Exception,Current,0,0,0,0,0,
LN0003332,8,2022-11,2022-03,8,352,50000.0,109012.1,5.45,700-739,70-80%,20-28%,NY,Cash-Out Refinance,Primary,Single Family,Servicer_A,Current,0,0,0,0,,2022-11-01,Encompass,Under Exception,Current,0,0,0,0,1,Valuation Discrepancy
LN0003332,9,2022-12,2022-03,9,351,50000.0,49493.67,5.45,700-739,70-80%,20-28%,NY,Cash-Out Refinance,Primary,Single Family,Servicer_A,Current,0,0,0,0,,2022-12-01,Encompass,Under Exception,Current,0,0,0,0,0,
LN0003335,1,2022-02,2022-01,1,359,96516.0,96441.73,7.319,660-699,>95%,20-28%,TX,Refinance,Primary,Manufactured,Servicer_B,Current,0,0,0,0,,2022-02-01,Ellie Mae,Missing Items,Current,0,0,0,0,0,
LN0003335,2,2022-03,2022-01,2,358,96516.0,96367.02,7.319,660-699,>95%,20-28%,TX,Refinance,Primary,Manufactured,Servicer_B,Current,0,0,0,0,,2022-03-01,Ellie Mae,Missing Items,Current,0,0,0,0,0,
LN0003335,3,2022-04,2022-01,3,357,96516.0,96291.84,7.319,660-699,>95%,20-28%,TX,Refinance,Primary,Manufactured,Servicer_B,Current,0,0,0,0,,2022-04-01,Ellie Mae,Missing Items,Current,0,0,0,0,0,
LN0003335,4,2022-05,2022-01,4,356,96516.0,211675.66,7.319,660-699,>95%,20-28%,TX,Refinance,Primary,Manufactured,Servicer_B,Current,0,0,0,0,,2022-05-01,Ellie Mae,Missing Items,Current,0,0,1,0,1,Valuation Discrepancy
LN0003335,5,2022-06,2022-01,5,355,96516.0,96140.12,7.319,660-699,>95%,20-28%,TX,Refinance,Primary,Manufactured,Servicer_B,Current,0,0,0,0,,2022-06-01,Ellie Mae,Missing Items,Current,0,0,1,0,0,
LN0003335,6,2022-07,2022-01,6,354,96516.0,96063.56,7.319,660-699,>95%,20-28%,TX,Refinance,Primary,Manufactured,Servicer_B,Current,0,0,0,0,,2022-07-01,Ellie Mae,Missing Items,Current,0,0,1,0,0,
LN0003335,7,2022-08,2022-01,7,353,96516.0,95986.53,7.319,660-699,>95%,20-28%,TX,Refinance,Primary,Manufactured,Servicer_B,Current,0,0,0,0,,2022-08-01,Ellie Mae,Missing Items,Current,0,0,1,0,0,
LN0003335,8,2022-09,2022-01,8,352,96516.0,95909.04,7.319,660-699,>95%,20-28%,TX,Refinance,Primary,Manufactured,Servicer_B,Current,0,0,0,0,,2022-09-01,Ellie Mae,Missing Items,Current,0,0,1,0,0,
LN0003335,9,2022-10,2022-01,9,351,96516.0,95831.07,7.319,660-699,>95%,20-28%,TX,Refinance,Primary,Manufactured,Servicer_B,Current,0,0,0,0,,2022-10-01,Ellie Mae,Missing Items,Current,0,0,1,0,0,
LN0003335,10,2022-11,2022-01,10,350,96516.0,95752.63,7.319,660-699,>95%,20-28%,TX,Refinance,Primary,Manufactured,Servicer_B,Current,0,0,0,0,,2022-11-01,Ellie Mae,Missing Items,Current,0,1,1,0,0,
LN0003335,11,2022-12,2022-01,11,349,96516.0,95673.71,7.319,660-699,>95%,20-28%,TX,Refinance,Primary,Manufactured,Servicer_B,Current,0,0,0,0,,2022-12-01,Ellie Mae,Missing Items,Current,0,1,1,0,0,
LN0003339,1,2021-12,2021-11,1,359,211771.0,211471.17,4.098,740-779,60-70%,28-36%,IL,Purchase,Primary,Single Family,Servicer_D,Current,0,0,0,0,,2021-12-01,Ellie Mae,Missing Items,Current,0,0,0,0,0,
LN0003339,2,2022-01,2021-11,2,358,211771.0,211170.32,4.098,740-779,60-70%,28-36%,IL,Purchase,Primary,Single Family,Servicer_D,Current,0,0,0,0,,2022-01-01,Ellie Mae,Missing Items,Current,0,0,0,0,0,
LN0003339,3,2022-02,2021-11,3,357,211771.0,210868.43,4.098,740-779,60-70%,28-36%,IL,Purchase,Primary,Single Family,Servicer_D,Current,0,0,0,0,,2022-02-01,Ellie Mae,Missing Items,Current,0,0,0,0,0,
LN0003339,4,2022-03,2021-11,4,356,211771.0,210565.52,4.098,740-779,60-70%,28-36%,IL,Purchase,Primary,Single Family,Servicer_D,Current,0,0,0,0,,2022-03-01,Ellie Mae,Missing Items,Current,0,0,0,0,0,
LN0003339,5,2022-04,2021-11,5,355,211771.0,210261.57,4.098,740-779,60-70%,28-36%,IL,Purchase,Primary,Single Family,Servicer_D,Current,0,0,0,0,,2022-04-01,Ellie Mae,Missing Items,Current,0,0,0,0,0,
LN0003339,6,2022-05,2021-11,6,354,211771.0,209956.59,4.098,740-779,60-70%,28-36%,IL,Purchase,Primary,Single Family,Servicer_D,Current,0,0,0,0,,2022-05-01,Ellie Mae,Missing Items,Current,0,0,0,0,0,
LN0003339,7,2022-06,2021-11,7,353,211771.0,209650.56,4.098,740-779,60-70%,28-36%,IL,Purchase,Primary,Single Family,Servicer_D,Current,0,0,0,0,,2022-06-01,Ellie Mae,Missing Items,Current,0,0,0,0,0,
LN0003339,8,2022-07,2021-11,8,352,211771.0,209343.49,4.098,740-779,60-70%,28-36%,IL,Purchase,Primary,Single Family,Servicer_D,Current,0,0,0,0,,2022-07-01,Ellie Mae,Missing Items,Current,0,0,0,0,0,
LN0003339,9,2022-08,2021-11,9,351,211771.0,209035.37,4.098,740-779,60-70%,28-36%,IL,Purchase,Primary,Single Family,Servicer_D,Current,0,0,0,0,,2022-08-01,Ellie Mae,Missing Items,Current,0,0,0,0,0,
LN0003339,10,2022-09,2021-11,10,350,211771.0,208726.2,4.098,740-779,60-70%,28-36%,IL,Purchase,Primary,Single Family,Servicer_D,Current,0,0,0,0,,2022-09-01,Ellie Mae,Missing Items,Current,0,0,0,0,0,
LN0003339,11,2022-10,2021-11,11,349,211771.0,208415.97,4.098,740-779,60-70%,28-36%,IL,Purchase,Primary,Single Family,Servicer_D,Current,0,0,0,0,,2022-10-01,Ellie Mae,Missing Items,Current,0,0,0,0,0,
LN0003339,12,2022-11,2021-11,12,348,211771.0,208104.68,4.098,740-779,60-70%,28-36%,IL,Purchase,Primary,Single Family,Servicer_D,Current,0,0,0,0,,2022-11-01,Ellie Mae,Missing Items,Current,0,0,0,0,0,
LN0003339,13,2022-12,2021-11,13,347,211771.0,207792.33,4.098,740-779,60-70%,28-36%,IL,Purchase,Primary,Single Family,Servicer_D,Current,0,0,0,0,,2022-12-01,Ellie Mae,Missing Items,Current,0,0,0,0,0,
LN0003346,1,2022-02,2022-01,1,359,145645.0,145498.9,5.96,780+,>95%,<20%,IN,Cash-Out Refinance,Investment,Single Family,Servicer_E,Current,0,0,0,0,,2022-02-01,Black Knight,Pending Review,Current,0,0,0,0,0,
LN0003346,2,2022-03,2022-01,2,358,145645.0,145352.07,5.96,780+,>95%,<20%,IN,Cash-Out Refinance,Investment,Single Family,Servicer_E,Current,0,0,0,0,,2022-03-01,Black Knight,Pending Review,Current,0,0,0,0,0,
LN0003346,3,2022-04,2022-01,3,357,145645.0,145204.51,5.96,780+,>95%,<20%,IN,Cash-Out Refinance,Investment,Single Family,Servicer_E,Current,0,0,0,0,,2022-04-01,Black Knight,Pending Review,Current,0,0,0,0,0,
LN0003346,4,2022-05,2022-01,4,356,145645.0,145056.22,5.96,780+,>95%,<20%,IN,Cash-Out Refinance,Investment,Single Family,Servicer_E,Current,0,0,0,0,,2022-05-01,Black Knight,Pending Review,Current,0,0,0,0,0,
LN0003346,5,2022-06,2022-01,5,355,145645.0,144907.19,5.96,780+,>95%,<20%,IN,Cash-Out Refinance,Investment,Single Family,Servicer_E,Current,0,0,0,0,,2022-06-01,Black Knight,Pending Review,Current,0,0,0,0,0,
LN0003346,6,2022-07,2022-01,6,354,145645.0,144757.42,5.96,780+,>95%,<20%,IN,Cash-Out Refinance,Investment,Single Family,Servicer_E,Current,0,0,0,0,,2022-07-01,Black Knight,Pending Review,Current,0,0,0,0,0,
LN0003346,7,2022-08,2022-01,7,353,145645.0,144606.91,5.96,780+,>95%,<20%,IN,Cash-Out Refinance,Investment,Single Family,Servicer_E,Current,0,0,0,0,,2022-08-01,Black Knight,Pending Review,Current,0,0,0,0,0,
LN0003346,8,2022-09,2022-01,8,352,145645.0,144455.65,5.96,780+,>95%,<20%,IN,Cash-Out Refinance,Investment,Single Family,Servicer_E,Current,0,0,0,0,,2022-09-01,Black Knight,Pending Review,Current,0,0,0,0,0,
LN0003346,9,2022-10,2022-01,9,351,145645.0,144303.64,5.96,780+,>95%,<20%,IN,Cash-Out Refinance,Investment,Single Family,Servicer_E,Current,0,0,0,0,,2022-10-01,Black Knight,Pending Review,Current,0,0,0,0,0,
LN0003346,10,2022-11,2022-01,10,350,145645.0,144150.88,5.96,780+,>95%,<20%,IN,Cash-Out Refinance,Investment,Single Family,Servicer_E,Current,0,0,0,0,,2022-11-01,Black Knight,Pending Review,Current,0,0,0,0,0,
LN0003346,11,2022-12,2022-01,11,349,145645.0,143997.35,5.96,780+,>95%,<20%,IN,Cash-Out Refinance,Investment,Single Family,Servicer_E,Current,0,0,0,0,,2022-12-01,Black Knight,Pending Review,Current,0,0,0,0,0,
LN0003352,1,2021-04,2021-03,1,359,199422.0,199159.39,,660-699,80-90%,36-43%,PA,Purchase,Primary,Condo,Servicer_B,Current,0,0,0,0,,2021-04-01,Encompass,Under Exception,Current,0,0,0,0,0,
LN0003352,2,2021-05,2021-03,2,358,199422.0,198895.8,,660-699,80-90%,36-43%,PA,Purchase,Primary,Condo,Servicer_B,Current,0,0,0,0,,2021-05-01,Encompass,Under Exception,Current,0,0,0,0,0,
LN0003352,3,2021-06,2021-03,3,357,199422.0,198631.21,,660-699,80-90%,36-43%,PA,Purchase,Primary,Condo,Servicer_B,Current,0,0,0,0,,2021-06-01,Encompass,Under Exception,Current,0,0,0,0,0,
LN0003352,4,2021-07,2021-03,4,356,199422.0,198365.64,,660-699,80-90%,36-43%,PA,Purchase,Primary,Condo,Servicer_B,Current,0,0,0,0,,2021-07-01,Encompass,Under Exception,Current,0,0,0,0,0,
LN0003352,5,2021-08,2021-03,5,355,199422.0,198099.07,,660-699,80-90%,36-43%,PA,Purchase,Primary,Condo,Servicer_B,Current,0,0,0,0,,2021-08-01,Encompass,Under Exception,Current,0,0,0,0,0,
LN0003352,6,2021-09,2021-03,6,354,199422.0,197831.5,,660-699,80-90%,36-43%,PA,Purchase,Primary,Condo,Servicer_B,Current,0,0,0,0,,2021-09-01,Encompass,Under Exception,Current,0,0,0,0,0,
LN0003352,7,2021-10,2021-03,7,353,199422.0,197562.92,,660-699,80-90%,36-43%,PA,Purchase,Primary,Condo,Servicer_B,Current,0,0,0,0,,2021-10-01,Encompass,Under Exception,Current,0,0,0,0,0,
LN0003352,8,2021-11,2021-03,8,352,199422.0,197293.34,,660-699,80-90%,36-43%,PA,Purchase,Primary,Condo,Servicer_B,Current,0,0,0,0,,2021-11-01,Encompass,Under Exception,Current,0,0,0,0,0,
LN0003352,9,2021-12,2021-03,9,351,199422.0,197022.75,,660-699,80-90%,36-43%,PA,Purchase,Primary,Condo,Servicer_B,Current,0,0,0,0,,2021-12-01,Encompass,Under Exception,Current,0,0,0,0,0,
LN0003352,10,2022-01,2021-03,10,350,199422.0,196751.14,,660-699,80-90%,36-43%,PA,Purchase,Primary,Condo,Servicer_B,Current,0,0,0,0,,2022-01-01,Encompass,Under Exception,Current,0,0,0,0,0,
LN0003352,11,2022-02,2021-03,11,349,199422.0,196478.52,,660-699,80-90%,36-43%,PA,Purchase,Primary,Condo,Servicer_B,Current,0,0,0,0,,2022-02-01,Encompass,Under Exception,Current,0,0,0,0,0,
LN0003352,12,2022-03,2021-03,12,348,199422.0,196204.87,,660-699,80-90%,36-43%,PA,Purchase,Primary,Condo,Servicer_B,Current,0,0,0,0,,2022-03-01,Encompass,Under Exception,Current,0,0,0,0,0,
LN0003352,13,2022-04,2021-03,13,347,199422.0,195930.2,,660-699,80-90%,36-43%,PA,Purchase,Primary,Condo,Servicer_B,Current,0,0,0,0,,2022-04-01,Encompass,Under Exception,Current,0,0,0,0,0,
LN0003352,14,2022-05,2021-03,14,346,199422.0,195654.49,,660-699,80-90%,36-43%,PA,Purchase,Primary,Condo,Servicer_B,Current,0,0,0,0,,2022-05-01,Encompass,Under Exception,Current,0,0,0,0,0,
LN0003352,15,2022-06,2021-03,15,345,199422.0,195377.76,,660-699,80-90%,36-43%,PA,Purchase,Primary,Condo,Servicer_B,Current,0,0,0,0,,2022-06-01,Encompass,Under Exception,Current,0,0,0,0,0,
LN0003352,16,2022-07,2021-03,16,344,199422.0,195099.98,,660-699,80-90%,36-43%,PA,Purchase,Primary,Condo,Servicer_B,Current,0,0,0,0,,2022-07-01,Encompass,Under Exception,Current,0,0,0,0,0,
LN0003352,17,2022-08,2021-03,17,343,199422.0,194821.16,,660-699,80-90%,36-43%,PA,Purchase,Primary,Condo,Servicer_B,Current,0,0,0,0,,2022-08-01,Encompass,Under Exception,Current,0,0,0,0,0,
LN0003352,18,2022-09,2021-03,18,342,199422.0,194541.3,,660-699,80-90%,36-43%,PA,Purchase,Primary,Condo,Servicer_B,Current,0,0,0,0,,2022-09-01,Encompass,Under Exception,Current,0,0,0,0,0,
LN0003352,19,2022-10,2021-03,19,341,199422.0,194260.39,,660-699,80-90%,36-43%,PA,Purchase,Primary,Condo,Servicer_B,Current,0,0,0,0,,2022-10-01,Encompass,Under Exception,Current,0,0,0,0,0,
LN0003352,20,2022-11,2021-03,20,340,199422.0,193978.42,,660-699,80-90%,36-43%,PA,Purchase,Primary,Condo,Servicer_B,Current,0,0,0,0,,2022-11-01,Encompass,Under Exception,Current,0,0,0,0,0,
LN0003352,21,2022-12,2021-03,21,339,199422.0,193695.4,,660-699,80-90%,36-43%,PA,Purchase,Primary,Condo,Servicer_B,Current,0,0,0,0,,2022-12-01,Encompass,Under Exception,Current,0,0,0,0,0,
LN0003369,1,2022-10,2022-09,1,359,90202.0,90083.3,4.504,660-699,<60%,<20%,MD,Home Improvement,Second Home,Multi-Family,Servicer_C,Current,0,0,0,0,,2022-10-01,CoreLogic,Complete,Current,0,0,0,0,0,
LN0003369,2,2022-11,2022-09,2,358,90202.0,89964.16,4.504,660-699,<60%,<20%,MD,Home Improvement,Second Home,Multi-Family,Servicer_C,Current,0,0,0,0,,2022-11-01,CoreLogic,Complete,Current,0,0,0,0,0,
LN0003369,3,2022-12,2022-09,3,357,90202.0,89844.57,4.504,660-699,<60%,<20%,MD,Home Improvement,Second Home,Multi-Family,Servicer_C,Current,0,0,0,0,,2022-12-01,CoreLogic,Complete,Current,0,0,0,0,0,
LN0003373,1,2022-02,2022-01,1,239,97375.0,97152.15,5.526,780+,70-80%,28-36%,VA,Home Improvement,Primary,Single Family,Servicer_C,Current,0,0,0,0,,2022-02-01,CoreLogic,Complete,Current,0,0,0,0,0,
LN0003373,2,2022-03,2022-01,2,238,97375.0,96928.28,5.526,780+,70-80%,28-36%,VA,Home Improvement,Primary,Single Family,Servicer_C,Current,0,0,0,0,,2022-03-01,CoreLogic,Complete,Current,0,0,0,0,0,
LN0003373,3,2022-04,2022-01,3,237,97375.0,96703.37,5.526,780+,70-80%,28-36%,VA,Home Improvement,Primary,Single Family,Servicer_C,Current,0,0,0,0,,2022-04-01,CoreLogic,Complete,Current,0,0,0,0,0,
LN0003373,4,2022-05,2022-01,4,236,97375.0,96477.43,5.526,780+,70-80%,28-36%,VA,Home Improvement,Primary,Single Family,Servicer_C,Current,0,0,0,0,,2022-05-01,CoreLogic,Complete,Current,0,0,0,0,0,
LN0003373,5,2022-06,2022-01,5,235,97375.0,96250.44,5.526,780+,70-80%,28-36%,VA,Home Improvement,Primary,Single Family,Servicer_C,Current,0,0,0,0,,2022-06-01,CoreLogic,Complete,Current,0,0,0,0,0,
LN0003373,6,2022-07,2022-01,6,234,97375.0,96022.42,5.526,780+,70-80%,28-36%,VA,Home Improvement,Primary,Single Family,Servicer_C,Current,0,0,0,0,,2022-07-01,CoreLogic,Complete,Current,0,0,0,0,0,
LN0003373,7,2022-08,2022-01,7,233,97375.0,95793.34,5.526,780+,70-80%,28-36%,VA,Home Improvement,Primary,Single Family,Servicer_C,Current,0,0,0,0,,2022-08-01,CoreLogic,Complete,Current,0,0,0,0,0,
LN0003373,8,2022-09,2022-01,8,232,97375.0,95563.21,5.526,780+,70-80%,28-36%,VA,Home Improvement,Primary,Single Family,Servicer_C,Current,0,0,0,0,,2022-09-01,CoreLogic,Complete,Current,0,0,0,0,0,
LN0003373,9,2022-10,2022-01,9,231,97375.0,95332.01,5.526,780+,70-80%,28-36%,VA,Home Improvement,Primary,Single Family,Servicer_C,Current,0,0,0,0,,2022-10-01,CoreLogic,Complete,Current,0,0,0,0,0,
LN0003373,10,2022-11,2022-01,10,230,97375.0,95099.76,5.526,780+,70-80%,28-36%,VA,Home Improvement,Primary,Single Family,Servicer_C,Current,0,0,0,0,,2022-11-01,CoreLogic,Complete,Current,0,0,0,0,0,
LN0003373,11,2022-12,2022-01,11,229,97375.0,94866.43,5.526,780+,70-80%,28-36%,VA,Home Improvement,Primary,Single Family,Servicer_C,Current,0,0,0,0,,2022-12-01,CoreLogic,Complete,Current,0,0,0,0,0,
LN0003378,1,2021-12,2021-11,1,239,126741.0,126413.86,4.484,700-739,90-95%,36-43%,GA,Cash-Out Refinance,Investment,Single Family,Servicer_D,Current,0,0,0,0,,2021-12-01,Black Knight,Pending Review,Current,0,0,0,0,0,
LN0003378,2,2022-01,2021-11,2,238,126741.0,126085.49,4.484,700-739,90-95%,36-43%,GA,Cash-Out Refinance,Investment,Single Family,Servicer_D,Current,0,0,0,0,,2022-01-01,Black Knight,Pending Review,Current,0,0,0,0,0,
LN0003378,3,2022-02,2021-11,3,237,126741.0,125755.9,4.484,700-739,90-95%,36-43%,GA,Cash-Out Refinance,Investment,Single Family,Servicer_D,Current,0,0,0,0,,2022-02-01,Black Knight,Pending Review,Current,0,0,0,0,0,
LN0003378,4,2022-03,2021-11,4,236,126741.0,125425.07,4.484,700-739,90-95%,36-43%,GA,Cash-Out Refinance,Investment,Single Family,Servicer_D,Current,0,0,0,0,,2022-03-01,Black Knight,Pending Review,Current,0,0,0,0,0,
LN0003378,5,2022-04,2021-11,5,235,126741.0,125093.01,4.484,700-739,90-95%,36-43%,GA,Cash-Out Refinance,Investment,Single Family,Servicer_D,Current,0,0,0,0,,2022-04-01,Black Knight,Pending Review,Current,0,0,0,0,0,
LN0003378,6,2022-05,2021-11,6,234,126741.0,124759.71,4.484,700-739,90-95%,36-43%,GA,Cash-Out Refinance,Investment,Single Family,Servicer_D,Current,0,0,0,0,,2022-05-01,Black Knight,Pending Review,Current,0,0,0,0,0,
LN0003378,7,2022-06,2021-11,7,233,126741.0,124425.17,4.484,700-739,90-95%,36-43%,GA,Cash-Out Refinance,Investment,Single Family,Servicer_D,Current,0,0,0,0,,2022-06-01,Black Knight,Pending Review,Current,0,0,0,0,0,
LN0003378,8,2022-07,2021-11,8,232,126741.0,124089.37,4.484,700-739,90-95%,36-43%,GA,Cash-Out Refinance,Investment,Single Family,Servicer_D,Current,0,0,0,0,,2022-07-01,Black Knight,Pending Review,Current,0,0,0,0,0,
LN0003378,9,2022-08,2021-11,9,231,126741.0,123752.32,4.484,700-739,90-95%,36-43%,GA,Cash-Out Refinance,Investment,Single Family,Servicer_D,Current,0,0,0,0,,2022-08-01,Black Knight,Pending Review,Current,0,0,0,0,0,
LN0003378,10,2022-09,2021-11,10,230,126741.0,123414.01,4.484,700-739,90-95%,36-43%,GA,Cash-Out Refinance,Investment,Single Family,Servicer_D,Current,0,0,0,0,,2022-09-01,Black Knight,Pending Review,Current,0,0,0,0,0,
LN0003378,11,2022-10,2021-11,11,229,126741.0,123074.43,4.484,700-739,90-95%,36-43%,GA,Cash-Out Refinance,Investment,Single Family,Servicer_D,Current,0,0,0,0,,2022-10-01,Black Knight,Pending Review,Current,0,0,0,0,0,
LN0003378,12,2022-11,2021-11,12,228,126741.0,122733.59,4.484,700-739,90-95%,36-43%,GA,Cash-Out Refinance,Investment,Single Family,Servicer_D,Current,0,0,0,0,,2022-11-01,Black Knight,Pending Review,Current,0,0,0,0,0,
LN0003378,13,2022-12,2021-11,13,227,126741.0,122391.47,4.484,700-739,90-95%,36-43%,GA,Cash-Out Refinance,Investment,Single Family,Servicer_D,Current,0,0,0,0,,2022-12-01,Black Knight,Pending Review,Current,0,0,0,0,0,
LN0003394,1,2021-12,2021-11,1,359,128924.0,128754.23,,660-699,80-90%,<20%,VA,Purchase,Investment,Single Family,Servicer_C,Current,0,0,0,0,,2021-12-01,Black Knight,Pending Review,Current,0,0,0,0,0,
LN0003394,2,2022-01,2021-11,2,358,128924.0,128583.82,,660-699,80-90%,<20%,VA,Purchase,Investment,Single Family,Servicer_C,Current,0,0,0,0,,2022-01-01,Black Knight,Pending Review,Current,0,0,0,0,0,
LN0003394,3,2022-02,2021-11,3,357,128924.0,128412.77,,660-699,80-90%,<20%,VA,Purchase,Investment,Single Family,Servicer_C,Current,0,0,0,0,,2022-02-01,Black Knight,Pending Review,Current,0,0,0,0,0,
LN0003394,4,2022-03,2021-11,4,356,128924.0,128241.07,,660-699,80-90%,<20%,VA,Purchase,Investment,Single Family,Servicer_C,Current,0,0,0,0,,2022-03-01,Black Knight,Pending Review,Current,0,0,0,0,0,
LN0003394,5,2022-04,2021-11,5,355,128924.0,128068.74,,660-699,80-90%,<20%,VA,Purchase,Investment,Single Family,Servicer_C,Current,0,0,0,0,,2022-04-01,Black Knight,Pending Review,Current,0,0,0,0,0,
LN0003394,6,2022-05,2021-11,6,354,128924.0,127895.76,,660-699,80-90%,<20%,VA,Purchase,Investment,Single Family,Servicer_C,Current,0,0,0,0,,2022-05-01,Black Knight,Pending Review,Current,0,0,0,0,0,
LN0003394,7,2022-06,2021-11,7,353,128924.0,127722.13,,660-699,80-90%,<20%,VA,Purchase,Investment,Single Family,Servicer_C,Current,0,0,0,0,,2022-06-01,Black Knight,Pending Review,Current,0,0,0,0,0,
LN0003394,8,2022-07,2021-11,8,352,128924.0,127547.85,,660-699,80-90%,<20%,VA,Purchase,Investment,Single Family,Servicer_C,Current,0,0,0,0,,2022-07-01,Black Knight,Pending Review,Current,0,0,0,0,0,
LN0003394,9,2022-08,2021-11,9,351,128924.0,127372.91,,660-699,80-90%,<20%,VA,Purchase,Investment,Single Family,Servicer_C,Current,0,0,0,0,,2022-08-01,Black Knight,Pending Review,Current,0,0,0,0,0,
LN0003394,10,2022-09,2021-11,10,350,128924.0,127197.32,,660-699,80-90%,<20%,VA,Purchase,Investment,Single Family,Servicer_C,Current,0,0,0,0,,2022-09-01,Black Knight,Pending Review,Current,0,0,0,0,0,
LN0003394,11,2022-10,2021-11,11,349,128924.0,127021.07,,660-699,80-90%,<20%,VA,Purchase,Investment,Single Family,Servicer_C,Current,0,0,0,0,,2022-10-01,Black Knight,Pending Review,Current,0,0,0,0,0,
LN0003394,12,2022-11,2021-11,12,348,128924.0,126844.16,,660-699,80-90%,<20%,VA,Purchase,Investment,Single Family,Servicer_C,Current,0,0,0,0,,2022-11-01,Black Knight,Pending Review,Current,0,0,0,0,0,
LN0003394,13,2022-12,2021-11,13,347,128924.0,126666.59,,660-699,80-90%,<20%,VA,Purchase,Investment,Single Family,Servicer_C,Current,0,0,0,0,,2022-12-01,Black Knight,Pending Review,Current,0,0,0,0,0,
LN0003395,1,2022-06,2022-05,1,359,95695.0,95560.0,4.118,<620,70-80%,20-28%,IL,Purchase,Primary,Single Family,Servicer_B,Current,0,0,0,0,,2022-06-01,Ellie Mae,Missing Items,Current,0,0,0,0,0,
LN0003395,2,2022-07,2022-05,2,358,95695.0,95424.53,4.118,<620,70-80%,20-28%,IL,Purchase,Primary,Single Family,Servicer_B,Current,0,0,0,0,,2022-07-01,Ellie Mae,Missing Items,Current,0,0,0,0,0,
LN0003395,3,2022-08,2022-05,3,357,95695.0,95288.6,4.118,<620,70-80%,20-28%,IL,Purchase,Primary,Single Family,Servicer_B,Current,0,0,0,0,,2022-08-01,Ellie Mae,Missing Items,Current,0,0,0,0,0,
LN0003395,4,2022-09,2022-05,4,356,95695.0,95152.2,4.118,<620,70-80%,20-28%,IL,Purchase,Primary,Single Family,Servicer_B,Current,0,0,0,0,,2022-09-01,Ellie Mae,Missing Items,Current,0,0,0,0,0,
LN0003395,5,2022-10,2022-05,5,355,95695.0,95015.34,4.118,<620,70-80%,20-28%,IL,Purchase,Primary,Single Family,Servicer_B,Current,0,0,0,0,,2022-10-01,Ellie Mae,Missing Items,Current,0,0,0,0,0,
LN0003395,6,2022-11,2022-05,6,354,95695.0,94878.0,4.118,<620,70-80%,20-28%,IL,Purchase,Primary,Single Family,Servicer_B,Current,0,0,0,0,,2022-11-01,Ellie Mae,Missing Items,Current,0,0,0,0,0,
LN0003395,7,2022-12,2022-05,7,353,95695.0,94740.19,4.118,<620,70-80%,20-28%,IL,Purchase,Primary,Single Family,Servicer_B,Current,0,0,0,0,,2022-12-01,Ellie Mae,Missing Items,Current,0,0,0,0,0,
LN0003396,1,2021-06,2021-05,1,359,94063.0,93923.81,3.85,660-699,70-80%,28-36%,NC,Purchase,Second Home,Condo,Servicer_B,Current,0,0,0,0,,2021-06-01,Encompass,Under Exception,Current,0,1,0,0,0,
LN0003396,2,2021-07,2021-05,2,358,94063.0,93784.17,3.85,660-699,70-80%,28-36%,NC,Purchase,Second Home,Condo,Servicer_B,Current,0,0,0,0,,2021-07-01,Encompass,Under Exception,Current,1,1,0,0,0,
LN0003396,3,2021-08,2021-05,3,357,94063.0,93644.09,3.85,660-699,70-80%,28-36%,NC,Purchase,Second Home,Condo,Servicer_B,Current,0,0,0,0,,2021-08-01,Encompass,Under Exception,Current,1,1,0,0,0,
LN0003396,4,2021-09,2021-05,4,356,94063.0,93503.56,3.85,660-699,70-80%,28-36%,NC,Purchase,Second Home,Condo,Servicer_B,Current,0,0,0,0,,2021-09-01,Encompass,Under Exception,30-59 DPD,1,1,0,0,0,
LN0003396,5,2021-10,2021-05,5,355,94063.0,93362.57,3.85,660-699,70-80%,28-36%,NC,Purchase,Second Home,Condo,Servicer_B,30-59 DPD,0,1,0,0,,2021-10-01,Encompass,Under Exception,Current,0,0,0,0,0,
LN0003396,6,2021-11,2021-05,6,354,94063.0,93221.14,3.85,660-699,70-80%,28-36%,NC,Purchase,Second Home,Condo,Servicer_B,Current,30,1,0,0,,2021-11-01,Encompass,Under Exception,Current,0,0,0,0,0,
LN0003396,7,2021-12,2021-05,7,353,94063.0,93079.24,3.85,660-699,70-80%,28-36%,NC,Purchase,Second Home,Condo,Servicer_B,Current,0,1,0,0,,2021-12-01,Encompass,Under Exception,Current,0,0,0,0,0,
LN0003396,8,2022-01,2021-05,8,352,94063.0,92936.9,3.85,660-699,70-80%,28-36%,NC,Purchase,Second Home,Condo,Servicer_B,Current,0,1,0,0,,2022-01-01,Encompass,Under Exception,Current,0,0,0,0,0,
LN0003396,9,2022-02,2021-05,9,351,94063.0,92794.1,3.85,660-699,70-80%,28-36%,NC,Purchase,Second Home,Condo,Servicer_B,Current,0,1,0,0,,2022-02-01,Encompass,Under Exception,Current,0,0,0,0,0,
LN0003396,10,2022-03,2021-05,10,350,94063.0,92650.84,3.85,660-699,70-80%,28-36%,NC,Purchase,Second Home,Condo,Servicer_B,Current,0,1,0,0,,2022-03-01,Encompass,Under Exception,Current,0,0,0,0,0,
LN0003396,11,2022-04,2021-05,11,349,94063.0,92507.11,3.85,660-699,70-80%,28-36%,NC,Purchase,Second Home,Condo,Servicer_B,Current,0,1,0,0,,2022-04-01,Encompass,Under Exception,Current,0,0,0,0,0,
LN0003396,12,2022-05,2021-05,12,348,94063.0,92362.93,3.85,660-699,70-80%,28-36%,NC,Purchase,Second Home,Condo,Servicer_B,Current,0,1,0,0,,2022-05-01,Encompass,Under Exception,Current,0,0,0,0,0,
LN0003396,13,2022-06,2021-05,13,347,94063.0,92218.29,3.85,660-699,70-80%,28-36%,NC,Purchase,Second Home,Condo,Servicer_B,Current,0,1,0,0,,2022-06-01,Encompass,Under Exception,Current,0,0,0,0,0,
LN0003396,14,2022-07,2021-05,14,346,94063.0,92073.18,3.85,660-699,70-80%,28-36%,NC,Purchase,Second Home,Condo,Servicer_B,Current,0,1,0,0,,2022-07-01,Encompass,Under Exception,Current,0,0,0,0,0,
LN0003396,15,2022-08,2021-05,15,345,94063.0,91927.61,3.85,660-699,70-80%,28-36%,NC,Purchase,Second Home,Condo,Servicer_B,Current,0,1,0,0,,2022-08-01,Encompass,Under Exception,Current,0,0,0,0,0,
LN0003396,16,2022-09,2021-05,16,344,94063.0,91781.57,3.85,660-699,70-80%,28-36%,NC,Purchase,Second Home,Condo,Servicer_B,Current,0,1,0,0,,2022-09-01,Encompass,Under Exception,Current,0,0,0,0,0,
LN0003396,17,2022-10,2021-05,17,343,94063.0,91635.06,3.85,660-699,70-80%,28-36%,NC,Purchase,Second Home,Condo,Servicer_B,Current,0,1,0,0,,2022-10-01,Encompass,Under Exception,Current,0,0,0,0,0,
LN0003396,18,2022-11,2021-05,18,342,94063.0,91488.08,3.85,660-699,70-80%,28-36%,NC,Purchase,Second Home,Condo,Servicer_B,Current,0,1,0,0,,2022-11-01,Encompass,Under Exception,Current,0,0,0,0,0,
LN0003396,19,2022-12,2021-05,19,341,94063.0,91340.63,3.85,660-699,70-80%,28-36%,NC,Purchase,Second Home,Condo,Servicer_B,Current,0,1,0,0,,2022-12-01,Encompass,Under Exception,Current,0,0,0,0,0,
LN0003421,1,2022-05,2022-04,1,359,156599.0,156353.28,3.517,700-739,70-80%,>43%,GA,Refinance,Primary,Manufactured,Servicer_C,Current,0,0,0,0,,2022-05-01,CoreLogic,Complete,Current,0,0,0,0,0,
LN0003421,2,2022-06,2022-04,2,358,156599.0,156106.84,3.517,700-739,70-80%,>43%,GA,Refinance,Primary,Manufactured,Servicer_C,Current,0,0,0,0,,2022-06-01,CoreLogic,Complete,Current,0,0,0,0,0,
LN0003421,3,2022-07,2022-04,3,357,156599.0,155859.67,3.517,700-739,70-80%,>43%,GA,Refinance,Primary,Manufactured,Servicer_C,Current,0,0,0,0,,2022-07-01,CoreLogic,Complete,Current,0,0,0,0,0,
LN0003421,4,2022-08,2022-04,4,356,156599.0,155611.79,3.517,700-739,70-80%,>43%,GA,Refinance,Primary,Manufactured,Servicer_C,Current,0,0,0,0,,2022-08-01,CoreLogic,Complete,Current,0,0,0,0,0,
LN0003421,5,2022-09,2022-04,5,355,156599.0,155363.17,3.517,700-739,70-80%,>43%,GA,Refinance,Primary,Manufactured,Servicer_C,Current,0,0,0,0,,2022-09-01,CoreLogic,Complete,Current,0,0,0,0,0,
LN0003421,6,2022-10,2022-04,6,354,156599.0,155113.83,3.517,700-739,70-80%,>43%,GA,Refinance,Primary,Manufactured,Servicer_C,Current,0,0,0,0,,2022-10-01,CoreLogic,Complete,Current,0,0,0,0,0,
LN0003421,7,2022-11,2022-04,7,353,156599.0,154863.76,3.517,700-739,70-80%,>43%,GA,Refinance,Primary,Manufactured,Servicer_C,Current,0,0,0,0,,2022-11-01,CoreLogic,Complete,Current,0,0,0,0,0,
LN0003421,8,2022-12,2022-04,8,352,156599.0,154612.95,3.517,700-739,70-80%,>43%,GA,Refinance,Primary,Manufactured,Servicer_C,Current,0,0,0,0,,2022-12-01,CoreLogic,Complete,Current,0,0,0,0,0,
LN0003428,1,2020-11,2020-10,1,359,101203.0,101069.73,,660-699,80-90%,20-28%,TX,Purchase,Investment,Single Family,Servicer_D,Current,0,0,0,0,,2020-11-01,Encompass,Under Exception,Current,0,0,0,0,0,
LN0003428,2,2020-12,2020-10,2,358,101203.0,100935.96,,660-699,80-90%,20-28%,TX,Purchase,Investment,Single Family,Servicer_D,Current,0,0,0,0,,2020-12-01,Encompass,Under Exception,Current,0,0,0,0,0,
LN0003428,3,2021-01,2020-10,3,357,101203.0,100801.69,,660-699,80-90%,20-28%,TX,Purchase,Investment,Single Family,Servicer_D,Current,0,0,0,0,,2021-01-01,Encompass,Under Exception,Current,0,0,0,0,0,
LN0003428,4,2021-02,2020-10,4,356,101203.0,100666.92,,660-699,80-90%,20-28%,TX,Purchase,Investment,Single Family,Servicer_D,Current,0,0,0,0,,2021-02-01,Encompass,Under Exception,Current,0,0,0,0,0,
LN0003428,5,2021-03,2020-10,5,355,101203.0,100531.64,,660-699,80-90%,20-28%,TX,Purchase,Investment,Single Family,Servicer_D,Current,0,0,0,0,,2021-03-01,Encompass,Under Exception,Current,0,0,0,0,0,
LN0003428,6,2021-04,2020-10,6,354,101203.0,100395.85,,660-699,80-90%,20-28%,TX,Purchase,Investment,Single Family,Servicer_D,Current,0,0,0,0,,2021-04-01,Encompass,Under Exception,Current,0,0,0,0,0,
LN0003428,7,2021-05,2020-10,7,353,101203.0,100259.55,,660-699,80-90%,20-28%,TX,Purchase,Investment,Single Family,Servicer_D,Current,0,0,0,0,,2021-05-01,Encompass,Under Exception,Current,0,0,0,0,0,
LN0003428,8,2021-06,2020-10,8,352,101203.0,100122.75,,660-699,80-90%,20-28%,TX,Purchase,Investment,Single Family,Servicer_D,Current,0,0,0,0,,2021-06-01,Encompass,Under Exception,Current,0,0,0,0,0,
LN0003428,9,2021-07,2020-10,9,351,101203.0,99985.42,,660-699,80-90%,20-28%,TX,Purchase,Investment,Single Family,Servicer_D,Current,0,0,0,0,,2021-07-01,Encompass,Under Exception,Current,0,0,0,0,0,
LN0003428,10,2021-08,2020-10,10,350,101203.0,99847.59,,660-699,80-90%,20-28%,TX,Purchase,Investment,Single Family,Servicer_D,Current,0,0,0,0,,2021-08-01,Encompass,Under Exception,Current,0,0,0,0,0,
LN0003428,11,2021-09,2020-10,11,349,101203.0,99709.24,,660-699,80-90%,20-28%,TX,Purchase,Investment,Single Family,Servicer_D,Current,0,0,0,0,,2021-09-01,Encompass,Under Exception,Current,0,0,0,0,0,
LN0003428,12,2021-10,2020-10,12,348,101203.0,99570.37,,660-699,80-90%,20-28%,TX,Purchase,Investment,Single Family,Servicer_D,Current,0,0,0,0,,2021-10-01,Encompass,Under Exception,Current,0,0,0,0,0,
LN0003428,13,2021-11,2020-10,13,347,101203.0,99430.97,,660-699,80-90%,20-28%,TX,Purchase,Investment,Single Family,Servicer_D,Current,0,0,0,0,,2021-11-01,Encompass,Under Exception,Current,0,0,0,0,0,
LN0003428,14,2021-12,2020-10,14,346,101203.0,99291.06,,660-699,80-90%,20-28%,TX,Purchase,Investment,Single Family,Servicer_D,Current,0,0,0,0,,2021-12-01,Encompass,Under Exception,Current,0,0,0,0,0,
LN0003428,15,2022-01,2020-10,15,345,101203.0,99150.62,,660-699,80-90%,20-28%,TX,Purchase,Investment,Single Family,Servicer_D,Current,0,0,0,0,,2022-01-01,Encompass,Under Exception,Current,0,0,0,0,0,
LN0003428,16,2022-02,2020-10,16,344,101203.0,99009.65,,660-699,80-90%,20-28%,TX,Purchase,Investment,Single Family,Servicer_D,Current,0,0,0,0,,2022-02-01,Encompass,Under Exception,Current,0,0,0,0,0,
LN0003428,17,2022-03,2020-10,17,343,101203.0,98868.16,,660-699,80-90%,20-28%,TX,Purchase,Investment,Single Family,Servicer_D,Current,0,0,0,0,,2022-03-01,Encompass,Under Exception,Current,0,0,0,0,0,
LN0003428,18,2022-04,2020-10,18,342,101203.0,98726.13,,660-699,80-90%,20-28%,TX,Purchase,Investment,Single Family,Servicer_D,Current,0,0,0,0,,2022-04-01,Encompass,Under Exception,Current,0,0,0,0,0,
LN0003428,19,2022-05,2020-10,19,341,101203.0,98583.58,,660-699,80-90%,20-28%,TX,Purchase,Investment,Single Family,Servicer_D,Current,0,0,0,0,,2022-05-01,Encompass,Under Exception,Current,0,0,0,0,0,
LN0003428,20,2022-06,2020-10,20,340,101203.0,98440.48,,660-699,80-90%,20-28%,TX,Purchase,Investment,Single Family,Servicer_D,Current,0,0,0,0,,2022-06-01,Encompass,Under Exception,Current,0,0,0,0,0,
LN0003428,21,2022-07,2020-10,21,339,101203.0,98296.86,,660-699,80-90%,20-28%,TX,Purchase,Investment,Single Family,Servicer_D,Current,0,0,0,0,,2022-07-01,Encompass,Under Exception,Current,0,0,0,0,0,
LN0003428,22,2022-08,2020-10,22,338,101203.0,98152.69,,660-699,80-90%,20-28%,TX,Purchase,Investment,Single Family,Servicer_D,Current,0,0,0,0,,2022-08-01,Encompass,Under Exception,Current,0,0,0,0,0,
LN0003428,23,2022-09,2020-10,23,337,101203.0,98007.98,,660-699,80-90%,20-28%,TX,Purchase,Investment,Single Family,Servicer_D,Current,0,0,0,0,,2022-09-01,Encompass,Under Exception,Current,0,0,0,0,0,
LN0003428,24,2022-10,2020-10,24,336,101203.0,97862.73,,660-699,80-90%,20-28%,TX,Purchase,Investment,Single Family,Servicer_D,Current,0,0,0,0,,2022-10-01,Encompass,Under Exception,Current,0,0,0,0,0,
LN0003428,25,2022-11,2020-10,25,335,101203.0,97716.93,,660-699,80-90%,20-28%,TX,Purchase,Investment,Single Family,Servicer_D,Current,0,0,0,0,,2022-11-01,Encompass,Under Exception,Current,0,0,0,0,0,
LN0003428,26,2022-12,2020-10,26,334,101203.0,97570.59,,660-699,80-90%,20-28%,TX,Purchase,Investment,Single Family,Servicer_D,Current,0,0,0,0,,2022-12-01,Encompass,Under Exception,Current,0,0,0,0,0,
LN0003437,1,2020-08,2020-07,1,359,139458.0,139214.35,2.895,660-699,<60%,20-28%,MI,Refinance,Primary,Manufactured,Servicer_B,Current,0,0,0,0,,2020-08-01,CoreLogic,Complete,Current,0,0,0,0,0,
LN0003437,2,2020-09,2020-07,2,358,139458.0,138970.11,2.895,660-699,<60%,20-28%,MI,Refinance,Primary,Manufactured,Servicer_B,Current,0,0,0,0,,2020-09-01,CoreLogic,Complete,Current,0,0,0,0,0,
LN0003437,3,2020-10,2020-07,3,357,139458.0,138725.28,2.895,660-699,<60%,20-28%,MI,Refinance,Primary,Manufactured,Servicer_B,Current,0,0,0,0,,2020-10-01,CoreLogic,Complete,Current,0,0,0,0,0,
LN0003437,4,2020-11,2020-07,4,356,139458.0,138479.87,2.895,660-699,<60%,20-28%,MI,Refinance,Primary,Manufactured,Servicer_B,Current,0,0,0,0,,2020-11-01,CoreLogic,Complete,Current,0,0,0,0,0,
LN0003437,5,2020-12,2020-07,5,355,139458.0,138233.86,2.895,660-699,<60%,20-28%,MI,Refinance,Primary,Manufactured,Servicer_B,Current,0,0,0,0,,2020-12-01,CoreLogic,Complete,Current,0,0,0,0,0,
LN0003437,6,2021-01,2020-07,6,354,139458.0,137987.25,2.895,660-699,<60%,20-28%,MI,Refinance,Primary,Manufactured,Servicer_B,Current,0,0,0,0,,2021-01-01,CoreLogic,Complete,Current,0,0,0,0,0,
LN0003437,7,2021-02,2020-07,7,353,139458.0,137740.05,2.895,660-699,<60%,20-28%,MI,Refinance,Primary,Manufactured,Servicer_B,Current,0,0,0,0,,2021-02-01,CoreLogic,Complete,Current,0,0,0,0,0,
LN0003437,8,2021-03,2020-07,8,352,139458.0,137492.26,2.895,660-699,<60%,20-28%,MI,Refinance,Primary,Manufactured,Servicer_B,Current,0,0,0,0,,2021-03-01,CoreLogic,Complete,Current,0,0,0,0,0,
LN0003437,9,2021-04,2020-07,9,351,139458.0,137243.87,2.895,660-699,<60%,20-28%,MI,Refinance,Primary,Manufactured,Servicer_B,Current,0,0,0,0,,2021-04-01,CoreLogic,Complete,Current,0,0,0,0,0,
LN0003437,10,2021-05,2020-07,10,350,139458.0,136994.88,2.895,660-699,<60%,20-28%,MI,Refinance,Primary,Manufactured,Servicer_B,Current,0,0,0,0,,2021-05-01,CoreLogic,Complete,Current,0,0,0,0,0,
LN0003437,11,2021-06,2020-07,11,349,139458.0,136745.28,2.895,660-699,<60%,20-28%,MI,Refinance,Primary,Manufactured,Servicer_B,Current,0,0,0,0,,2021-06-01,CoreLogic,Complete,Current,0,0,0,0,0,
LN0003437,12,2021-07,2020-07,12,348,139458.0,136495.09,2.895,660-699,<60%,20-28%,MI,Refinance,Primary,Manufactured,Servicer_B,Current,0,0,0,0,,2021-07-01,CoreLogic,Complete,Current,0,0,0,0,0,
LN0003437,13,2021-08,2020-07,13,347,139458.0,136244.29,2.895,660-699,<60%,20-28%,MI,Refinance,Primary,Manufactured,Servicer_B,Current,0,0,0,0,,2021-08-01,CoreLogic,Complete,Current,0,0,0,0,0,
LN0003437,14,2021-09,2020-07,14,346,139458.0,135992.89,2.895,660-699,<60%,20-28%,MI,Refinance,Primary,Manufactured,Servicer_B,Current,0,0,0,0,,2021-09-01,CoreLogic,Complete,Current,0,0,0,0,0,
LN0003437,15,2021-10,2020-07,15,345,139458.0,135740.88,2.895,660-699,<60%,20-28%,MI,Refinance,Primary,Manufactured,Servicer_B,Current,0,0,0,0,,2021-10-01,CoreLogic,Complete,Current,0,0,0,0,0,
LN0003437,16,2021-11,2020-07,16,344,139458.0,135488.26,2.895,660-699,<60%,20-28%,MI,Refinance,Primary,Manufactured,Servicer_B,Current,0,0,0,0,,2021-11-01,CoreLogic,Complete,Current,0,0,0,0,0,
LN0003437,17,2021-12,2020-07,17,343,139458.0,135235.03,2.895,660-699,<60%,20-28%,MI,Refinance,Primary,Manufactured,Servicer_B,Current,0,0,0,0,,2021-12-01,CoreLogic,Complete,Current,0,0,0,0,0,
LN0003437,18,2022-01,2020-07,18,342,139458.0,134981.19,2.895,660-699,<60%,20-28%,MI,Refinance,Primary,Manufactured,Servicer_B,Current,0,0,0,0,,2022-01-01,CoreLogic,Complete,Current,0,0,0,0,0,
LN0003437,19,2022-02,2020-07,19,341,139458.0,134726.74,2.895,660-699,<60%,20-28%,MI,Refinance,Primary,Manufactured,Servicer_B,Current,0,0,0,0,,2022-02-01,CoreLogic,Complete,Current,0,0,0,0,0,
LN0003437,20,2022-03,2020-07,20,340,139458.0,134471.68,2.895,660-699,<60%,20-28%,MI,Refinance,Primary,Manufactured,Servicer_B,Current,0,0,0,0,,2022-03-01,CoreLogic,Complete,Current,0,0,0,0,0,
LN0003437,21,2022-04,2020-07,21,339,139458.0,134216.0,2.895,660-699,<60%,20-28%,MI,Refinance,Primary,Manufactured,Servicer_B,Current,0,0,0,0,,2022-04-01,CoreLogic,Complete,Current,0,0,0,0,0,
LN0003437,22,2022-05,2020-07,22,338,139458.0,133959.7,2.895,660-699,<60%,20-28%,MI,Refinance,Primary,Manufactured,Servicer_B,Current,0,0,0,0,,2022-05-01,CoreLogic,Complete,Current,0,0,0,0,0,
LN0003437,23,2022-06,2020-07,23,337,139458.0,133702.79,2.895,660-699,<60%,20-28%,MI,Refinance,Primary,Manufactured,Servicer_B,Current,0,0,0,0,,2022-06-01,CoreLogic,Complete,Current,0,0,0,0,0,
LN0003437,24,2022-07,2020-07,24,336,139458.0,133445.25,2.895,660-699,<60%,20-28%,MI,Refinance,Primary,Manufactured,Servicer_B,Current,0,0,0,0,,2022-07-01,CoreLogic,Complete,Current,0,0,0,0,0,
LN0003437,25,2022-08,2020-07,25,335,139458.0,133187.1,2.895,660-699,<60%,20-28%,MI,Refinance,Primary,Manufactured,Servicer_B,Current,0,0,0,0,,2022-08-01,CoreLogic,Complete,Current,0,0,0,0,0,
LN0003437,26,2022-09,2020-07,26,334,139458.0,132928.32,2.895,660-699,<60%,20-28%,MI,Refinance,Primary,Manufactured,Servicer_B,Current,0,0,0,0,,2022-09-01,CoreLogic,Complete,Current,0,0,0,0,0,
LN0003437,27,2022-10,2020-07,27,333,139458.0,132668.91,2.895,660-699,<60%,20-28%,MI,Refinance,Primary,Manufactured,Servicer_B,Current,0,0,0,0,,2022-10-01,CoreLogic,Complete,Current,0,0,0,0,0,
LN0003437,28,2022-11,2020-07,28,332,139458.0,132408.89,2.895,660-699,<60%,20-28%,MI,Refinance,Primary,Manufactured,Servicer_B,Current,0,0,0,0,,2022-11-01,CoreLogic,Complete,Current,0,0,0,0,0,
LN0003437,29,2022-12,2020-07,29,331,139458.0,132148.23,2.895,660-699,<60%,20-28%,MI,Refinance,Primary,Manufactured,Servicer_B,Current,0,0,0,0,,2022-12-01,CoreLogic,Complete,Current,0,0,0,0,0,
LN0003453,1,2021-12,2021-11,1,359,50000.0,49950.2,5.997,780+,60-70%,36-43%,MI,Cash-Out Refinance,Primary,Condo,Servicer_D,Current,0,0,0,0,,2021-12-01,CoreLogic,Complete,Current,0,0,0,0,0,
LN0003453,2,2022-01,2021-11,2,358,50000.0,49900.14,5.997,780+,60-70%,36-43%,MI,Cash-Out Refinance,Primary,Condo,Servicer_D,Current,0,0,0,0,,2022-01-01,CoreLogic,Complete,Current,0,0,0,0,0,
LN0003453,3,2022-02,2021-11,3,357,50000.0,49849.84,5.997,780+,60-70%,36-43%,MI,Cash-Out Refinance,Primary,Condo,Servicer_D,Current,0,0,0,0,,2022-02-01,CoreLogic,Complete,Current,0,0,0,0,0,
LN0003453,4,2022-03,2021-11,4,356,50000.0,49799.29,5.997,780+,60-70%,36-43%,MI,Cash-Out Refinance,Primary,Condo,Servicer_D,Current,0,0,0,0,,2022-03-01,CoreLogic,Complete,Current,0,0,0,0,0,
LN0003453,5,2022-04,2021-11,5,355,50000.0,49748.48,5.997,780+,60-70%,36-43%,MI,Cash-Out Refinance,Primary,Condo,Servicer_D,Current,0,0,0,0,,2022-04-01,CoreLogic,Complete,Current,0,0,0,0,0,
LN0003453,6,2022-05,2021-11,6,354,50000.0,49697.42,5.997,780+,60-70%,36-43%,MI,Cash-Out Refinance,Primary,Condo,Servicer_D,Current,0,0,0,0,,2022-05-01,CoreLogic,Complete,Current,0,0,0,0,0,
LN0003453,7,2022-06,2021-11,7,353,50000.0,49646.1,5.997,780+,60-70%,36-43%,MI,Cash-Out Refinance,Primary,Condo,Servicer_D,Current,0,0,0,0,,2022-06-01,CoreLogic,Complete,Current,0,0,0,0,0,
LN0003453,8,2022-07,2021-11,8,352,50000.0,49594.53,5.997,780+,60-70%,36-43%,MI,Cash-Out Refinance,Primary,Condo,Servicer_D,Current,0,0,0,0,,2022-07-01,CoreLogic,Complete,Current,0,0,0,0,0,
LN0003453,9,2022-08,2021-11,9,351,50000.0,49542.7,5.997,780+,60-70%,36-43%,MI,Cash-Out Refinance,Primary,Condo,Servicer_D,Current,0,0,0,0,,2022-08-01,CoreLogic,Complete,Current,0,0,0,0,0,
LN0003453,10,2022-09,2021-11,10,350,50000.0,49490.61,5.997,780+,60-70%,36-43%,MI,Cash-Out Refinance,Primary,Condo,Servicer_D,Current,0,0,0,0,,2022-09-01,CoreLogic,Complete,Current,0,0,0,0,0,
LN0003453,11,2022-10,2021-11,11,349,50000.0,49438.26,5.997,780+,60-70%,36-43%,MI,Cash-Out Refinance,Primary,Condo,Servicer_D,Current,0,0,0,0,,2022-10-01,CoreLogic,Complete,Current,0,0,0,0,0,
LN0003453,12,2022-11,2021-11,12,348,50000.0,49385.65,5.997,780+,60-70%,36-43%,MI,Cash-Out Refinance,Primary,Condo,Servicer_D,Current,0,0,0,0,,2022-11-01,CoreLogic,Complete,Current,0,0,0,0,0,
LN0003453,13,2022-12,2021-11,13,347,50000.0,49332.78,5.997,780+,60-70%,36-43%,MI,Cash-Out Refinance,Primary,Condo,Servicer_D,Current,0,0,0,0,,2022-12-01,CoreLogic,Complete,Current,0,0,0,0,0,
LN0003459,1,2022-05,2022-04,1,359,102130.0,101996.17,4.527,700-739,80-90%,28-36%,NY,Refinance,Primary,Single Family,Servicer_D,Current,0,0,0,0,,2022-05-01,Ellie Mae,Missing Items,Current,0,0,1,0,0,
LN0003459,2,2022-06,2022-04,2,358,102130.0,101861.83,4.527,700-739,80-90%,28-36%,NY,Refinance,Primary,Single Family,Servicer_D,Current,0,0,0,0,,2022-06-01,Ellie Mae,Missing Items,Current,0,0,1,0,0,
LN0003459,3,2022-07,2022-04,3,357,102130.0,101726.99,4.527,700-739,80-90%,28-36%,NY,Refinance,Primary,Single Family,Servicer_D,Current,0,0,0,0,,2022-07-01,Ellie Mae,Missing Items,Current,0,0,1,0,0,
LN0003459,4,2022-08,2022-04,4,356,102130.0,101591.64,4.527,700-739,80-90%,28-36%,NY,Refinance,Primary,Single Family,Servicer_D,Current,0,0,0,0,,2022-08-01,Ellie Mae,Missing Items,Current,0,0,1,0,0,
LN0003459,5,2022-09,2022-04,5,355,102130.0,101455.77,4.527,700-739,80-90%,28-36%,NY,Refinance,Primary,Single Family,Servicer_D,Current,0,0,0,0,,2022-09-01,Ellie Mae,Missing Items,Current,0,1,1,0,0,
LN0003459,6,2022-10,2022-04,6,354,102130.0,101319.4,4.527,700-739,80-90%,28-36%,NY,Refinance,Primary,Single Family,Servicer_D,Current,0,0,0,0,,2022-10-01,Ellie Mae,Missing Items,Current,0,1,1,0,0,
LN0003459,7,2022-11,2022-04,7,353,102130.0,101182.51,4.527,700-739,80-90%,28-36%,NY,Refinance,Primary,Single Family,Servicer_D,Current,0,0,0,0,,2022-11-01,Ellie Mae,Missing Items,Current,0,1,1,0,0,
LN0003459,8,2022-12,2022-04,8,352,102130.0,101045.1,4.527,700-739,80-90%,28-36%,NY,Refinance,Primary,Single Family,Servicer_D,Current,0,0,0,0,,2022-12-01,Ellie Mae,Missing Items,Current,1,1,1,0,0,
LN0003463,1,2022-01,2021-12,1,359,117605.0,117466.03,5.09,740-779,60-70%,28-36%,TX,Purchase,Primary,Single Family,Servicer_D,Current,0,0,0,0,,2022-01-01,Ellie Mae,Missing Items,Current,0,0,0,0,0,
LN0003463,2,2022-02,2021-12,2,358,117605.0,117326.47,5.09,740-779,60-70%,28-36%,TX,Purchase,Primary,Single Family,Servicer_D,Current,0,0,0,0,,2022-02-01,Ellie Mae,Missing Items,Current,0,0,0,0,0,
LN0003463,3,2022-03,2021-12,3,357,117605.0,117186.31,5.09,740-779,60-70%,28-36%,TX,Purchase,Primary,Single Family,Servicer_D,Current,0,0,0,0,,2022-03-01,Ellie Mae,Missing Items,Current,0,0,0,0,0,
LN0003463,4,2022-04,2021-12,4,356,117605.0,117045.56,5.09,740-779,60-70%,28-36%,TX,Purchase,Primary,Single Family,Servicer_D,Current,0,0,0,0,,2022-04-01,Ellie Mae,Missing Items,Current,0,0,0,0,0,
LN0003463,5,2022-05,2021-12,5,355,117605.0,116904.22,5.09,740-779,60-70%,28-36%,TX,Purchase,Primary,Single Family,Servicer_D,Current,0,0,0,0,,2022-05-01,Ellie Mae,Missing Items,Current,0,0,0,0,0,
LN0003463,6,2022-06,2021-12,6,354,117605.0,116762.27,5.09,740-779,60-70%,28-36%,TX,Purchase,Primary,Single Family,Servicer_D,Current,0,0,0,0,,2022-06-01,Ellie Mae,Missing Items,Current,0,0,0,0,0,
LN0003463,7,2022-07,2021-12,7,353,117605.0,116619.73,5.09,740-779,60-70%,28-36%,TX,Purchase,Primary,Single Family,Servicer_D,Current,0,0,0,0,,2022-07-01,Ellie Mae,Missing Items,Current,0,0,0,0,0,
LN0003463,8,2022-08,2021-12,8,352,117605.0,116476.57,5.09,740-779,60-70%,28-36%,TX,Purchase,Primary,Single Family,Servicer_D,Current,0,0,0,0,,2022-08-01,Ellie Mae,Missing Items,Current,0,0,0,0,0,
LN0003463,9,2022-09,2021-12,9,351,117605.0,116332.82,5.09,740-779,60-70%,28-36%,TX,Purchase,Primary,Single Family,Servicer_D,Current,0,0,0,0,,2022-09-01,Ellie Mae,Missing Items,Current,0,0,0,0,0,
LN0003463,10,2022-10,2021-12,10,350,117605.0,116188.45,5.09,740-779,60-70%,28-36%,TX,Purchase,Primary,Single Family,Servicer_D,Current,0,0,0,0,,2022-10-01,Ellie Mae,Missing Items,Current,0,0,0,0,0,
LN0003463,11,2022-11,2021-12,11,349,117605.0,116043.47,5.09,740-779,60-70%,28-36%,TX,Purchase,Primary,Single Family,Servicer_D,Current,0,0,0,0,,2022-11-01,Ellie Mae,Missing Items,Current,0,0,0,0,0,
LN0003463,12,2022-12,2021-12,12,348,117605.0,115897.87,5.09,740-779,60-70%,28-36%,TX,Purchase,Primary,Single Family,Servicer_D,Current,0,0,0,0,,2022-12-01,Ellie Mae,Missing Items,Current,0,0,0,0,0,
LN0003472,1,2022-08,2022-07,1,359,188075.0,187827.33,,660-699,90-95%,20-28%,PA,Purchase,Second Home,Single Family,Servicer_A,Current,0,0,0,0,,2022-08-01,Encompass,Under Exception,Current,0,0,0,0,0,
LN0003472,2,2022-09,2022-07,2,358,188075.0,187578.74,,660-699,90-95%,20-28%,PA,Purchase,Second Home,Single Family,Servicer_A,Current,0,0,0,0,,2022-09-01,Encompass,Under Exception,Current,0,0,0,0,0,
LN0003472,3,2022-10,2022-07,3,357,188075.0,187329.21,,660-699,90-95%,20-28%,PA,Purchase,Second Home,Single Family,Servicer_A,Current,0,0,0,0,,2022-10-01,Encompass,Under Exception,Current,0,0,0,0,0,
LN0003472,4,2022-11,2022-07,4,356,188075.0,187078.74,,660-699,90-95%,20-28%,PA,Purchase,Second Home,Single Family,Servicer_A,Current,0,0,0,0,,2022-11-01,Encompass,Under Exception,Current,0,0,0,0,0,
LN0003472,5,2022-12,2022-07,5,355,188075.0,186827.34,,660-699,90-95%,20-28%,PA,Purchase,Second Home,Single Family,Servicer_A,Current,0,0,0,0,,2022-12-01,Encompass,Under Exception,Current,0,0,0,0,0,
LN0003484,1,2021-09,2021-08,1,359,125429.0,125264.94,4.537,660-699,70-80%,<20%,IN,Purchase,Primary,Condo,Servicer_C,Current,0,0,0,0,,2021-09-01,Encompass,Under Exception,Current,0,0,0,0,0,
LN0003484,2,2021-10,2021-08,2,358,125429.0,125100.25,4.537,660-699,70-80%,<20%,IN,Purchase,Primary,Condo,Servicer_C,Current,0,0,0,0,,2021-10-01,Encompass,Under Exception,Current,0,0,0,0,0,
LN0003484,3,2021-11,2021-08,3,357,125429.0,124934.94,4.537,660-699,70-80%,<20%,IN,Purchase,Primary,Condo,Servicer_C,Current,0,0,0,0,,2021-11-01,Encompass,Under Exception,Current,0,0,0,0,0,
LN0003484,4,2021-12,2021-08,4,356,125429.0,124769.01,4.537,660-699,70-80%,<20%,IN,Purchase,Primary,Condo,Servicer_C,Current,0,0,0,0,,2021-12-01,Encompass,Under Exception,Current,0,0,0,0,0,
LN0003484,5,2022-01,2021-08,5,355,125429.0,124602.45,4.537,660-699,70-80%,<20%,IN,Purchase,Primary,Condo,Servicer_C,Current,0,0,0,0,,2022-01-01,Encompass,Under Exception,Current,0,0,0,0,0,
LN0003484,6,2022-02,2021-08,6,354,125429.0,124435.26,4.537,660-699,70-80%,<20%,IN,Purchase,Primary,Condo,Servicer_C,Current,0,0,0,0,,2022-02-01,Encompass,Under Exception,Current,0,0,0,0,0,
LN0003484,7,2022-03,2021-08,7,353,125429.0,124267.44,4.537,660-699,70-80%,<20%,IN,Purchase,Primary,Condo,Servicer_C,Current,0,0,0,0,,2022-03-01,Encompass,Under Exception,Current,0,0,0,0,0,
LN0003484,8,2022-04,2021-08,8,352,125429.0,124098.98,4.537,660-699,70-80%,<20%,IN,Purchase,Primary,Condo,Servicer_C,Current,0,0,0,0,,2022-04-01,Encompass,Under Exception,Current,0,0,0,0,0,
LN0003484,9,2022-05,2021-08,9,351,125429.0,123929.89,4.537,660-699,70-80%,<20%,IN,Purchase,Primary,Condo,Servicer_C,Current,0,0,0,0,,2022-05-01,Encompass,Under Exception,Current,0,0,0,0,0,
LN0003484,10,2022-06,2021-08,10,350,125429.0,123760.16,4.537,660-699,70-80%,<20%,IN,Purchase,Primary,Condo,Servicer_C,Current,0,0,0,0,,2022-06-01,Encompass,Under Exception,Current,0,0,0,0,0,
LN0003484,11,2022-07,2021-08,11,349,125429.0,123589.78,4.537,660-699,70-80%,<20%,IN,Purchase,Primary,Condo,Servicer_C,Current,0,0,0,0,,2022-07-01,Encompass,Under Exception,Current,0,0,0,0,0,
LN0003484,12,2022-08,2021-08,12,348,125429.0,123418.76,4.537,660-699,70-80%,<20%,IN,Purchase,Primary,Condo,Servicer_C,Current,0,0,0,0,,2022-08-01,Encompass,Under Exception,Current,0,0,0,0,0,
LN0003484,13,2022-09,2021-08,13,347,125429.0,123247.1,4.537,660-699,70-80%,<20%,IN,Purchase,Primary,Condo,Servicer_C,Current,0,0,0,0,,2022-09-01,Encompass,Under Exception,Current,0,0,0,0,0,
LN0003484,14,2022-10,2021-08,14,346,125429.0,123074.78,4.537,660-699,70-80%,<20%,IN,Purchase,Primary,Condo,Servicer_C,Current,0,0,0,0,,2022-10-01,Encompass,Under Exception,Current,0,0,0,0,0,
LN0003484,15,2022-11,2021-08,15,345,125429.0,122901.82,4.537,660-699,70-80%,<20%,IN,Purchase,Primary,Condo,Servicer_C,Current,0,0,0,0,,2022-11-01,Encompass,Under Exception,Current,0,0,0,0,0,
LN0003484,16,2022-12,2021-08,16,344,125429.0,122728.2,4.537,660-699,70-80%,<20%,IN,Purchase,Primary,Condo,Servicer_C,Current,0,0,0,0,,2022-12-01,Encompass,Under Exception,Current,0,0,0,0,0,
LN0003488,1,2021-08,2021-07,1,359,149607.0,149442.6,5.479,660-699,70-80%,28-36%,WI,Refinance,Investment,Single Family,Servicer_A,Current,0,0,0,0,,2021-08-01,Encompass,Under Exception,Current,0,0,0,0,0,
LN0003488,2,2021-09,2021-07,2,358,149607.0,149277.45,5.479,660-699,70-80%,28-36%,WI,Refinance,Investment,Single Family,Servicer_A,Current,0,0,0,0,,2021-09-01,Encompass,Under Exception,Current,0,0,0,0,0,
LN0003488,3,2021-10,2021-07,3,357,149607.0,149111.54,5.479,660-699,70-80%,28-36%,WI,Refinance,Investment,Single Family,Servicer_A,Current,0,0,0,0,,2021-10-01,Encompass,Under Exception,Current,0,0,0,0,0,
LN0003488,4,2021-11,2021-07,4,356,149607.0,148944.88,5.479,660-699,70-80%,28-36%,WI,Refinance,Investment,Single Family,Servicer_A,Current,0,0,0,0,,2021-11-01,Encompass,Under Exception,Current,0,0,0,0,0,
LN0003488,5,2021-12,2021-07,5,355,149607.0,148777.45,5.479,660-699,70-80%,28-36%,WI,Refinance,Investment,Single Family,Servicer_A,Current,0,0,0,0,,2021-12-01,Encompass,Under Exception,Current,0,0,0,0,0,
LN0003488,6,2022-01,2021-07,6,354,149607.0,148609.26,5.479,660-699,70-80%,28-36%,WI,Refinance,Investment,Single Family,Servicer_A,Current,0,0,0,0,,2022-01-01,Encompass,Under Exception,Current,0,0,0,0,0,
LN0003488,7,2021-05,2021-07,7,353,149607.0,148440.31,5.479,660-699,70-80%,28-36%,WI,Refinance,Investment,Single Family,Servicer_A,Current,0,0,0,0,,2022-02-01,Encompass,Under Exception,Current,0,0,0,0,1,Date Anomaly
LN0003488,8,2022-03,2021-07,8,352,149607.0,148270.58,5.479,660-699,70-80%,28-36%,WI,Refinance,Investment,Single Family,Servicer_A,Current,0,0,0,0,,2022-03-01,Encompass,Under Exception,Current,0,0,0,0,0,
LN0003488,9,2022-04,2021-07,9,351,149607.0,148100.08,5.479,660-699,70-80%,28-36%,WI,Refinance,Investment,Single Family,Servicer_A,Current,0,0,0,0,,2022-04-01,Encompass,Under Exception,Current,0,0,0,0,0,
LN0003488,10,2022-05,2021-07,10,350,149607.0,147928.79,5.479,660-699,70-80%,28-36%,WI,Refinance,Investment,Single Family,Servicer_A,Current,0,0,0,0,,2022-05-01,Encompass,Under Exception,Current,0,0,0,0,0,
LN0003488,11,2022-06,2021-07,11,349,149607.0,325064.81,5.479,660-699,70-80%,28-36%,WI,Refinance,Investment,Single Family,Servicer_A,Current,0,0,0,0,,2022-06-01,Encompass,Under Exception,Current,0,0,0,0,1,Valuation Discrepancy
LN0003488,12,2022-07,2021-07,12,348,149607.0,147583.88,5.479,660-699,70-80%,28-36%,WI,Refinance,Investment,Single Family,Servicer_A,Current,0,0,0,0,,2022-07-01,Encompass,Under Exception,Current,0,0,0,0,0,
LN0003488,13,2022-08,2021-07,13,347,149607.0,147410.24,5.479,660-699,70-80%,28-36%,WI,Refinance,Investment,Single Family,Servicer_A,Current,0,0,0,0,,2022-08-01,Encompass,Under Exception,Current,0,0,0,0,0,
LN0003488,14,2022-09,2021-07,14,346,149607.0,147235.81,5.479,660-699,70-80%,28-36%,WI,Refinance,Investment,Single Family,Servicer_A,Current,0,0,0,0,,2022-09-01,Encompass,Under Exception,Current,0,0,0,0,0,
LN0003488,15,2022-10,2021-07,15,345,149607.0,147060.58,5.479,660-699,70-80%,28-36%,WI,Refinance,Investment,Single Family,Servicer_A,Current,0,0,0,0,,2022-10-01,Encompass,Under Exception,Current,0,0,0,0,0,
LN0003488,16,2022-11,2021-07,16,344,149607.0,146884.56,5.479,660-699,70-80%,28-36%,WI,Refinance,Investment,Single Family,Servicer_A,Current,0,0,0,0,,2022-11-01,Encompass,Under Exception,Current,0,0,0,0,0,
LN0003488,17,2022-12,2021-07,17,343,149607.0,146707.72,5.479,660-699,70-80%,28-36%,WI,Refinance,Investment,Single Family,Servicer_A,Current,0,0,0,0,,2022-12-01,Encompass,Under Exception,Current,0,0,0,0,0,
LN0003525,1,2021-11,2021-10,1,359,133048.0,132790.27,2.282,780+,70-80%,20-28%,WA,Purchase,Primary,Multi-Family,Servicer_E,Current,0,0,0,0,,2021-11-01,CoreLogic,Complete,Current,0,0,0,0,0,
LN0003525,2,2021-12,2021-10,2,358,133048.0,132532.05,2.282,780+,70-80%,20-28%,WA,Purchase,Primary,Multi-Family,Servicer_E,Current,0,0,0,0,,2021-12-01,CoreLogic,Complete,Current,0,0,0,0,0,
LN0003525,3,2022-01,2021-10,3,357,133048.0,132273.33,2.282,780+,70-80%,20-28%,WA,Purchase,Primary,Multi-Family,Servicer_E,Current,0,0,0,0,,2022-01-01,CoreLogic,Complete,Current,0,0,0,0,0,
LN0003525,4,2022-02,2021-10,4,356,133048.0,132014.13,2.282,780+,70-80%,20-28%,WA,Purchase,Primary,Multi-Family,Servicer_E,Current,0,0,0,0,,2022-02-01,CoreLogic,Complete,Current,0,0,0,0,0,
LN0003525,5,2022-03,2021-10,5,355,133048.0,131754.43,2.282,780+,70-80%,20-28%,WA,Purchase,Primary,Multi-Family,Servicer_E,Current,0,0,0,0,,2022-03-01,CoreLogic,Complete,Current,0,0,0,0,0,
LN0003525,6,2022-04,2021-10,6,354,133048.0,131494.24,2.282,780+,70-80%,20-28%,WA,Purchase,Primary,Multi-Family,Servicer_E,Current,0,0,0,0,,2022-04-01,CoreLogic,Complete,Current,0,0,0,0,0,
LN0003525,7,2022-05,2021-10,7,353,133048.0,131233.55,2.282,780+,70-80%,20-28%,WA,Purchase,Primary,Multi-Family,Servicer_E,Current,0,0,0,0,,2022-05-01,CoreLogic,Complete,Current,0,0,0,0,0,
LN0003525,8,2022-06,2021-10,8,352,133048.0,130972.37,2.282,780+,70-80%,20-28%,WA,Purchase,Primary,Multi-Family,Servicer_E,Current,0,0,0,0,,2022-06-01,CoreLogic,Complete,Current,0,0,0,0,0,
LN0003525,9,2022-07,2021-10,9,351,133048.0,130710.69,2.282,780+,70-80%,20-28%,WA,Purchase,Primary,Multi-Family,Servicer_E,Current,0,0,0,0,,2022-07-01,CoreLogic,Complete,Current,0,0,0,0,0,
LN0003525,10,2022-08,2021-10,10,350,133048.0,130448.51,2.282,780+,70-80%,20-28%,WA,Purchase,Primary,Multi-Family,Servicer_E,Current,0,0,0,0,,2022-08-01,CoreLogic,Complete,Current,0,0,0,0,0,
LN0003525,11,2022-09,2021-10,11,349,133048.0,130185.84,2.282,780+,70-80%,20-28%,WA,Purchase,Primary,Multi-Family,Servicer_E,Current,0,0,0,0,,2022-09-01,CoreLogic,Complete,Current,0,0,0,0,0,
LN0003525,12,2022-10,2021-10,12,348,133048.0,129922.66,2.282,780+,70-80%,20-28%,WA,Purchase,Primary,Multi-Family,Servicer_E,Current,0,0,0,0,,2022-10-01,CoreLogic,Complete,Current,0,0,0,0,0,
LN0003525,13,2022-11,2021-10,13,347,133048.0,129658.99,2.282,780+,70-80%,20-28%,WA,Purchase,Primary,Multi-Family,Servicer_E,Current,0,0,0,0,,2022-11-01,CoreLogic,Complete,Current,0,0,0,0,0,
LN0003525,14,2022-12,2021-10,14,346,133048.0,129394.81,2.282,780+,70-80%,20-28%,WA,Purchase,Primary,Multi-Family,Servicer_E,Current,0,0,0,0,,2022-12-01,CoreLogic,Complete,Current,0,0,0,0,0,
LN0003535,1,2022-05,2022-04,1,359,378945.0,378316.06,3.194,700-739,>95%,36-43%,WI,Refinance,Primary,Single Family,Servicer_A,Current,0,0,0,0,,2022-05-01,Ellie Mae,Missing Items,Current,0,0,0,0,0,
LN0003535,2,2022-06,2022-04,2,358,378945.0,377685.44,3.194,700-739,>95%,36-43%,WI,Refinance,Primary,Single Family,Servicer_A,Current,0,0,0,0,,2022-06-01,Ellie Mae,Missing Items,Current,0,0,0,0,0,
LN0003535,3,2022-07,2022-04,3,357,378945.0,377053.14,3.194,700-739,>95%,36-43%,WI,Refinance,Primary,Single Family,Servicer_A,Current,0,0,0,0,,2022-07-01,Ellie Mae,Missing Items,Current,0,0,0,0,0,
LN0003535,4,2022-08,2022-04,4,356,378945.0,376419.17,3.194,700-739,>95%,36-43%,WI,Refinance,Primary,Single Family,Servicer_A,Current,0,0,0,0,,2022-08-01,Ellie Mae,Missing Items,Current,0,0,0,0,0,
LN0003535,5,2022-09,2022-04,5,355,378945.0,375783.5,3.194,700-739,>95%,36-43%,WI,Refinance,Primary,Single Family,Servicer_A,Current,0,0,0,0,,2022-09-01,Ellie Mae,Missing Items,Current,0,0,0,0,0,
LN0003535,6,2022-10,2022-04,6,354,378945.0,375146.14,3.194,700-739,>95%,36-43%,WI,Refinance,Primary,Single Family,Servicer_A,Current,0,0,0,0,,2022-10-01,Ellie Mae,Missing Items,Current,0,0,0,0,0,
LN0003535,7,2022-11,2022-04,7,353,378945.0,374507.09,3.194,700-739,>95%,36-43%,WI,Refinance,Primary,Single Family,Servicer_A,Current,0,0,0,0,,2022-11-01,Ellie Mae,Missing Items,Current,0,0,0,0,0,
LN0003535,8,2022-12,2022-04,8,352,378945.0,373866.33,3.194,700-739,>95%,36-43%,WI,Refinance,Primary,Single Family,Servicer_A,Current,0,0,0,0,,2022-12-01,Ellie Mae,Missing Items,Current,0,0,0,0,0,
LN0003553,1,2021-12,2021-11,1,359,141827.0,141651.68,4.846,780+,<60%,28-36%,IN,Home Improvement,Investment,Single Family,Servicer_E,Current,0,0,0,0,,2021-12-01,CoreLogic,Complete,Current,0,0,0,0,0,
LN0003553,2,2022-01,2021-11,2,358,141827.0,141475.65,4.846,780+,<60%,28-36%,IN,Home Improvement,Investment,Single Family,Servicer_E,Current,0,0,0,0,,2022-01-01,CoreLogic,Complete,Current,0,0,0,0,0,
LN0003553,3,2022-02,2021-11,3,357,141827.0,141298.91,4.846,780+,<60%,28-36%,IN,Home Improvement,Investment,Single Family,Servicer_E,Current,0,0,0,0,,2022-02-01,CoreLogic,Complete,Current,0,0,0,0,0,
LN0003553,4,2022-03,2021-11,4,356,141827.0,141121.46,4.846,780+,<60%,28-36%,IN,Home Improvement,Investment,Single Family,Servicer_E,Current,0,0,0,0,,2022-03-01,CoreLogic,Complete,Current,0,0,0,0,0,
LN0003553,5,2022-04,2021-11,5,355,141827.0,140943.29,4.846,780+,<60%,28-36%,IN,Home Improvement,Investment,Single Family,Servicer_E,Current,0,0,0,0,,2022-04-01,CoreLogic,Complete,Current,0,0,0,0,0,
LN0003553,6,2022-05,2021-11,6,354,141827.0,140764.4,4.846,780+,<60%,28-36%,IN,Home Improvement,Investment,Single Family,Servicer_E,Current,0,0,0,0,,2022-05-01,CoreLogic,Complete,Current,0,0,0,0,0,
LN0003553,7,2022-06,2021-11,7,353,141827.0,140584.78,4.846,780+,<60%,28-36%,IN,Home Improvement,Investment,Single Family,Servicer_E,Current,0,0,0,0,,2022-06-01,CoreLogic,Complete,Current,0,0,0,0,0,
LN0003553,8,2022-07,2021-11,8,352,141827.0,140404.45,4.846,780+,<60%,28-36%,IN,Home Improvement,Investment,Single Family,Servicer_E,Current,0,0,0,0,,2022-07-01,CoreLogic,Complete,Current,0,0,0,0,0,
LN0003553,9,2022-08,2021-11,9,351,141827.0,140223.38,4.846,780+,<60%,28-36%,IN,Home Improvement,Investment,Single Family,Servicer_E,Current,0,0,0,0,,2022-08-01,CoreLogic,Complete,Current,0,0,0,0,0,
LN0003553,10,2022-09,2021-11,10,350,141827.0,140041.58,4.846,780+,<60%,28-36%,IN,Home Improvement,Investment,Single Family,Servicer_E,Current,0,0,0,0,,2022-09-01,CoreLogic,Complete,Current,0,0,0,0,0,
LN0003553,11,2022-10,2021-11,11,349,141827.0,139859.05,4.846,780+,<60%,28-36%,IN,Home Improvement,Investment,Single Family,Servicer_E,Current,0,0,0,0,,2022-10-01,CoreLogic,Complete,Current,0,0,0,0,0,
LN0003553,12,2022-11,2021-11,12,348,141827.0,139675.79,4.846,780+,<60%,28-36%,IN,Home Improvement,Investment,Single Family,Servicer_E,Current,0,0,0,0,,2022-11-01,CoreLogic,Complete,Current,0,0,0,0,0,
LN0003553,13,2022-12,2021-11,13,347,141827.0,139491.78,4.846,780+,<60%,28-36%,IN,Home Improvement,Investment,Single Family,Servicer_E,Current,0,0,0,0,,2022-12-01,CoreLogic,Complete,Current,0,0,0,0,0,
LN0003556,1,2021-07,2021-06,1,359,125872.0,125680.81,3.702,700-739,90-95%,20-28%,IN,Refinance,Primary,Single Family,Servicer_E,Current,0,0,0,0,,2021-07-01,Encompass,Under Exception,Current,0,0,0,0,0,
LN0003556,2,2021-08,2021-06,2,358,125872.0,125489.02,3.702,700-739,90-95%,20-28%,IN,Refinance,Primary,Single Family,Servicer_E,Current,0,0,0,0,,2021-08-01,Encompass,Under Exception,Current,0,0,0,0,0,
LN0003556,3,2021-09,2021-06,3,357,125872.0,125296.64,3.702,700-739,90-95%,20-28%,IN,Refinance,Primary,Single Family,Servicer_E,Current,0,0,0,0,,2021-09-01,Encompass,Under Exception,Current,0,0,0,0,0,
LN0003556,4,2021-10,2021-06,4,356,125872.0,125103.68,3.702,700-739,90-95%,20-28%,IN,Refinance,Primary,Single Family,Servicer_E,Current,0,0,0,0,,2021-10-01,Encompass,Under Exception,Current,0,0,0,0,0,
LN0003556,5,2021-11,2021-06,5,355,125872.0,124910.11,3.702,700-739,90-95%,20-28%,IN,Refinance,Primary,Single Family,Servicer_E,Current,0,0,0,0,,2021-11-01,Encompass,Under Exception,Current,0,0,0,0,0,
LN0003556,6,2021-12,2021-06,6,354,125872.0,124715.95,3.702,700-739,90-95%,20-28%,IN,Refinance,Primary,Single Family,Servicer_E,Current,0,0,0,0,,2021-12-01,Encompass,Under Exception,Current,0,0,0,0,0,
LN0003556,7,2022-01,2021-06,7,353,125872.0,124521.19,3.702,700-739,90-95%,20-28%,IN,Refinance,Primary,Single Family,Servicer_E,Current,0,0,0,0,,2022-01-01,Encompass,Under Exception,Current,0,0,0,0,0,
LN0003556,8,2022-02,2021-06,8,352,125872.0,124325.82,3.702,700-739,90-95%,20-28%,IN,Refinance,Primary,Single Family,Servicer_E,Current,0,0,0,0,,2022-02-01,Encompass,Under Exception,Current,0,0,0,0,0,
LN0003556,9,2022-03,2021-06,9,351,125872.0,124129.86,3.702,700-739,90-95%,20-28%,IN,Refinance,Primary,Single Family,Servicer_E,Current,0,0,0,0,,2022-03-01,Encompass,Under Exception,Current,0,0,0,0,0,
LN0003556,10,2022-04,2021-06,10,350,125872.0,123933.29,3.702,700-739,90-95%,20-28%,IN,Refinance,Primary,Single Family,Servicer_E,Current,0,0,0,0,,2022-04-01,Encompass,Under Exception,Current,0,0,0,0,0,
LN0003556,11,2022-05,2021-06,11,349,125872.0,123736.12,3.702,700-739,90-95%,20-28%,IN,Refinance,Primary,Single Family,Servicer_E,Current,0,0,0,0,,2022-05-01,Encompass,Under Exception,Current,0,0,0,0,0,
LN0003556,12,2022-06,2021-06,12,348,125872.0,123538.33,3.702,700-739,90-95%,20-28%,IN,Refinance,Primary,Single Family,Servicer_E,Current,0,0,0,0,,2022-06-01,Encompass,Under Exception,Current,0,0,0,0,0,
LN0003556,13,2022-07,2021-06,13,347,125872.0,123339.94,3.702,700-739,90-95%,20-28%,IN,Refinance,Primary,Single Family,Servicer_E,Current,0,0,0,0,,2022-07-01,Encompass,Under Exception,Current,0,0,0,0,0,
LN0003556,14,2022-08,2021-06,14,346,125872.0,123140.93,3.702,700-739,90-95%,20-28%,IN,Refinance,Primary,Single Family,Servicer_E,Current,0,0,0,0,,2022-08-01,Encompass,Under Exception,Current,0,0,0,0,0,
LN0003556,15,2022-09,2021-06,15,345,125872.0,122941.31,3.702,700-739,90-95%,20-28%,IN,Refinance,Primary,Single Family,Servicer_E,Current,0,0,0,0,,2022-09-01,Encompass,Under Exception,Current,0,0,0,0,0,
LN0003556,16,2022-10,2021-06,16,344,125872.0,122741.08,3.702,700-739,90-95%,20-28%,IN,Refinance,Primary,Single Family,Servicer_E,Current,0,0,0,0,,2022-10-01,Encompass,Under Exception,Current,0,0,0,0,0,
LN0003556,17,2022-11,2021-06,17,343,125872.0,122540.22,3.702,700-739,90-95%,20-28%,IN,Refinance,Primary,Single Family,Servicer_E,Current,0,0,0,0,,2022-11-01,Encompass,Under Exception,Current,0,0,0,0,0,
LN0003556,18,2022-12,2021-06,18,342,125872.0,122338.75,3.702,700-739,90-95%,20-28%,IN,Refinance,Primary,Single Family,Servicer_E,Current,0,0,0,0,,2022-12-01,Encompass,Under Exception,Current,0,0,0,0,0,
LN0003561,1,2022-06,2022-05,1,359,66235.0,66156.22,5.055,660-699,70-80%,36-43%,MD,Purchase,Investment,Single Family,Servicer_C,Current,0,0,0,0,,2022-06-01,CoreLogic,Complete,Current,0,0,0,0,0,
LN0003561,2,2022-07,2022-05,2,358,66235.0,66077.11,5.055,660-699,70-80%,36-43%,MD,Purchase,Investment,Single Family,Servicer_C,Current,0,0,0,0,,2022-07-01,CoreLogic,Complete,Current,0,0,0,0,0,
LN0003561,3,2022-08,2022-05,3,357,66235.0,65997.67,5.055,660-699,70-80%,36-43%,MD,Purchase,Investment,Single Family,Servicer_C,Current,0,0,0,0,,2022-08-01,CoreLogic,Complete,Current,0,0,0,0,0,
LN0003561,4,2022-09,2022-05,4,356,66235.0,65917.89,5.055,660-699,70-80%,36-43%,MD,Purchase,Investment,Single Family,Servicer_C,Current,0,0,0,0,,2022-09-01,CoreLogic,Complete,Current,0,0,0,0,0,
LN0003561,5,2022-10,2022-05,5,355,66235.0,65837.77,5.055,660-699,70-80%,36-43%,MD,Purchase,Investment,Single Family,Servicer_C,Current,0,0,0,0,,2022-10-01,CoreLogic,Complete,Current,0,0,0,0,0,
LN0003561,6,2022-11,2022-05,6,354,66235.0,65757.32,5.055,660-699,70-80%,36-43%,MD,Purchase,Investment,Single Family,Servicer_C,Current,0,0,0,0,,2022-11-01,CoreLogic,Complete,Current,0,0,0,0,0,
LN0003561,7,2022-12,2022-05,7,353,66235.0,65676.53,5.055,660-699,70-80%,36-43%,MD,Purchase,Investment,Single Family,Servicer_C,Current,0,0,0,0,,2022-12-01,CoreLogic,Complete,Current,0,0,0,0,0,
LN0003571,1,2022-11,2022-10,1,239,121465.0,121167.71,4.948,<620,70-80%,36-43%,IL,Refinance,Investment,Single Family,Servicer_E,Current,0,0,0,0,,2022-11-01,Ellie Mae,Missing Items,Current,0,0,0,0,0,
LN0003571,2,2022-12,2022-10,2,238,121465.0,120869.2,4.948,<620,70-80%,36-43%,IL,Refinance,Investment,Single Family,Servicer_E,Current,0,0,0,0,,2022-12-01,Ellie Mae,Missing Items,Current,0,0,0,0,0,
LN0003574,1,2022-09,2022-08,1,359,122437.0,122197.85,2.232,700-739,>95%,20-28%,FL,Purchase,Primary,Multi-Family,Servicer_C,Current,0,0,0,0,,2022-09-01,Black Knight,Pending Review,Current,0,0,0,0,0,
LN0003574,2,2022-10,2022-08,2,358,122437.0,121958.25,2.232,700-739,>95%,20-28%,FL,Purchase,Primary,Multi-Family,Servicer_C,Current,0,0,0,0,,2022-10-01,Black Knight,Pending Review,Current,0,0,0,0,0,
LN0003574,3,2022-11,2022-08,3,357,122437.0,121718.2,2.232,700-739,>95%,20-28%,FL,Purchase,Primary,Multi-Family,Servicer_C,Current,0,0,0,0,,2022-11-01,Black Knight,Pending Review,Current,0,0,0,0,0,
LN0003574,4,2022-12,2022-08,4,356,122437.0,121477.71,2.232,700-739,>95%,20-28%,FL,Purchase,Primary,Multi-Family,Servicer_C,Current,0,0,0,0,,2022-12-01,Black Knight,Pending Review,Current,0,0,0,0,0,
LN0003575,1,2021-09,2021-08,1,359,111724.0,111562.88,3.995,700-739,90-95%,28-36%,IN,Home Improvement,Primary,Multi-Family,Servicer_D,Current,0,0,0,0,,2021-09-01,Ellie Mae,Missing Items,Current,0,0,0,0,0,
LN0003575,2,2021-10,2021-08,2,358,111724.0,111401.23,3.995,700-739,90-95%,28-36%,IN,Home Improvement,Primary,Multi-Family,Servicer_D,Current,0,0,0,0,,2021-10-01,Ellie Mae,Missing Items,Current,0,0,0,0,0,
LN0003575,3,2021-11,2021-08,3,357,111724.0,111239.04,3.995,700-739,90-95%,28-36%,IN,Home Improvement,Primary,Multi-Family,Servicer_D,Current,249,0,0,0,,2021-11-01,Ellie Mae,Missing Items,Current,0,0,0,0,0,
LN0003575,4,2021-12,2021-08,4,356,111724.0,111076.3,3.995,700-739,90-95%,28-36%,IN,Home Improvement,Primary,Multi-Family,Servicer_D,Current,0,0,0,0,,2021-12-01,Ellie Mae,Missing Items,Current,0,0,0,0,0,
LN0003575,5,2022-01,2021-08,5,355,111724.0,110913.03,3.995,700-739,90-95%,28-36%,IN,Home Improvement,Primary,Multi-Family,Servicer_D,Current,0,0,0,0,,2022-01-01,Ellie Mae,Missing Items,Current,0,0,0,0,0,
LN0003575,6,2022-02,2021-08,6,354,111724.0,110749.21,3.995,700-739,90-95%,28-36%,IN,Home Improvement,Primary,Multi-Family,Servicer_D,Current,0,0,0,0,,2022-02-01,Ellie Mae,Missing Items,Current,0,0,0,0,0,
LN0003575,7,2022-03,2021-08,7,353,111724.0,110584.85,3.995,700-739,90-95%,28-36%,IN,Home Improvement,Primary,Multi-Family,Servicer_D,Current,0,0,0,0,,2022-03-01,Ellie Mae,Missing Items,Current,0,0,0,0,0,
LN0003575,8,2022-04,2021-08,8,352,111724.0,110419.94,3.995,700-739,90-95%,28-36%,IN,Home Improvement,Primary,Multi-Family,Servicer_D,Current,0,0,0,0,,2022-04-01,Ellie Mae,Missing Items,Current,0,0,0,0,0,
LN0003575,9,2022-05,2021-08,9,351,111724.0,110254.48,3.995,700-739,90-95%,28-36%,IN,Home Improvement,Primary,Multi-Family,Servicer_D,Current,0,0,0,0,,2022-05-01,Ellie Mae,Missing Items,Current,0,0,0,0,0,
LN0003575,10,2022-06,2021-08,10,350,111724.0,110088.47,3.995,700-739,90-95%,28-36%,IN,Home Improvement,Primary,Multi-Family,Servicer_D,Current,0,0,0,0,,2022-06-01,Ellie Mae,Missing Items,Current,0,0,0,0,0,
LN0003575,11,2022-07,2021-08,11,349,111724.0,109921.91,3.995,700-739,90-95%,28-36%,IN,Home Improvement,Primary,Multi-Family,Servicer_D,Current,0,0,0,0,,2022-07-01,Ellie Mae,Missing Items,Current,0,0,0,0,0,
LN0003575,12,2022-08,2021-08,12,348,111724.0,109754.79,3.995,700-739,90-95%,28-36%,IN,Home Improvement,Primary,Multi-Family,Servicer_D,Current,0,0,0,0,,2022-08-01,Ellie Mae,Missing Items,Current,0,0,0,0,0,
LN0003575,13,2022-09,2021-08,13,347,111724.0,109587.12,3.995,700-739,90-95%,28-36%,IN,Home Improvement,Primary,Multi-Family,Servicer_D,Current,0,0,0,0,,2022-09-01,Ellie Mae,Missing Items,Current,0,0,0,0,0,
LN0003575,14,2022-10,2021-08,14,346,111724.0,109418.89,3.995,700-739,90-95%,28-36%,IN,Home Improvement,Primary,Multi-Family,Servicer_D,Current,0,0,0,0,,2022-10-01,Ellie Mae,Missing Items,Current,0,0,0,0,0,
LN0003575,15,2022-11,2021-08,15,345,111724.0,109250.09,3.995,700-739,90-95%,28-36%,IN,Home Improvement,Primary,Multi-Family,Servicer_D,Current,0,0,0,0,,2022-11-01,Ellie Mae,Missing Items,Current,0,0,0,0,0,
LN0003575,16,2022-12,2021-08,16,344,111724.0,109080.74,3.995,700-739,90-95%,28-36%,IN,Home Improvement,Primary,Multi-Family,Servicer_D,Current,0,0,0,0,,2022-12-01,Ellie Mae,Missing Items,Current,0,0,0,0,0,
LN0003579,1,2022-08,2022-07,1,359,342404.0,342059.07,5.938,780+,<60%,20-28%,NC,Purchase,Primary,Single Family,Servicer_A,Current,0,0,0,0,,2022-08-01,Ellie Mae,Missing Items,Current,0,0,0,0,0,
LN0003579,2,2022-09,2022-07,2,358,342404.0,341712.44,5.938,780+,<60%,20-28%,NC,Purchase,Primary,Single Family,Servicer_A,Current,0,0,0,0,,2022-09-01,Ellie Mae,Missing Items,Current,0,0,0,0,0,
LN0003579,3,2022-10,2022-07,3,357,342404.0,341364.09,5.938,780+,<60%,20-28%,NC,Purchase,Primary,Single Family,Servicer_A,Current,0,0,0,0,,2022-10-01,Ellie Mae,Missing Items,Current,0,0,1,0,0,
LN0003579,4,2022-11,2022-07,4,356,342404.0,341014.02,5.938,780+,<60%,20-28%,NC,Purchase,Primary,Single Family,Servicer_A,Current,0,0,0,0,,2022-11-01,Ellie Mae,Missing Items,Current,0,0,1,0,0,
LN0003579,5,2022-12,2022-07,5,355,342404.0,340662.21,5.938,780+,<60%,20-28%,NC,Purchase,Primary,Single Family,Servicer_A,Current,0,0,0,0,,2022-12-01,Ellie Mae,Missing Items,Current,0,0,1,0,0,
LN0003618,1,2022-02,2022-01,1,359,59088.0,58976.55,2.442,780+,80-90%,28-36%,MI,Refinance,Primary,Single Family,Servicer_C,Current,0,0,0,0,,2022-02-01,Black Knight,Pending Review,Current,0,0,0,0,0,
LN0003618,2,2022-03,2022-01,2,358,59088.0,58864.88,2.442,780+,80-90%,28-36%,MI,Refinance,Primary,Single Family,Servicer_C,Current,0,0,0,0,,2022-03-01,Black Knight,Pending Review,Current,0,0,0,0,0,
LN0003618,3,2022-04,2022-01,3,357,59088.0,58752.98,2.442,780+,80-90%,28-36%,MI,Refinance,Primary,Single Family,Servicer_C,Current,0,0,0,0,,2022-04-01,Black Knight,Pending Review,Current,0,0,0,0,0,
LN0003618,4,2022-05,2022-01,4,356,59088.0,58640.85,2.442,780+,80-90%,28-36%,MI,Refinance,Primary,Single Family,Servicer_C,Current,0,0,0,0,,2022-05-01,Black Knight,Pending Review,Current,0,0,0,0,0,
LN0003618,5,2022-06,2022-01,5,355,59088.0,58528.49,2.442,780+,80-90%,28-36%,MI,Refinance,Primary,Single Family,Servicer_C,Current,0,0,0,0,,2022-06-01,Black Knight,Pending Review,Current,0,0,0,0,0,
LN0003618,6,2022-07,2022-01,6,354,59088.0,58415.91,2.442,780+,80-90%,28-36%,MI,Refinance,Primary,Single Family,Servicer_C,Current,0,0,0,0,,2022-07-01,Black Knight,Pending Review,Current,0,0,0,0,0,
LN0003618,7,2022-08,2022-01,7,353,59088.0,58303.09,2.442,780+,80-90%,28-36%,MI,Refinance,Primary,Single Family,Servicer_C,Current,0,0,0,0,,2022-08-01,Black Knight,Pending Review,Current,0,0,0,0,0,
LN0003618,8,2022-09,2022-01,8,352,59088.0,58190.05,2.442,780+,80-90%,28-36%,MI,Refinance,Primary,Single Family,Servicer_C,Current,0,0,0,0,,2022-09-01,Black Knight,Pending Review,Current,0,0,0,0,0,
LN0003618,9,2022-10,2022-01,9,351,59088.0,58076.77,2.442,780+,80-90%,28-36%,MI,Refinance,Primary,Single Family,Servicer_C,Current,0,0,0,0,,2022-10-01,Black Knight,Pending Review,Current,0,0,0,0,0,
LN0003618,10,2022-11,2022-01,10,350,59088.0,57963.27,2.442,780+,80-90%,28-36%,MI,Refinance,Primary,Single Family,Servicer_C,Current,0,0,0,0,,2022-11-01,Black Knight,Pending Review,Current,0,0,0,0,0,
LN0003618,11,2022-12,2022-01,11,349,59088.0,57849.53,2.442,780+,80-90%,28-36%,MI,Refinance,Primary,Single Family,Servicer_C,Current,0,0,0,0,,2022-12-01,Black Knight,Pending Review,Current,0,0,0,0,0,
LN0003633,1,2021-09,2021-08,1,359,162406.0,162166.28,3.864,700-739,80-90%,>43%,WA,Purchase,Investment,Single Family,Servicer_A,Current,0,0,0,0,,2021-09-01,CoreLogic,Complete,Current,0,0,0,0,0,
LN0003633,2,2021-10,2021-08,2,358,162406.0,161925.78,3.864,700-739,80-90%,>43%,WA,Purchase,Investment,Single Family,Servicer_A,Current,0,0,0,0,,2021-10-01,CoreLogic,Complete,Current,0,0,0,0,0,
LN0003633,3,2021-11,2021-08,3,357,162406.0,161684.51,3.864,700-739,80-90%,>43%,WA,Purchase,Investment,Single Family,Servicer_A,Current,0,0,0,0,,2021-11-01,CoreLogic,Complete,Current,0,0,0,0,0,
LN0003633,4,2021-12,2021-08,4,356,162406.0,161442.46,3.864,700-739,80-90%,>43%,WA,Purchase,Investment,Single Family,Servicer_A,Current,0,0,0,0,,2021-12-01,CoreLogic,Complete,Current,0,0,0,0,0,
LN0003633,5,2022-01,2021-08,5,355,162406.0,161199.63,3.864,700-739,80-90%,>43%,WA,Purchase,Investment,Single Family,Servicer_A,Current,0,0,0,0,,2022-01-01,CoreLogic,Complete,Current,0,0,0,0,0,
LN0003633,6,2022-02,2021-08,6,354,162406.0,160956.02,3.864,700-739,80-90%,>43%,WA,Purchase,Investment,Single Family,Servicer_A,Current,0,0,0,0,,2022-02-01,CoreLogic,Complete,Current,0,0,0,0,0,
LN0003633,7,2022-03,2021-08,7,353,162406.0,160711.63,3.864,700-739,80-90%,>43%,WA,Purchase,Investment,Single Family,Servicer_A,Current,0,0,0,0,,2022-03-01,CoreLogic,Complete,Current,0,0,0,0,0,
LN0003633,8,2022-04,2021-08,8,352,162406.0,160466.45,3.864,700-739,80-90%,>43%,WA,Purchase,Investment,Single Family,Servicer_A,Current,0,0,0,0,,2022-04-01,CoreLogic,Complete,Current,0,0,0,0,0,
LN0003633,9,2022-05,2021-08,9,351,162406.0,160220.48,3.864,700-739,80-90%,>43%,WA,Purchase,Investment,Single Family,Servicer_A,Current,0,0,0,0,,2022-05-01,CoreLogic,Complete,Current,0,0,0,0,0,
LN0003633,10,2022-06,2021-08,10,350,162406.0,159973.72,3.864,700-739,80-90%,>43%,WA,Purchase,Investment,Single Family,Servicer_A,Current,0,0,0,0,,2022-06-01,CoreLogic,Complete,Current,0,0,0,0,0,
LN0003633,11,2022-07,2021-08,11,349,162406.0,159726.16,3.864,700-739,80-90%,>43%,WA,Purchase,Investment,Single Family,Servicer_A,Current,0,0,0,0,,2022-07-01,CoreLogic,Complete,Current,0,0,0,0,0,
LN0003633,12,2022-08,2021-08,12,348,162406.0,159477.81,3.864,700-739,80-90%,>43%,WA,Purchase,Investment,Single Family,Servicer_A,Current,0,0,0,0,,2022-08-01,CoreLogic,Complete,Current,0,0,0,0,0,
LN0003633,13,2022-09,2021-08,13,347,162406.0,159228.66,3.864,700-739,80-90%,>43%,WA,Purchase,Investment,Single Family,Servicer_A,Current,0,0,0,0,,2022-09-01,CoreLogic,Complete,Current,0,0,0,0,0,
LN0003633,14,2022-10,2021-08,14,346,162406.0,158978.7,3.864,700-739,80-90%,>43%,WA,Purchase,Investment,Single Family,Servicer_A,Current,0,0,0,0,,2022-10-01,CoreLogic,Complete,Current,0,0,0,0,0,
LN0003633,15,2022-11,2021-08,15,345,162406.0,158727.94,3.864,700-739,80-90%,>43%,WA,Purchase,Investment,Single Family,Servicer_A,Current,0,0,0,0,,2022-11-01,CoreLogic,Complete,Current,0,0,0,0,0,
LN0003633,16,2022-12,2021-08,16,344,162406.0,158476.37,3.864,700-739,80-90%,>43%,WA,Purchase,Investment,Single Family,Servicer_A,Current,0,0,0,0,,2022-12-01,CoreLogic,Complete,Current,0,0,0,0,0,
LN0003637,1,2022-08,2022-07,1,359,76587.0,76482.13,4.284,660-699,>95%,28-36%,AZ,Refinance,Primary,Single Family,Servicer_B,Current,0,0,0,0,,2022-08-01,CoreLogic,Complete,Current,0,0,0,0,0,
LN0003637,2,2022-09,2022-07,2,358,76587.0,76376.88,4.284,660-699,>95%,28-36%,AZ,Refinance,Primary,Single Family,Servicer_B,Current,0,0,0,0,,2022-09-01,CoreLogic,Complete,Current,0,0,0,0,0,
LN0003637,3,2022-10,2022-07,3,357,76587.0,76271.26,4.284,660-699,>95%,28-36%,AZ,Refinance,Primary,Single Family,Servicer_B,Current,0,0,0,0,,2022-10-01,CoreLogic,Complete,Current,0,0,0,0,0,
LN0003637,4,2022-11,2022-07,4,356,76587.0,76165.26,4.284,660-699,>95%,28-36%,AZ,Refinance,Primary,Single Family,Servicer_B,Current,0,0,0,0,,2022-11-01,CoreLogic,Complete,Current,0,0,0,0,0,
LN0003637,5,2022-12,2022-07,5,355,76587.0,76058.88,4.284,660-699,>95%,28-36%,AZ,Refinance,Primary,Single Family,Servicer_B,Current,0,0,0,0,,2022-12-01,CoreLogic,Complete,Current,0,0,0,0,0,
LN0003638,1,2021-02,2021-01,1,359,136803.0,136651.42,5.435,780+,60-70%,28-36%,WI,Purchase,Primary,Single Family,Servicer_C,Current,0,0,0,0,,2021-02-01,Black Knight,Pending Review,Current,0,0,0,0,0,
LN0003638,2,2021-03,2021-01,2,358,136803.0,136499.16,5.435,780+,60-70%,28-36%,WI,Purchase,Primary,Single Family,Servicer_C,Current,0,0,0,0,,2021-03-01,Black Knight,Pending Review,Current,0,0,0,0,0,
LN0003638,3,2021-04,2021-01,3,357,136803.0,136346.2,5.435,780+,60-70%,28-36%,WI,Purchase,Primary,Single Family,Servicer_C,Current,0,0,0,0,,2021-04-01,Black Knight,Pending Review,Current,0,0,0,0,0,
LN0003638,4,2021-05,2021-01,4,356,136803.0,136192.55,5.435,780+,60-70%,28-36%,WI,Purchase,Primary,Single Family,Servicer_C,Current,0,0,0,0,,2021-05-01,Black Knight,Pending Review,Current,0,0,0,0,0,
LN0003638,5,2021-06,2021-01,5,355,136803.0,136038.21,5.435,780+,60-70%,28-36%,WI,Purchase,Primary,Single Family,Servicer_C,Current,0,0,0,0,,2021-06-01,Black Knight,Pending Review,Current,0,0,0,0,0,
LN0003638,6,2021-07,2021-01,6,354,136803.0,135883.17,5.435,780+,60-70%,28-36%,WI,Purchase,Primary,Single Family,Servicer_C,Current,0,0,0,0,,2021-07-01,Black Knight,Pending Review,Current,0,0,0,0,0,
LN0003638,7,2021-08,2021-01,7,353,136803.0,135727.42,5.435,780+,60-70%,28-36%,WI,Purchase,Primary,Single Family,Servicer_C,Current,226,0,0,0,,2021-08-01,Black Knight,Pending Review,Current,0,0,0,0,0,
LN0003638,8,2021-09,2021-01,8,352,136803.0,135570.97,5.435,780+,60-70%,28-36%,WI,Purchase,Primary,Single Family,Servicer_C,Current,0,0,0,0,,2021-09-01,Black Knight,Pending Review,Current,0,0,0,0,0,
LN0003638,9,2021-10,2021-01,9,351,136803.0,135413.81,5.435,780+,60-70%,28-36%,WI,Purchase,Primary,Single Family,Servicer_C,Current,0,0,0,0,,2021-10-01,Black Knight,Pending Review,Current,0,0,0,0,0,
LN0003638,10,2021-11,2021-01,10,350,136803.0,135255.94,5.435,780+,60-70%,28-36%,WI,Purchase,Primary,Single Family,Servicer_C,Current,0,0,0,0,,2021-11-01,Black Knight,Pending Review,Current,0,0,0,0,0,
LN0003638,11,2021-12,2021-01,11,349,136803.0,135097.36,5.435,780+,60-70%,28-36%,WI,Purchase,Primary,Single Family,Servicer_C,Current,0,0,0,0,,2021-12-01,Black Knight,Pending Review,Current,0,0,0,0,0,
LN0003638,12,2022-01,2021-01,12,348,136803.0,134938.05,5.435,780+,60-70%,28-36%,WI,Purchase,Primary,Single Family,Servicer_C,Current,0,0,0,0,,2022-01-01,Black Knight,Pending Review,Current,0,0,0,0,0,
LN0003638,13,2022-02,2021-01,13,347,136803.0,134778.03,5.435,780+,60-70%,28-36%,WI,Purchase,Primary,Single Family,Servicer_C,Current,0,0,0,0,,2022-02-01,Black Knight,Pending Review,Current,0,0,1,0,0,
LN0003638,14,2022-03,2021-01,14,346,136803.0,134617.28,5.435,780+,60-70%,28-36%,WI,Purchase,Primary,Single Family,Servicer_C,Current,0,0,0,0,,2022-03-01,Black Knight,Pending Review,Current,0,0,1,0,0,
LN0003638,15,2022-04,2021-01,15,345,136803.0,134455.8,5.435,780+,60-70%,28-36%,WI,Purchase,Primary,Single Family,Servicer_C,Current,0,0,0,0,,2022-04-01,Black Knight,Pending Review,Current,0,0,1,0,0,
LN0003638,16,2022-05,2021-01,16,344,136803.0,134293.59,5.435,780+,60-70%,28-36%,WI,Purchase,Primary,Single Family,Servicer_C,Current,0,0,0,0,,2022-05-01,Black Knight,Pending Review,Current,0,0,1,0,0,
LN0003638,17,2022-06,2021-01,17,343,136803.0,134130.64,5.435,780+,60-70%,28-36%,WI,Purchase,Primary,Single Family,Servicer_C,Current,0,0,0,0,,2022-06-01,Black Knight,Pending Review,Current,0,0,1,0,0,
LN0003638,18,2022-07,2021-01,18,342,136803.0,133966.96,5.435,780+,60-70%,28-36%,WI,Purchase,Primary,Single Family,Servicer_C,Current,0,0,0,0,,2022-07-01,Black Knight,Pending Review,Current,0,0,1,0,0,
LN0003638,19,2022-08,2021-01,19,341,136803.0,133802.54,5.435,780+,60-70%,28-36%,WI,Purchase,Primary,Single Family,Servicer_C,Current,0,0,0,0,,2022-08-01,Black Knight,Pending Review,Current,0,1,1,0,0,
LN0003638,20,2022-09,2021-01,20,340,136803.0,133637.37,5.435,780+,60-70%,28-36%,WI,Purchase,Primary,Single Family,Servicer_C,Current,0,0,0,0,,2022-09-01,Black Knight,Pending Review,Current,0,1,1,0,0,
LN0003638,21,2022-10,2021-01,21,339,136803.0,133471.45,5.435,780+,60-70%,28-36%,WI,Purchase,Primary,Single Family,Servicer_C,Current,0,0,0,0,,2022-10-01,Black Knight,Pending Review,Current,0,1,1,0,0,
LN0003638,22,2022-11,2021-01,22,338,136803.0,133304.78,5.435,780+,60-70%,28-36%,WI,Purchase,Primary,Single Family,Servicer_C,Current,0,0,0,0,,2022-11-01,Black Knight,Pending Review,Current,1,1,1,0,0,
LN0003638,23,2022-12,2021-01,23,337,136803.0,133137.36,5.435,780+,60-70%,28-36%,WI,Purchase,Primary,Single Family,Servicer_C,Current,0,0,0,0,,2022-12-01,Black Knight,Pending Review,Current,1,1,1,0,0,
LN0003643,1,2022-04,2022-03,1,359,66338.0,66271.38,5.954,740-779,<60%,>43%,IN,Cash-Out Refinance,Primary,Single Family,Servicer_E,Current,0,0,0,0,,2022-04-01,Ellie Mae,Missing Items,Current,0,0,0,0,0,
LN0003643,2,2022-05,2022-03,2,358,66338.0,66204.42,5.954,740-779,<60%,>43%,IN,Cash-Out Refinance,Primary,Single Family,Servicer_E,Current,0,0,0,0,,2022-05-01,Ellie Mae,Missing Items,Current,0,0,0,0,0,
LN0003643,3,2022-06,2022-03,3,357,66338.0,66137.14,5.954,740-779,<60%,>43%,IN,Cash-Out Refinance,Primary,Single Family,Servicer_E,Current,0,0,0,0,,2022-06-01,Ellie Mae,Missing Items,Current,0,0,0,0,0,
LN0003643,4,2022-07,2022-03,4,356,66338.0,66069.52,5.954,740-779,<60%,>43%,IN,Cash-Out Refinance,Primary,Single Family,Servicer_E,Current,0,0,0,0,,2022-07-01,Ellie Mae,Missing Items,Current,0,0,0,0,0,
LN0003643,5,2022-08,2022-03,5,355,66338.0,66001.56,5.954,740-779,<60%,>43%,IN,Cash-Out Refinance,Primary,Single Family,Servicer_E,Current,0,0,0,0,,2022-08-01,Ellie Mae,Missing Items,Current,0,0,0,0,0,
LN0003643,6,2022-09,2022-03,6,354,66338.0,65933.27,5.954,740-779,<60%,>43%,IN,Cash-Out Refinance,Primary,Single Family,Servicer_E,Current,0,0,0,0,,2022-09-01,Ellie Mae,Missing Items,Current,0,0,0,0,0,
LN0003643,7,2022-10,2022-03,7,353,66338.0,65864.64,5.954,740-779,<60%,>43%,IN,Cash-Out Refinance,Primary,Single Family,Servicer_E,Current,0,0,0,0,,2022-10-01,Ellie Mae,Missing Items,Current,0,0,0,0,0,
LN0003643,8,2022-11,2022-03,8,352,66338.0,65795.67,5.954,740-779,<60%,>43%,IN,Cash-Out Refinance,Primary,Single Family,Servicer_E,Current,0,0,0,0,,2022-11-01,Ellie Mae,Missing Items,Current,0,0,0,0,0,
LN0003643,9,2022-12,2022-03,9,351,66338.0,65726.35,5.954,740-779,<60%,>43%,IN,Cash-Out Refinance,Primary,Single Family,Servicer_E,Current,0,0,0,0,,2022-12-01,Ellie Mae,Missing Items,Current,0,0,0,0,0,
LN0003654,1,2022-07,2022-06,1,359,186658.0,186279.17,2.0,660-699,>95%,28-36%,WA,Purchase,Primary,Multi-Family,Servicer_C,Current,0,0,0,0,,2022-07-01,Black Knight,Pending Review,Current,0,0,0,0,0,
LN0003654,2,2022-08,2022-06,2,358,186658.0,185899.71,2.0,660-699,>95%,28-36%,WA,Purchase,Primary,Multi-Family,Servicer_C,Current,0,0,0,0,,2022-08-01,Black Knight,Pending Review,Current,0,0,0,0,0,
LN0003654,3,2022-09,2022-06,3,357,186658.0,185519.62,2.0,660-699,>95%,28-36%,WA,Purchase,Primary,Multi-Family,Servicer_C,Current,0,0,0,0,,2022-09-01,Black Knight,Pending Review,Current,0,0,0,0,0,
LN0003654,4,2022-10,2022-06,4,356,186658.0,185138.9,2.0,660-699,>95%,28-36%,WA,Purchase,Primary,Multi-Family,Servicer_C,Current,0,0,0,0,,2022-10-01,Black Knight,Pending Review,Current,0,0,0,0,0,
LN0003654,5,2022-11,2022-06,5,355,186658.0,184757.54,2.0,660-699,>95%,28-36%,WA,Purchase,Primary,Multi-Family,Servicer_C,Current,0,0,0,0,,2022-11-01,Black Knight,Pending Review,Current,0,0,0,0,0,
LN0003654,6,2022-12,2022-06,6,354,186658.0,184375.54,2.0,660-699,>95%,28-36%,WA,Purchase,Primary,Multi-Family,Servicer_C,Current,0,0,0,0,,2022-12-01,Black Knight,Pending Review,Current,0,0,0,0,0,
LN0003670,1,2021-08,2021-07,1,239,105433.0,105100.41,2.678,<620,70-80%,36-43%,TX,Refinance,Primary,Single Family,Servicer_D,30-59 DPD,0,1,0,0,,2021-08-01,Black Knight,Pending Review,Current,0,0,0,0,0,
LN0003670,2,2021-09,2021-07,2,238,105433.0,104767.08,2.678,<620,70-80%,36-43%,TX,Refinance,Primary,Single Family,Servicer_D,Current,30,1,0,0,,2021-09-01,Black Knight,Pending Review,Current,0,0,0,0,0,
LN0003670,3,2021-10,2021-07,3,237,105433.0,104433.0,2.678,<620,70-80%,36-43%,TX,Refinance,Primary,Single Family,Servicer_D,Current,0,1,0,0,,2021-10-01,Black Knight,Pending Review,Current,0,0,0,0,0,
LN0003670,4,2021-11,2021-07,4,236,105433.0,104098.18,2.678,<620,70-80%,36-43%,TX,Refinance,Primary,Single Family,Servicer_D,Current,0,1,0,0,,2021-11-01,Black Knight,Pending Review,Current,0,0,0,0,0,
LN0003670,5,2021-12,2021-07,5,235,105433.0,103762.62,2.678,<620,70-80%,36-43%,TX,Refinance,Primary,Single Family,Servicer_D,Current,0,1,0,0,,2021-12-01,Black Knight,Pending Review,Current,0,0,0,0,0,
LN0003670,6,2022-01,2021-07,6,234,105433.0,103426.3,2.678,<620,70-80%,36-43%,TX,Refinance,Primary,Single Family,Servicer_D,Current,0,1,0,0,,2022-01-01,Black Knight,Pending Review,Current,0,1,0,0,0,
LN0003670,7,2022-02,2021-07,7,233,105433.0,103089.23,2.678,<620,70-80%,36-43%,TX,Refinance,Primary,Single Family,Servicer_D,Current,0,1,0,0,,2022-02-01,Black Knight,Pending Review,Current,0,1,0,0,0,
LN0003670,8,2022-03,2021-07,8,232,105433.0,102751.41,2.678,<620,70-80%,36-43%,TX,Refinance,Primary,Single Family,Servicer_D,Current,0,1,0,0,,2022-03-01,Black Knight,Pending Review,Current,0,1,0,0,0,
LN0003670,9,2022-04,2021-07,9,231,105433.0,102412.84,2.678,<620,70-80%,36-43%,TX,Refinance,Primary,Single Family,Servicer_D,Current,0,1,0,0,,2022-04-01,Black Knight,Pending Review,Current,1,1,0,0,0,
LN0003670,10,2022-05,2021-07,10,230,105433.0,102073.51,2.678,<620,70-80%,36-43%,TX,Refinance,Primary,Single Family,Servicer_D,Current,0,1,0,0,,2022-05-01,Black Knight,Pending Review,Current,1,1,0,0,0,
LN0003670,11,2022-06,2021-07,11,229,105433.0,101733.42,2.678,<620,70-80%,36-43%,TX,Refinance,Primary,Single Family,Servicer_D,Current,0,1,0,0,,2022-06-01,Black Knight,Pending Review,30-59 DPD,1,1,0,0,0,
LN0003670,12,2022-07,2021-07,12,228,105433.0,101392.58,2.678,<620,70-80%,36-43%,TX,Refinance,Primary,Single Family,Servicer_D,30-59 DPD,0,1,0,0,,2022-07-01,Black Knight,Pending Review,60-89 DPD,1,1,0,0,0,
LN0003670,13,2022-08,2021-07,13,227,105433.0,101050.97,2.678,<620,70-80%,36-43%,TX,Refinance,Primary,Single Family,Servicer_D,60-89 DPD,30,1,0,0,,2022-08-01,Black Knight,Pending Review,90+ DPD,1,1,0,0,0,
LN0003670,14,2022-09,2021-07,14,226,105433.0,100708.61,2.678,<620,70-80%,36-43%,TX,Refinance,Primary,Single Family,Servicer_D,90+ DPD,60,1,0,0,,2022-09-01,Black Knight,Pending Review,90+ DPD,1,1,0,0,0,
LN0003670,15,2022-10,2021-07,15,225,105433.0,100365.47,2.678,<620,70-80%,36-43%,TX,Refinance,Primary,Single Family,Servicer_D,90+ DPD,120,1,0,0,,2022-10-01,Black Knight,Pending Review,90+ DPD,1,1,0,0,0,
LN0003670,16,2022-11,2021-07,16,224,105433.0,100021.58,2.678,<620,70-80%,36-43%,TX,Refinance,Primary,Single Family,Servicer_D,90+ DPD,120,1,0,0,,2022-11-01,Black Knight,Pending Review,90+ DPD,1,1,0,0,0,
LN0003670,17,2022-12,2021-07,17,223,105433.0,99676.91,2.678,<620,70-80%,36-43%,TX,Refinance,Primary,Single Family,Servicer_D,90+ DPD,120,1,0,0,,2022-12-01,Black Knight,Pending Review,90+ DPD,1,1,0,0,0,
LN0003670,20,2021-05,2021-07,20,220,105433.0,98638.29,2.678,<620,70-80%,36-43%,TX,Refinance,Primary,Single Family,Servicer_D,90+ DPD,120,1,0,0,,2023-03-01,Black Knight,Pending Review,90+ DPD,1,1,0,0,1,Date Anomaly
LN0003673,1,2020-08,2020-07,1,359,180912.0,180741.76,6.293,700-739,80-90%,36-43%,MO,Purchase,Primary,Multi-Family,Servicer_D,Current,0,0,0,0,,2020-08-01,CoreLogic,Complete,Current,0,0,0,0,0,
LN0003673,2,2020-09,2020-07,2,358,180912.0,180570.63,6.293,700-739,80-90%,36-43%,MO,Purchase,Primary,Multi-Family,Servicer_D,Current,0,0,0,0,,2020-09-01,CoreLogic,Complete,Current,0,0,0,0,0,
LN0003673,3,2020-10,2020-07,3,357,180912.0,180398.6,6.293,700-739,80-90%,36-43%,MO,Purchase,Primary,Multi-Family,Servicer_D,Current,0,0,0,0,,2020-10-01,CoreLogic,Complete,Current,0,0,0,0,0,
LN0003673,4,2020-11,2020-07,4,356,180912.0,180225.67,6.293,700-739,80-90%,36-43%,MO,Purchase,Primary,Multi-Family,Servicer_D,Current,0,0,0,0,,2020-11-01,CoreLogic,Complete,Current,0,0,0,0,0,
LN0003673,5,2020-12,2020-07,5,355,180912.0,180051.84,6.293,700-739,80-90%,36-43%,MO,Purchase,Primary,Multi-Family,Servicer_D,Current,0,0,0,0,,2020-12-01,CoreLogic,Complete,Current,0,0,0,0,0,
LN0003673,6,2021-01,2020-07,6,354,180912.0,179877.09,6.293,700-739,80-90%,36-43%,MO,Purchase,Primary,Multi-Family,Servicer_D,Current,0,0,0,0,,2021-01-01,CoreLogic,Complete,Current,0,0,0,0,0,
LN0003673,7,2021-02,2020-07,7,353,180912.0,179701.42,6.293,700-739,80-90%,36-43%,MO,Purchase,Primary,Multi-Family,Servicer_D,Current,0,0,0,0,,2021-02-01,CoreLogic,Complete,Current,0,0,0,0,0,
LN0003673,8,2021-03,2020-07,8,352,180912.0,179524.83,6.293,700-739,80-90%,36-43%,MO,Purchase,Primary,Multi-Family,Servicer_D,Current,0,0,0,0,,2021-03-01,CoreLogic,Complete,Current,0,0,0,0,0,
LN0003673,9,2021-04,2020-07,9,351,180912.0,179347.32,6.293,700-739,80-90%,36-43%,MO,Purchase,Primary,Multi-Family,Servicer_D,Current,0,0,0,0,,2021-04-01,CoreLogic,Complete,Current,0,0,0,0,0,
LN0003673,10,2021-05,2020-07,10,350,180912.0,179168.88,6.293,700-739,80-90%,36-43%,MO,Purchase,Primary,Multi-Family,Servicer_D,Current,0,0,0,0,,2021-05-01,CoreLogic,Complete,Current,0,0,0,0,0,
LN0003673,11,2021-06,2020-07,11,349,180912.0,178989.5,6.293,700-739,80-90%,36-43%,MO,Purchase,Primary,Multi-Family,Servicer_D,Current,0,0,0,0,,2021-06-01,CoreLogic,Complete,Current,0,0,0,0,0,
LN0003673,12,2021-07,2020-07,12,348,180912.0,178809.18,6.293,700-739,80-90%,36-43%,MO,Purchase,Primary,Multi-Family,Servicer_D,Current,0,0,0,0,,2021-07-01,CoreLogic,Complete,Current,0,0,0,0,0,
LN0003673,13,2021-08,2020-07,13,347,180912.0,392981.41,6.293,700-739,80-90%,36-43%,MO,Purchase,Primary,Multi-Family,Servicer_D,Current,0,0,0,0,,2021-08-01,CoreLogic,Complete,Current,0,0,0,0,1,Valuation Discrepancy
LN0003673,14,2021-09,2020-07,14,346,180912.0,178445.7,6.293,700-739,80-90%,36-43%,MO,Purchase,Primary,Multi-Family,Servicer_D,Current,0,0,0,0,,2021-09-01,CoreLogic,Complete,Current,0,0,0,0,0,
LN0003673,15,2021-10,2020-07,15,345,180912.0,178262.53,6.293,700-739,80-90%,36-43%,MO,Purchase,Primary,Multi-Family,Servicer_D,Current,0,0,0,0,,2021-10-01,CoreLogic,Complete,Current,0,0,0,0,0,
LN0003673,16,2021-11,2020-07,16,344,180912.0,178078.39,6.293,700-739,80-90%,36-43%,MO,Purchase,Primary,Multi-Family,Servicer_D,Current,0,0,0,0,,2021-11-01,CoreLogic,Complete,Current,0,0,0,0,0,
LN0003673,17,2021-12,2020-07,17,343,180912.0,177893.3,6.293,700-739,80-90%,36-43%,MO,Purchase,Primary,Multi-Family,Servicer_D,Current,0,0,0,0,,2021-12-01,CoreLogic,Complete,Current,0,0,0,0,0,
LN0003673,18,2022-01,2020-07,18,342,180912.0,177707.23,6.293,700-739,80-90%,36-43%,MO,Purchase,Primary,Multi-Family,Servicer_D,Current,0,0,0,0,,2022-01-01,CoreLogic,Complete,Current,0,0,0,0,0,
LN0003673,19,2022-02,2020-07,19,341,180912.0,177520.18,6.293,700-739,80-90%,36-43%,MO,Purchase,Primary,Multi-Family,Servicer_D,Current,0,0,0,0,,2022-02-01,CoreLogic,Complete,Current,0,0,0,0,0,
LN0003673,20,2022-03,2020-07,20,340,180912.0,177332.16,6.293,700-739,80-90%,36-43%,MO,Purchase,Primary,Multi-Family,Servicer_D,Current,0,0,0,0,,2022-03-01,CoreLogic,Complete,Current,0,0,0,0,0,
LN0003673,21,2022-04,2020-07,21,339,180912.0,177143.15,6.293,700-739,80-90%,36-43%,MO,Purchase,Primary,Multi-Family,Servicer_D,Current,0,0,0,0,,2022-04-01,CoreLogic,Complete,Current,0,0,0,0,0,
LN0003673,22,2022-05,2020-07,22,338,180912.0,176953.14,6.293,700-739,80-90%,36-43%,MO,Purchase,Primary,Multi-Family,Servicer_D,Current,0,0,0,0,,2022-05-01,CoreLogic,Complete,Current,0,0,0,0,0,
LN0003673,23,2022-06,2020-07,23,337,180912.0,176762.15,6.293,700-739,80-90%,36-43%,MO,Purchase,Primary,Multi-Family,Servicer_D,Current,0,0,0,0,,2022-06-01,CoreLogic,Complete,Current,0,0,0,0,0,
LN0003673,24,2022-07,2020-07,24,336,180912.0,176570.14,6.293,700-739,80-90%,36-43%,MO,Purchase,Primary,Multi-Family,Servicer_D,Current,0,0,0,0,,2022-07-01,CoreLogic,Complete,Current,0,0,0,0,0,
LN0003673,25,2022-08,2020-07,25,335,180912.0,176377.14,6.293,700-739,80-90%,36-43%,MO,Purchase,Primary,Multi-Family,Servicer_D,Current,0,0,0,0,,2022-08-01,CoreLogic,Complete,Current,0,0,0,0,0,
LN0003673,26,2022-09,2020-07,26,334,180912.0,176183.12,6.293,700-739,80-90%,36-43%,MO,Purchase,Primary,Multi-Family,Servicer_D,Current,0,0,0,0,,2022-09-01,CoreLogic,Complete,Current,0,0,0,0,0,
LN0003673,27,2022-10,2020-07,27,333,180912.0,175988.08,6.293,700-739,80-90%,36-43%,MO,Purchase,Primary,Multi-Family,Servicer_D,Current,0,0,0,0,,2022-10-01,CoreLogic,Complete,Current,0,0,0,0,0,
LN0003673,28,2022-11,2020-07,28,332,180912.0,175792.02,6.293,700-739,80-90%,36-43%,MO,Purchase,Primary,Multi-Family,Servicer_D,Current,0,0,0,0,,2022-11-01,CoreLogic,Complete,Current,0,0,0,0,0,
LN0003673,29,2022-12,2020-07,29,331,180912.0,175594.93,6.293,700-739,80-90%,36-43%,MO,Purchase,Primary,Multi-Family,Servicer_D,Current,0,0,0,0,,2022-12-01,CoreLogic,Complete,Current,0,0,0,0,0,
LN0003684,1,2021-12,2021-11,1,359,129459.0,129243.24,3.17,620-659,80-90%,36-43%,WA,Home Improvement,Primary,Single Family,Servicer_E,Current,0,0,0,0,,2021-12-01,Encompass,Under Exception,Current,0,0,0,0,0,
LN0003684,2,2022-01,2021-11,2,358,129459.0,129026.91,3.17,620-659,80-90%,36-43%,WA,Home Improvement,Primary,Single Family,Servicer_E,Current,0,0,0,0,,2022-01-01,Encompass,Under Exception,Current,0,0,0,0,0,
LN0003684,3,2022-02,2021-11,3,357,129459.0,128810.02,3.17,620-659,80-90%,36-43%,WA,Home Improvement,Primary,Single Family,Servicer_E,Current,0,0,0,0,,2022-02-01,Encompass,Under Exception,Current,0,0,0,0,0,
LN0003684,4,2022-03,2021-11,4,356,129459.0,128592.54,3.17,620-659,80-90%,36-43%,WA,Home Improvement,Primary,Single Family,Servicer_E,Current,0,0,0,0,,2022-03-01,Encompass,Under Exception,Current,0,0,1,0,0,
LN0003684,5,2022-04,2021-11,5,355,129459.0,128374.5,3.17,620-659,80-90%,36-43%,WA,Home Improvement,Primary,Single Family,Servicer_E,Current,0,0,0,0,,2022-04-01,Encompass,Under Exception,Current,0,0,1,0,0,
LN0003684,6,2022-05,2021-11,6,354,129459.0,128155.87,3.17,620-659,80-90%,36-43%,WA,Home Improvement,Primary,Single Family,Servicer_E,Current,0,0,0,0,,2022-05-01,Encompass,Under Exception,Current,0,0,1,0,0,
LN0003684,7,2022-06,2021-11,7,353,129459.0,127936.67,3.17,620-659,80-90%,36-43%,WA,Home Improvement,Primary,Single Family,Servicer_E,Current,0,0,0,0,,2022-06-01,Encompass,Under Exception,Current,0,0,1,0,0,
LN0003684,8,2022-07,2021-11,8,352,129459.0,127716.89,3.17,620-659,80-90%,36-43%,WA,Home Improvement,Primary,Single Family,Servicer_E,Current,0,0,0,0,,2022-07-01,Encompass,Under Exception,Current,0,0,1,0,0,
LN0003684,9,2022-08,2021-11,9,351,129459.0,127496.53,3.17,620-659,80-90%,36-43%,WA,Home Improvement,Primary,Single Family,Servicer_E,Current,0,0,0,0,,2022-08-01,Encompass,Under Exception,Current,0,1,1,0,0,
LN0003684,10,2022-09,2021-11,10,350,129459.0,127275.59,3.17,620-659,80-90%,36-43%,WA,Home Improvement,Primary,Single Family,Servicer_E,Current,0,0,0,0,,2022-09-01,Encompass,Under Exception,Current,0,1,1,0,0,
LN0003684,11,2022-10,2021-11,11,349,129459.0,127054.07,3.17,620-659,80-90%,36-43%,WA,Home Improvement,Primary,Single Family,Servicer_E,Current,0,0,0,0,,2022-10-01,Encompass,Under Exception,Current,0,1,1,0,0,
LN0003684,12,2022-11,2021-11,12,348,129459.0,126831.96,3.17,620-659,80-90%,36-43%,WA,Home Improvement,Primary,Single Family,Servicer_E,Current,0,0,0,0,,2022-11-01,Encompass,Under Exception,Current,1,1,1,0,0,
LN0003684,13,2022-12,2021-11,13,347,129459.0,126609.26,3.17,620-659,80-90%,36-43%,WA,Home Improvement,Primary,Single Family,Servicer_E,Current,0,0,0,0,,2022-12-01,Encompass,Under Exception,Current,1,1,1,0,0,
LN0003687,1,2022-03,2022-02,1,359,233879.0,233534.63,3.878,620-659,60-70%,36-43%,IN,Purchase,Primary,Single Family,Servicer_C,Current,0,0,0,0,,2022-03-01,Ellie Mae,Missing Items,Current,0,0,0,0,0,
LN0003687,2,2022-04,2022-02,2,358,233879.0,233189.15,3.878,620-659,60-70%,36-43%,IN,Purchase,Primary,Single Family,Servicer_C,Current,0,0,0,0,,2022-04-01,Ellie Mae,Missing Items,Current,0,0,0,0,0,
LN0003687,3,2022-05,2022-02,3,357,233879.0,232842.55,3.878,620-659,60-70%,36-43%,IN,Purchase,Primary,Single Family,Servicer_C,Current,0,0,0,0,,2022-05-01,Ellie Mae,Missing Items,Current,0,0,0,0,0,
LN0003687,4,2022-06,2022-02,4,356,233879.0,232494.84,3.878,620-659,60-70%,36-43%,IN,Purchase,Primary,Single Family,Servicer_C,Current,0,0,0,0,,2022-06-01,Ellie Mae,Missing Items,Current,0,0,0,0,0,
LN0003687,5,2022-07,2022-02,5,355,233879.0,232145.99,3.878,620-659,60-70%,36-43%,IN,Purchase,Primary,Single Family,Servicer_C,Current,0,0,0,0,,2022-07-01,Ellie Mae,Missing Items,Current,0,0,0,0,0,
LN0003687,6,2022-08,2022-02,6,354,233879.0,231796.03,3.878,620-659,60-70%,36-43%,IN,Purchase,Primary,Single Family,Servicer_C,Current,0,0,0,0,,2022-08-01,Ellie Mae,Missing Items,Current,0,0,0,0,0,
LN0003687,7,2022-09,2022-02,7,353,233879.0,231444.93,3.878,620-659,60-70%,36-43%,IN,Purchase,Primary,Single Family,Servicer_C,Current,0,0,0,0,,2022-09-01,Ellie Mae,Missing Items,Current,0,0,0,0,0,
LN0003687,8,2022-10,2022-02,8,352,233879.0,231092.69,3.878,620-659,60-70%,36-43%,IN,Purchase,Primary,Single Family,Servicer_C,Current,0,0,0,0,,2022-10-01,Ellie Mae,Missing Items,Current,0,0,0,0,0,
LN0003687,9,2022-11,2022-02,9,351,233879.0,230739.32,3.878,620-659,60-70%,36-43%,IN,Purchase,Primary,Single Family,Servicer_C,Current,0,0,0,0,,2022-11-01,Ellie Mae,Missing Items,Current,0,1,0,0,0,
LN0003687,10,2022-12,2022-02,10,350,233879.0,230384.8,3.878,620-659,60-70%,36-43%,IN,Purchase,Primary,Single Family,Servicer_C,Current,0,0,0,0,,2022-12-01,Ellie Mae,Missing Items,Current,0,1,0,0,0,
LN0003690,1,2022-05,2022-04,1,359,114162.0,113930.31,2.0,780+,60-70%,20-28%,GA,Purchase,Primary,Multi-Family,Servicer_D,Current,0,0,0,0,,2022-05-01,Black Knight,Pending Review,Current,0,0,0,0,0,
LN0003690,2,2022-06,2022-04,2,358,114162.0,113698.22,2.0,780+,60-70%,20-28%,GA,Purchase,Primary,Multi-Family,Servicer_D,Current,0,0,0,0,,2022-06-01,Black Knight,Pending Review,Current,0,0,0,0,0,
LN0003690,3,2022-07,2022-04,3,357,114162.0,113465.76,2.0,780+,60-70%,20-28%,GA,Purchase,Primary,Multi-Family,Servicer_D,Current,0,0,0,0,,2022-07-01,Black Knight,Pending Review,Current,0,0,0,0,0,
LN0003690,4,2022-08,2022-04,4,356,114162.0,113232.9,2.0,780+,60-70%,20-28%,GA,Purchase,Primary,Multi-Family,Servicer_D,Current,0,0,0,0,,2022-08-01,Black Knight,Pending Review,Current,0,0,0,0,0,
LN0003690,5,2022-09,2022-04,5,355,114162.0,112999.66,2.0,780+,60-70%,20-28%,GA,Purchase,Primary,Multi-Family,Servicer_D,Current,0,0,0,0,,2022-09-01,Black Knight,Pending Review,Current,0,0,0,0,0,
LN0003690,6,2022-10,2022-04,6,354,114162.0,112766.02,2.0,780+,60-70%,20-28%,GA,Purchase,Primary,Multi-Family,Servicer_D,Current,0,0,0,0,,2022-10-01,Black Knight,Pending Review,Current,0,0,0,0,0,
LN0003690,7,2022-11,2022-04,7,353,114162.0,112532.0,2.0,780+,60-70%,20-28%,GA,Purchase,Primary,Multi-Family,Servicer_D,Current,0,0,0,0,,2022-11-01,Black Knight,Pending Review,Current,0,0,0,0,0,
LN0003690,8,2022-12,2022-04,8,352,114162.0,112297.59,2.0,780+,60-70%,20-28%,GA,Purchase,Primary,Multi-Family,Servicer_D,Current,0,0,0,0,,2022-12-01,Black Knight,Pending Review,Current,0,0,0,0,0,
LN0003705,1,2021-06,2021-05,1,359,129976.0,129804.84,,<620,60-70%,28-36%,CA,Refinance,Primary,Single Family,Servicer_B,Current,0,0,0,0,,2021-06-01,CoreLogic,Complete,Current,0,0,0,0,0,
LN0003705,2,2021-07,2021-05,2,358,129976.0,129633.04,,<620,60-70%,28-36%,CA,Refinance,Primary,Single Family,Servicer_B,Current,0,0,0,0,,2021-07-01,CoreLogic,Complete,Current,0,0,0,0,0,
LN0003705,3,2021-08,2021-05,3,357,129976.0,129460.59,,<620,60-70%,28-36%,CA,Refinance,Primary,Single Family,Servicer_B,Current,0,0,0,0,,2021-08-01,CoreLogic,Complete,Current,0,1,0,0,0,
LN0003705,4,2021-09,2021-05,4,356,129976.0,129287.5,,<620,60-70%,28-36%,CA,Refinance,Primary,Single Family,Servicer_B,Current,0,0,0,0,,2021-09-01,CoreLogic,Complete,Current,0,1,0,0,0,
LN0003705,5,2021-10,2021-05,5,355,129976.0,129113.76,,<620,60-70%,28-36%,CA,Refinance,Primary,Single Family,Servicer_B,Current,0,0,0,0,,2021-10-01,CoreLogic,Complete,Current,0,1,0,0,0,
LN0003705,6,2021-11,2021-05,6,354,129976.0,128939.37,,<620,60-70%,28-36%,CA,Refinance,Primary,Single Family,Servicer_B,Current,0,0,0,0,,2021-11-01,CoreLogic,Complete,Current,1,1,0,0,0,
LN0003705,7,2021-12,2021-05,7,353,129976.0,128764.32,,<620,60-70%,28-36%,CA,Refinance,Primary,Single Family,Servicer_B,Current,0,0,0,0,,2021-12-01,CoreLogic,Complete,Current,1,1,0,0,0,
LN0003705,8,2022-01,2021-05,8,352,129976.0,128588.62,,<620,60-70%,28-36%,CA,Refinance,Primary,Single Family,Servicer_B,Current,0,0,0,0,,2022-01-01,CoreLogic,Complete,30-59 DPD,1,1,0,0,0,
LN0003705,9,2022-02,2021-05,9,351,129976.0,128412.26,,<620,60-70%,28-36%,CA,Refinance,Primary,Single Family,Servicer_B,30-59 DPD,0,0,0,0,,2022-02-01,CoreLogic,Complete,Current,0,0,0,0,0,
LN0003705,10,2022-03,2021-05,10,350,129976.0,128235.23,,<620,60-70%,28-36%,CA,Refinance,Primary,Single Family,Servicer_B,Current,30,0,0,0,,2022-03-01,CoreLogic,Complete,Current,0,0,0,0,0,
LN0003705,11,2022-04,2021-05,11,349,129976.0,128057.55,,<620,60-70%,28-36%,CA,Refinance,Primary,Single Family,Servicer_B,Current,0,0,0,0,,2022-04-01,CoreLogic,Complete,Current,0,0,0,0,0,
LN0003705,12,2022-05,2021-05,12,348,129976.0,127879.19,,<620,60-70%,28-36%,CA,Refinance,Primary,Single Family,Servicer_B,Current,0,0,0,0,,2022-05-01,CoreLogic,Complete,Current,0,0,0,0,0,
LN0003705,13,2022-06,2021-05,13,347,129976.0,127700.17,,<620,60-70%,28-36%,CA,Refinance,Primary,Single Family,Servicer_B,Current,0,0,0,0,,2022-06-01,CoreLogic,Complete,Current,0,0,0,0,0,
LN0003705,14,2022-07,2021-05,14,346,129976.0,127520.48,,<620,60-70%,28-36%,CA,Refinance,Primary,Single Family,Servicer_B,Current,0,0,0,0,,2022-07-01,CoreLogic,Complete,Current,0,0,0,0,0,
LN0003705,15,2022-08,2021-05,15,345,129976.0,127340.11,,<620,60-70%,28-36%,CA,Refinance,Primary,Single Family,Servicer_B,Current,0,0,0,0,,2022-08-01,CoreLogic,Complete,Current,0,0,0,0,0,
LN0003705,16,2022-09,2021-05,16,344,129976.0,127159.07,,<620,60-70%,28-36%,CA,Refinance,Primary,Single Family,Servicer_B,Current,0,0,0,0,,2022-09-01,CoreLogic,Complete,Current,0,0,0,0,0,
LN0003705,17,2022-10,2021-05,17,343,129976.0,126977.34,,<620,60-70%,28-36%,CA,Refinance,Primary,Single Family,Servicer_B,Current,0,0,0,0,,2022-10-01,CoreLogic,Complete,Current,0,0,0,0,0,
LN0003705,18,2022-11,2021-05,18,342,129976.0,126794.94,,<620,60-70%,28-36%,CA,Refinance,Primary,Single Family,Servicer_B,Current,0,0,0,0,,2022-11-01,CoreLogic,Complete,Current,0,0,0,0,0,
LN0003705,19,2022-12,2021-05,19,341,129976.0,126611.85,,<620,60-70%,28-36%,CA,Refinance,Primary,Single Family,Servicer_B,Current,0,0,0,0,,2022-12-01,CoreLogic,Complete,Current,0,0,0,0,0,
LN0003709,1,2022-02,2022-01,1,359,119649.0,119470.47,3.803,660-699,80-90%,28-36%,TX,Refinance,Primary,Single Family,Servicer_B,Current,0,0,0,0,,2022-02-01,CoreLogic,Complete,Current,0,0,0,0,0,
LN0003709,2,2022-03,2022-01,2,358,119649.0,119291.37,3.803,660-699,80-90%,28-36%,TX,Refinance,Primary,Single Family,Servicer_B,Current,0,0,0,0,,2022-03-01,CoreLogic,Complete,Current,0,0,0,0,0,
LN0003709,3,2022-04,2022-01,3,357,119649.0,119111.71,3.803,660-699,80-90%,28-36%,TX,Refinance,Primary,Single Family,Servicer_B,Current,0,0,0,0,,2022-04-01,CoreLogic,Complete,Current,0,0,0,0,0,
LN0003709,4,2022-05,2022-01,4,356,119649.0,118931.48,3.803,660-699,80-90%,28-36%,TX,Refinance,Primary,Single Family,Servicer_B,Current,0,0,0,0,,2022-05-01,CoreLogic,Complete,Current,0,0,0,0,0,
LN0003709,5,2022-06,2022-01,5,355,119649.0,118750.67,3.803,660-699,80-90%,28-36%,TX,Refinance,Primary,Single Family,Servicer_B,Current,0,0,0,0,,2022-06-01,CoreLogic,Complete,Current,0,0,0,0,0,
LN0003709,6,2022-07,2022-01,6,354,119649.0,118569.3,3.803,660-699,80-90%,28-36%,TX,Refinance,Primary,Single Family,Servicer_B,Current,0,0,0,0,,2022-07-01,CoreLogic,Complete,Current,0,0,0,0,0,
LN0003709,7,2022-08,2022-01,7,353,119649.0,118387.35,3.803,660-699,80-90%,28-36%,TX,Refinance,Primary,Single Family,Servicer_B,Current,0,0,0,0,,2022-08-01,CoreLogic,Complete,Current,0,0,0,0,0,
LN0003709,8,2022-09,2022-01,8,352,119649.0,118204.82,3.803,660-699,80-90%,28-36%,TX,Refinance,Primary,Single Family,Servicer_B,Current,0,0,0,0,,2022-09-01,CoreLogic,Complete,Current,0,0,0,0,0,
LN0003709,9,2022-10,2022-01,9,351,119649.0,118021.71,3.803,660-699,80-90%,28-36%,TX,Refinance,Primary,Single Family,Servicer_B,Current,0,0,0,0,,2022-10-01,CoreLogic,Complete,Current,0,0,0,0,0,
LN0003709,10,2022-11,2022-01,10,350,119649.0,117838.02,3.803,660-699,80-90%,28-36%,TX,Refinance,Primary,Single Family,Servicer_B,Current,0,0,0,0,,2022-11-01,CoreLogic,Complete,Current,0,0,0,0,0,
LN0003709,11,2022-12,2022-01,11,349,119649.0,117653.75,3.803,660-699,80-90%,28-36%,TX,Refinance,Primary,Single Family,Servicer_B,Current,0,0,0,0,,2022-12-01,CoreLogic,Complete,Current,0,0,0,0,0,
LN0003735,1,2022-03,2022-02,1,359,67650.0,67533.99,3.004,660-699,>95%,36-43%,VA,Cash-Out Refinance,Primary,Single Family,Servicer_E,Current,0,0,0,0,,2022-03-01,Ellie Mae,Missing Items,Current,0,0,0,0,0,
LN0003735,2,2022-04,2022-02,2,358,67650.0,67417.69,3.004,660-699,>95%,36-43%,VA,Cash-Out Refinance,Primary,Single Family,Servicer_E,Current,0,0,0,0,,2022-04-01,Ellie Mae,Missing Items,Current,0,0,0,0,0,
LN0003735,3,2022-05,2022-02,3,357,67650.0,67301.1,3.004,660-699,>95%,36-43%,VA,Cash-Out Refinance,Primary,Single Family,Servicer_E,Current,0,0,0,0,,2022-05-01,Ellie Mae,Missing Items,Current,0,0,0,0,0,
LN0003735,4,2022-06,2022-02,4,356,67650.0,67184.21,3.004,660-699,>95%,36-43%,VA,Cash-Out Refinance,Primary,Single Family,Servicer_E,Current,0,0,0,0,,2022-06-01,Ellie Mae,Missing Items,Current,0,0,0,0,0,
LN0003735,5,2022-07,2022-02,5,355,67650.0,67067.04,3.004,660-699,>95%,36-43%,VA,Cash-Out Refinance,Primary,Single Family,Servicer_E,Current,0,0,0,0,,2022-07-01,Ellie Mae,Missing Items,Current,0,0,0,0,0,
LN0003735,6,2022-08,2022-02,6,354,67650.0,66949.57,3.004,660-699,>95%,36-43%,VA,Cash-Out Refinance,Primary,Single Family,Servicer_E,Current,0,0,0,0,,2022-08-01,Ellie Mae,Missing Items,Current,0,0,0,0,0,
LN0003735,7,2022-09,2022-02,7,353,67650.0,66831.8,3.004,660-699,>95%,36-43%,VA,Cash-Out Refinance,Primary,Single Family,Servicer_E,Current,0,0,0,0,,2022-09-01,Ellie Mae,Missing Items,Current,0,0,0,0,0,
LN0003735,8,2022-10,2022-02,8,352,67650.0,66713.74,3.004,660-699,>95%,36-43%,VA,Cash-Out Refinance,Primary,Single Family,Servicer_E,Current,0,0,0,0,,2022-10-01,Ellie Mae,Missing Items,Current,0,0,0,0,0,
LN0003735,9,2022-11,2022-02,9,351,67650.0,66595.39,3.004,660-699,>95%,36-43%,VA,Cash-Out Refinance,Primary,Single Family,Servicer_E,Current,0,0,0,0,,2022-11-01,Ellie Mae,Missing Items,Current,0,0,0,0,0,
LN0003735,10,2022-12,2022-02,10,350,67650.0,66476.74,3.004,660-699,>95%,36-43%,VA,Cash-Out Refinance,Primary,Single Family,Servicer_E,Current,0,0,0,0,,2022-12-01,Ellie Mae,Missing Items,Current,0,0,0,0,0,
LN0003743,1,2022-01,2021-12,1,359,50971.0,50874.35,2.41,<620,70-80%,20-28%,MI,Home Improvement,Investment,Single Family,Servicer_B,Current,0,0,0,0,,2022-01-01,Ellie Mae,Missing Items,Current,0,0,0,0,0,
LN0003743,2,2022-02,2021-12,2,358,50971.0,50777.5,2.41,<620,70-80%,20-28%,MI,Home Improvement,Investment,Single Family,Servicer_B,Current,0,0,0,0,,2022-02-01,Ellie Mae,Missing Items,Current,0,0,0,0,0,
LN0003743,3,2022-03,2021-12,3,357,50971.0,50680.46,2.41,<620,70-80%,20-28%,MI,Home Improvement,Investment,Single Family,Servicer_B,Current,0,0,0,0,,2022-03-01,Ellie Mae,Missing Items,Current,0,0,0,0,0,
LN0003743,4,2022-04,2021-12,4,356,50971.0,50583.22,2.41,<620,70-80%,20-28%,MI,Home Improvement,Investment,Single Family,Servicer_B,Current,0,0,0,0,,2022-04-01,Ellie Mae,Missing Items,Current,0,0,0,0,0,
LN0003743,5,2022-05,2021-12,5,355,50971.0,50485.79,2.41,<620,70-80%,20-28%,MI,Home Improvement,Investment,Single Family,Servicer_B,Current,0,0,0,0,,2022-05-01,Ellie Mae,Missing Items,Current,0,0,0,0,0,
LN0003743,6,2022-06,2021-12,6,354,50971.0,50388.16,2.41,<620,70-80%,20-28%,MI,Home Improvement,Investment,Single Family,Servicer_B,Current,0,0,0,0,,2022-06-01,Ellie Mae,Missing Items,Current,0,0,0,0,0,
LN0003743,7,2022-07,2021-12,7,353,50971.0,50290.34,2.41,<620,70-80%,20-28%,MI,Home Improvement,Investment,Single Family,Servicer_B,Current,203,0,0,0,,2022-07-01,Ellie Mae,Missing Items,Current,0,0,0,0,0,
LN0003743,8,2022-08,2021-12,8,352,50971.0,50192.32,2.41,<620,70-80%,20-28%,MI,Home Improvement,Investment,Single Family,Servicer_B,Current,0,0,0,0,,2022-08-01,Ellie Mae,Missing Items,Current,0,0,0,0,0,
LN0003743,9,2022-09,2021-12,9,351,50971.0,50094.1,2.41,<620,70-80%,20-28%,MI,Home Improvement,Investment,Single Family,Servicer_B,Current,0,0,0,0,,2022-09-01,Ellie Mae,Missing Items,Current,0,0,0,0,0,
LN0003743,10,2022-10,2021-12,10,350,50971.0,49995.68,2.41,<620,70-80%,20-28%,MI,Home Improvement,Investment,Single Family,Servicer_B,Current,0,0,0,0,,2022-10-01,Ellie Mae,Missing Items,Current,0,0,0,0,0,
LN0003743,11,2022-11,2021-12,11,349,50971.0,49897.07,2.41,<620,70-80%,20-28%,MI,Home Improvement,Investment,Single Family,Servicer_B,Current,0,0,0,0,,2022-11-01,Ellie Mae,Missing Items,Current,0,0,0,0,0,
LN0003743,12,2022-12,2021-12,12,348,50971.0,49798.26,2.41,<620,70-80%,20-28%,MI,Home Improvement,Investment,Single Family,Servicer_B,Current,0,0,0,0,,2022-12-01,Ellie Mae,Missing Items,Current,0,0,0,0,0,
LN0003748,1,2021-10,2021-09,1,359,143878.0,143706.08,5.03,740-779,70-80%,>43%,MI,Cash-Out Refinance,Primary,Single Family,Servicer_C,Current,0,0,0,0,,2021-10-01,Encompass,Under Exception,Current,0,0,0,0,0,
LN0003748,2,2021-11,2021-09,2,358,143878.0,143533.44,5.03,740-779,70-80%,>43%,MI,Cash-Out Refinance,Primary,Single Family,Servicer_C,Current,0,0,0,0,,2021-11-01,Encompass,Under Exception,Current,0,0,0,0,0,
LN0003748,3,2021-12,2021-09,3,357,143878.0,143360.08,5.03,740-779,70-80%,>43%,MI,Cash-Out Refinance,Primary,Single Family,Servicer_C,Current,0,0,0,0,,2021-12-01,Encompass,Under Exception,Current,0,0,0,0,0,
LN0003748,4,2022-01,2021-09,4,356,143878.0,143185.99,5.03,740-779,70-80%,>43%,MI,Cash-Out Refinance,Primary,Single Family,Servicer_C,Current,0,0,0,0,,2022-01-01,Encompass,Under Exception,Current,0,0,0,0,0,
LN0003748,5,2022-02,2021-09,5,355,143878.0,143011.16,5.03,740-779,70-80%,>43%,MI,Cash-Out Refinance,Primary,Single Family,Servicer_C,Current,0,0,0,0,,2022-02-01,Encompass,Under Exception,Current,0,0,0,0,0,
LN0003748,6,2022-03,2021-09,6,354,143878.0,142835.61,5.03,740-779,70-80%,>43%,MI,Cash-Out Refinance,Primary,Single Family,Servicer_C,Current,0,0,0,0,,2022-03-01,Encompass,Under Exception,Current,0,0,0,0,0,
LN0003748,7,2022-04,2021-09,7,353,143878.0,142659.32,5.03,740-779,70-80%,>43%,MI,Cash-Out Refinance,Primary,Single Family,Servicer_C,Current,0,0,0,0,,2022-04-01,Encompass,Under Exception,Current,0,0,0,0,0,
LN0003748,8,2022-05,2021-09,8,352,143878.0,142482.29,5.03,740-779,70-80%,>43%,MI,Cash-Out Refinance,Primary,Single Family,Servicer_C,Current,0,0,0,0,,2022-05-01,Encompass,Under Exception,Current,0,0,0,0,0,
LN0003748,9,2022-06,2021-09,9,351,143878.0,142304.52,5.03,740-779,70-80%,>43%,MI,Cash-Out Refinance,Primary,Single Family,Servicer_C,Current,0,0,0,0,,2022-06-01,Encompass,Under Exception,Current,0,0,0,0,0,
LN0003748,10,2022-07,2021-09,10,350,143878.0,142126.01,5.03,740-779,70-80%,>43%,MI,Cash-Out Refinance,Primary,Single Family,Servicer_C,Current,0,0,0,0,,2022-07-01,Encompass,Under Exception,Current,0,0,0,0,0,
LN0003748,11,2022-08,2021-09,11,349,143878.0,141946.75,5.03,740-779,70-80%,>43%,MI,Cash-Out Refinance,Primary,Single Family,Servicer_C,Current,0,0,0,0,,2022-08-01,Encompass,Under Exception,Current,0,0,0,0,0,
LN0003748,12,2022-09,2021-09,12,348,143878.0,141766.73,5.03,740-779,70-80%,>43%,MI,Cash-Out Refinance,Primary,Single Family,Servicer_C,Current,0,0,0,0,,2022-09-01,Encompass,Under Exception,Current,0,0,0,0,0,
LN0003748,13,2022-10,2021-09,13,347,143878.0,141585.96,5.03,740-779,70-80%,>43%,MI,Cash-Out Refinance,Primary,Single Family,Servicer_C,Current,0,0,0,0,,2022-10-01,Encompass,Under Exception,Current,0,0,0,0,0,
LN0003748,14,2022-11,2021-09,14,346,143878.0,141404.43,5.03,740-779,70-80%,>43%,MI,Cash-Out Refinance,Primary,Single Family,Servicer_C,Current,0,0,0,0,,2022-11-01,Encompass,Under Exception,Current,0,0,0,0,0,
LN0003748,15,2022-12,2021-09,15,345,143878.0,141222.15,5.03,740-779,70-80%,>43%,MI,Cash-Out Refinance,Primary,Single Family,Servicer_C,Current,0,0,0,0,,2022-12-01,Encompass,Under Exception,Current,0,0,0,0,0,
LN0003753,1,2021-05,2021-04,1,359,176410.0,176179.88,4.552,620-659,70-80%,28-36%,GA,Refinance,Primary,Single Family,Servicer_D,Current,0,0,0,0,,2021-05-01,CoreLogic,Complete,Current,0,0,0,0,0,
LN0003753,2,2021-06,2021-04,2,358,176410.0,175948.89,4.552,620-659,70-80%,28-36%,GA,Refinance,Primary,Single Family,Servicer_D,Current,0,0,0,0,,2021-06-01,CoreLogic,Complete,Current,0,0,0,0,0,
LN0003753,3,2021-07,2021-04,3,357,176410.0,175717.02,4.552,620-659,70-80%,28-36%,GA,Refinance,Primary,Single Family,Servicer_D,Current,0,0,0,0,,2021-07-01,CoreLogic,Complete,Current,0,0,0,0,0,
LN0003753,4,2021-08,2021-04,4,356,176410.0,175484.27,4.552,620-659,70-80%,28-36%,GA,Refinance,Primary,Single Family,Servicer_D,Current,0,0,0,0,,2021-08-01,CoreLogic,Complete,Current,0,0,0,0,0,
LN0003753,5,2021-09,2021-04,5,355,176410.0,175250.64,4.552,620-659,70-80%,28-36%,GA,Refinance,Primary,Single Family,Servicer_D,Current,0,0,0,0,,2021-09-01,CoreLogic,Complete,Current,0,0,0,0,0,
LN0003753,6,2021-10,2021-04,6,354,176410.0,175016.12,4.552,620-659,70-80%,28-36%,GA,Refinance,Primary,Single Family,Servicer_D,Current,0,0,0,0,,2021-10-01,CoreLogic,Complete,Current,0,0,0,0,0,
LN0003753,7,2021-11,2021-04,7,353,176410.0,174780.71,4.552,620-659,70-80%,28-36%,GA,Refinance,Primary,Single Family,Servicer_D,Current,0,0,0,0,,2021-11-01,CoreLogic,Complete,Current,0,0,0,0,0,
LN0003753,8,2021-12,2021-04,8,352,176410.0,174544.41,4.552,620-659,70-80%,28-36%,GA,Refinance,Primary,Single Family,Servicer_D,Current,0,0,0,0,,2021-12-01,CoreLogic,Complete,Current,0,0,0,0,0,
LN0003753,9,2022-01,2021-04,9,351,176410.0,174307.21,4.552,620-659,70-80%,28-36%,GA,Refinance,Primary,Single Family,Servicer_D,Current,0,0,0,0,,2022-01-01,CoreLogic,Complete,Current,0,0,0,0,0,
LN0003753,10,2022-02,2021-04,10,350,176410.0,174069.11,4.552,620-659,70-80%,28-36%,GA,Refinance,Primary,Single Family,Servicer_D,Current,0,0,0,0,,2022-02-01,CoreLogic,Complete,Current,0,0,0,0,0,
LN0003753,11,2022-03,2021-04,11,349,176410.0,173830.11,4.552,620-659,70-80%,28-36%,GA,Refinance,Primary,Single Family,Servicer_D,Current,0,0,0,0,,2022-03-01,CoreLogic,Complete,Current,0,0,0,0,0,
LN0003753,12,2022-04,2021-04,12,348,176410.0,173590.21,4.552,620-659,70-80%,28-36%,GA,Refinance,Primary,Single Family,Servicer_D,Current,0,0,0,0,,2022-04-01,CoreLogic,Complete,Current,0,0,0,0,0,
LN0003753,13,2022-05,2021-04,13,347,176410.0,173349.39,4.552,620-659,70-80%,28-36%,GA,Refinance,Primary,Single Family,Servicer_D,Current,0,0,0,0,,2022-05-01,CoreLogic,Complete,Current,0,0,0,0,0,
LN0003753,14,2022-06,2021-04,14,346,176410.0,173107.66,4.552,620-659,70-80%,28-36%,GA,Refinance,Primary,Single Family,Servicer_D,Current,0,0,0,0,,2022-06-01,CoreLogic,Complete,Current,0,0,0,0,0,
LN0003753,15,2022-07,2021-04,15,345,176410.0,172865.01,4.552,620-659,70-80%,28-36%,GA,Refinance,Primary,Single Family,Servicer_D,Current,0,0,0,0,,2022-07-01,CoreLogic,Complete,Current,0,0,0,0,0,
LN0003753,16,2022-08,2021-04,16,344,176410.0,172621.44,4.552,620-659,70-80%,28-36%,GA,Refinance,Primary,Single Family,Servicer_D,Current,0,0,0,0,,2022-08-01,CoreLogic,Complete,Current,0,0,0,0,0,
LN0003753,17,2022-09,2021-04,17,343,176410.0,172376.95,4.552,620-659,70-80%,28-36%,GA,Refinance,Primary,Single Family,Servicer_D,Current,0,0,0,0,,2022-09-01,CoreLogic,Complete,Current,0,0,0,0,0,
LN0003753,18,2022-10,2021-04,18,342,176410.0,172131.53,4.552,620-659,70-80%,28-36%,GA,Refinance,Primary,Single Family,Servicer_D,Current,0,0,0,0,,2022-10-01,CoreLogic,Complete,Current,0,0,0,0,0,
LN0003753,19,2022-11,2021-04,19,341,176410.0,171885.18,4.552,620-659,70-80%,28-36%,GA,Refinance,Primary,Single Family,Servicer_D,Current,0,0,0,0,,2022-11-01,CoreLogic,Complete,Current,0,0,0,0,0,
LN0003753,20,2022-12,2021-04,20,340,176410.0,171637.9,4.552,620-659,70-80%,28-36%,GA,Refinance,Primary,Single Family,Servicer_D,Current,0,0,0,0,,2022-12-01,CoreLogic,Complete,Current,0,0,0,0,0,
LN0003766,1,2021-04,2021-03,1,359,294510.0,294486.12,17.439634814185634,660-699,60-70%,36-43%,NY,Cash-Out Refinance,Investment,Single Family,Servicer_D,Current,0,0,0,0,,2021-04-01,Black Knight,Pending Review,Current,0,0,0,0,0,
LN0003766,2,2021-05,2021-03,2,358,294510.0,294461.89,17.439634814185634,660-699,60-70%,36-43%,NY,Cash-Out Refinance,Investment,Single Family,Servicer_D,Current,0,0,0,0,,2021-05-01,Black Knight,Pending Review,Current,0,0,0,0,0,
LN0003766,3,2021-06,2021-03,3,357,294510.0,294437.31,17.439634814185634,660-699,60-70%,36-43%,NY,Cash-Out Refinance,Investment,Single Family,Servicer_D,Current,0,0,0,0,,2021-06-01,Black Knight,Pending Review,Current,0,0,0,0,0,
LN0003766,4,2021-07,2021-03,4,356,294510.0,294412.38,17.439634814185634,660-699,60-70%,36-43%,NY,Cash-Out Refinance,Investment,Single Family,Servicer_D,Current,0,0,0,0,,2021-07-01,Black Knight,Pending Review,Current,0,0,0,0,0,
LN0003766,5,2021-08,2021-03,5,355,294510.0,294387.08,17.439634814185634,660-699,60-70%,36-43%,NY,Cash-Out Refinance,Investment,Single Family,Servicer_D,Current,199,0,0,0,,2021-08-01,Black Knight,Pending Review,Current,0,0,0,0,0,
LN0003766,6,2021-09,2021-03,6,354,294510.0,294361.41,17.439634814185634,660-699,60-70%,36-43%,NY,Cash-Out Refinance,Investment,Single Family,Servicer_D,Current,0,0,0,0,,2021-09-01,Black Knight,Pending Review,Current,0,0,0,0,0,
LN0003766,7,2021-10,2021-03,7,353,294510.0,294335.37,17.439634814185634,660-699,60-70%,36-43%,NY,Cash-Out Refinance,Investment,Single Family,Servicer_D,Current,0,0,0,0,,2021-10-01,Black Knight,Pending Review,Current,0,0,0,0,0,
LN0003766,8,2021-11,2021-03,8,352,294510.0,294308.95,17.439634814185634,660-699,60-70%,36-43%,NY,Cash-Out Refinance,Investment,Single Family,Servicer_D,Current,0,0,0,0,,2021-11-01,Black Knight,Pending Review,Current,0,0,0,0,0,
LN0003766,9,2021-12,2021-03,9,351,294510.0,294282.15,17.439634814185634,660-699,60-70%,36-43%,NY,Cash-Out Refinance,Investment,Single Family,Servicer_D,Current,0,0,0,0,,2021-12-01,Black Knight,Pending Review,Current,0,0,0,0,0,
LN0003766,10,2022-01,2021-03,10,350,294510.0,294254.96,17.439634814185634,660-699,60-70%,36-43%,NY,Cash-Out Refinance,Investment,Single Family,Servicer_D,Current,0,0,0,0,,2022-01-01,Black Knight,Pending Review,Current,0,0,0,0,0,
LN0003766,11,2022-02,2021-03,11,349,294510.0,294227.37,17.439634814185634,660-699,60-70%,36-43%,NY,Cash-Out Refinance,Investment,Single Family,Servicer_D,Current,0,0,0,0,,2022-02-01,Black Knight,Pending Review,Current,0,0,0,0,0,
LN0003766,12,2022-03,2021-03,12,348,294510.0,294199.38,17.439634814185634,660-699,60-70%,36-43%,NY,Cash-Out Refinance,Investment,Single Family,Servicer_D,Current,0,0,0,0,,2022-03-01,Black Knight,Pending Review,Current,0,0,0,0,0,
LN0003766,13,2022-04,2021-03,13,347,294510.0,294170.99,17.439634814185634,660-699,60-70%,36-43%,NY,Cash-Out Refinance,Investment,Single Family,Servicer_D,Current,0,0,0,0,,2022-04-01,Black Knight,Pending Review,Current,0,0,0,0,0,
LN0003766,14,2022-05,2021-03,14,346,294510.0,294142.18,17.439634814185634,660-699,60-70%,36-43%,NY,Cash-Out Refinance,Investment,Single Family,Servicer_D,Current,0,0,0,0,,2022-05-01,Black Knight,Pending Review,Current,0,0,0,0,0,
LN0003766,15,2022-06,2021-03,15,345,294510.0,294112.95,17.439634814185634,660-699,60-70%,36-43%,NY,Cash-Out Refinance,Investment,Single Family,Servicer_D,Current,0,0,0,0,,2022-06-01,Black Knight,Pending Review,Current,0,0,0,0,0,
LN0003766,16,2022-07,2021-03,16,344,294510.0,294083.3,17.439634814185634,660-699,60-70%,36-43%,NY,Cash-Out Refinance,Investment,Single Family,Servicer_D,Current,0,0,0,0,,2022-07-01,Black Knight,Pending Review,Current,0,0,0,0,0,
LN0003766,17,2022-08,2021-03,17,343,294510.0,294053.22,17.439634814185634,660-699,60-70%,36-43%,NY,Cash-Out Refinance,Investment,Single Family,Servicer_D,Current,245,0,0,0,,2022-08-01,Black Knight,Pending Review,Current,0,0,0,0,0,
LN0003766,18,2022-09,2021-03,18,342,294510.0,294022.7,17.439634814185634,660-699,60-70%,36-43%,NY,Cash-Out Refinance,Investment,Single Family,Servicer_D,Current,0,0,0,0,,2022-09-01,Black Knight,Pending Review,Current,0,0,0,0,0,
LN0003766,19,2022-10,2021-03,19,341,294510.0,293991.74,17.439634814185634,660-699,60-70%,36-43%,NY,Cash-Out Refinance,Investment,Single Family,Servicer_D,Current,0,0,0,0,,2022-10-01,Black Knight,Pending Review,Current,0,0,0,0,0,
LN0003766,20,2022-11,2021-03,20,340,294510.0,293960.33,17.439634814185634,660-699,60-70%,36-43%,NY,Cash-Out Refinance,Investment,Single Family,Servicer_D,Current,0,0,0,0,,2022-11-01,Black Knight,Pending Review,Current,0,0,0,0,0,
LN0003766,21,2022-12,2021-03,21,339,294510.0,293928.46,17.439634814185634,660-699,60-70%,36-43%,NY,Cash-Out Refinance,Investment,Single Family,Servicer_D,Current,0,0,0,0,,2022-12-01,Black Knight,Pending Review,Current,0,0,0,0,0,
LN0003788,1,2022-10,2022-09,1,179,209254.0,208417.44,4.199,660-699,90-95%,<20%,PA,Purchase,Primary,Condo,Servicer_A,Current,0,0,0,0,,2022-10-01,Encompass,Under Exception,Current,0,0,0,0,0,
LN0003788,2,2022-11,2022-09,2,178,209254.0,207577.95,4.199,660-699,90-95%,<20%,PA,Purchase,Primary,Condo,Servicer_A,Current,0,0,0,0,,2022-11-01,Encompass,Under Exception,Current,0,0,0,0,0,
LN0003788,3,2022-12,2022-09,3,177,209254.0,206735.52,4.199,660-699,90-95%,<20%,PA,Purchase,Primary,Condo,Servicer_A,Current,0,0,0,0,,2022-12-01,Encompass,Under Exception,Current,0,0,0,0,0,
LN0003804,1,2020-09,2020-08,1,359,97639.0,97491.76,3.743,700-739,90-95%,20-28%,IL,Refinance,Primary,Single Family,Servicer_B,Current,0,0,0,0,,2020-09-01,Encompass,Under Exception,Current,0,0,0,0,0,
LN0003804,2,2020-10,2020-08,2,358,97639.0,97344.06,3.743,700-739,90-95%,20-28%,IL,Refinance,Primary,Single Family,Servicer_B,Current,0,0,0,0,,2020-10-01,Encompass,Under Exception,Current,0,0,0,0,0,
LN0003804,3,2020-11,2020-08,3,357,97639.0,97195.9,3.743,700-739,90-95%,20-28%,IL,Refinance,Primary,Single Family,Servicer_B,Current,0,0,0,0,,2020-11-01,Encompass,Under Exception,Current,0,0,0,0,0,
LN0003804,4,2020-12,2020-08,4,356,97639.0,97047.27,3.743,700-739,90-95%,20-28%,IL,Refinance,Primary,Single Family,Servicer_B,Current,0,0,0,0,,2020-12-01,Encompass,Under Exception,Current,0,0,0,0,0,
LN0003804,5,2021-01,2020-08,5,355,97639.0,96898.19,3.743,700-739,90-95%,20-28%,IL,Refinance,Primary,Single Family,Servicer_B,Current,0,0,0,0,,2021-01-01,Encompass,Under Exception,Current,0,0,0,0,0,
LN0003804,6,2021-02,2020-08,6,354,97639.0,96748.63,3.743,700-739,90-95%,20-28%,IL,Refinance,Primary,Single Family,Servicer_B,Current,0,0,0,0,,2021-02-01,Encompass,Under Exception,Current,0,0,0,0,0,
LN0003804,7,2021-03,2020-08,7,353,97639.0,96598.62,3.743,700-739,90-95%,20-28%,IL,Refinance,Primary,Single Family,Servicer_B,Current,0,0,0,0,,2021-03-01,Encompass,Under Exception,Current,0,0,0,0,0,
LN0003804,8,2021-04,2020-08,8,352,97639.0,96448.13,3.743,700-739,90-95%,20-28%,IL,Refinance,Primary,Single Family,Servicer_B,Current,0,0,0,0,,2021-04-01,Encompass,Under Exception,Current,0,0,0,0,0,
LN0003804,9,2021-05,2020-08,9,351,97639.0,96297.17,3.743,700-739,90-95%,20-28%,IL,Refinance,Primary,Single Family,Servicer_B,Current,0,0,0,0,,2021-05-01,Encompass,Under Exception,Current,0,0,0,0,0,
LN0003804,10,2021-06,2020-08,10,350,97639.0,96145.75,3.743,700-739,90-95%,20-28%,IL,Refinance,Primary,Single Family,Servicer_B,Current,0,0,0,0,,2021-06-01,Encompass,Under Exception,Current,0,0,0,0,0,
LN0003804,11,2021-07,2020-08,11,349,97639.0,95993.85,3.743,700-739,90-95%,20-28%,IL,Refinance,Primary,Single Family,Servicer_B,Current,0,0,0,0,,2021-07-01,Encompass,Under Exception,Current,0,0,0,0,0,
LN0003804,12,2021-08,2020-08,12,348,97639.0,95841.47,3.743,700-739,90-95%,20-28%,IL,Refinance,Primary,Single Family,Servicer_B,Current,0,0,0,0,,2021-08-01,Encompass,Under Exception,Current,0,0,0,0,0,
LN0003804,13,2021-09,2020-08,13,347,97639.0,95688.63,3.743,700-739,90-95%,20-28%,IL,Refinance,Primary,Single Family,Servicer_B,Current,0,0,0,0,,2021-09-01,Encompass,Under Exception,Current,0,0,0,0,0,
LN0003804,14,2021-10,2020-08,14,346,97639.0,95535.3,3.743,700-739,90-95%,20-28%,IL,Refinance,Primary,Single Family,Servicer_B,Current,0,0,0,0,,2021-10-01,Encompass,Under Exception,Current,0,0,0,0,0,
LN0003804,15,2021-11,2020-08,15,345,97639.0,95381.5,3.743,700-739,90-95%,20-28%,IL,Refinance,Primary,Single Family,Servicer_B,Current,0,0,0,0,,2021-11-01,Encompass,Under Exception,Current,0,0,0,0,0,
LN0003804,16,2021-12,2020-08,16,344,97639.0,95227.22,3.743,700-739,90-95%,20-28%,IL,Refinance,Primary,Single Family,Servicer_B,Current,0,0,0,0,,2021-12-01,Encompass,Under Exception,Current,0,0,0,0,0,
LN0003804,17,2022-01,2020-08,17,343,97639.0,95072.45,3.743,700-739,90-95%,20-28%,IL,Refinance,Primary,Single Family,Servicer_B,Current,0,0,0,0,,2022-01-01,Encompass,Under Exception,Current,0,0,0,0,0,
LN0003804,18,2022-02,2020-08,18,342,97639.0,94917.2,3.743,700-739,90-95%,20-28%,IL,Refinance,Primary,Single Family,Servicer_B,Current,0,0,0,0,,2022-02-01,Encompass,Under Exception,Current,0,0,0,0,0,
LN0003804,19,2022-03,2020-08,19,341,97639.0,94761.47,3.743,700-739,90-95%,20-28%,IL,Refinance,Primary,Single Family,Servicer_B,Current,0,0,0,0,,2022-03-01,Encompass,Under Exception,Current,0,0,0,0,0,
LN0003804,20,2022-04,2020-08,20,340,97639.0,94605.26,3.743,700-739,90-95%,20-28%,IL,Refinance,Primary,Single Family,Servicer_B,Current,0,0,0,0,,2022-04-01,Encompass,Under Exception,Current,0,0,0,0,0,
LN0003804,21,2022-05,2020-08,21,339,97639.0,94448.55,3.743,700-739,90-95%,20-28%,IL,Refinance,Primary,Single Family,Servicer_B,Current,0,0,0,0,,2022-05-01,Encompass,Under Exception,Current,0,0,0,0,0,
LN0003804,22,2022-06,2020-08,22,338,97639.0,94291.36,3.743,700-739,90-95%,20-28%,IL,Refinance,Primary,Single Family,Servicer_B,Current,0,0,0,0,,2022-06-01,Encompass,Under Exception,Current,0,1,0,0,0,
LN0003804,23,2022-07,2020-08,23,337,97639.0,94133.68,3.743,700-739,90-95%,20-28%,IL,Refinance,Primary,Single Family,Servicer_B,Current,0,0,0,0,,2022-07-01,Encompass,Under Exception,Current,0,1,0,0,0,
LN0003804,24,2022-08,2020-08,24,336,97639.0,93975.5,3.743,700-739,90-95%,20-28%,IL,Refinance,Primary,Single Family,Servicer_B,Current,0,0,0,0,,2022-08-01,Encompass,Under Exception,Current,0,1,0,0,0,
LN0003804,25,2022-09,2020-08,25,335,97639.0,93816.83,3.743,700-739,90-95%,20-28%,IL,Refinance,Primary,Single Family,Servicer_B,Current,0,0,0,0,,2022-09-01,Encompass,Under Exception,Current,1,1,0,0,0,
LN0003804,26,2022-10,2020-08,26,334,97639.0,93657.67,3.743,700-739,90-95%,20-28%,IL,Refinance,Primary,Single Family,Servicer_B,Current,0,0,0,0,,2022-10-01,Encompass,Under Exception,Current,1,1,0,0,0,
LN0003804,27,2022-11,2020-08,27,333,97639.0,93498.01,3.743,700-739,90-95%,20-28%,IL,Refinance,Primary,Single Family,Servicer_B,Current,0,0,0,0,,2022-11-01,Encompass,Under Exception,30-59 DPD,1,1,0,0,0,
LN0003804,28,2022-12,2020-08,28,332,97639.0,93337.85,3.743,700-739,90-95%,20-28%,IL,Refinance,Primary,Single Family,Servicer_B,30-59 DPD,0,0,0,0,,2022-12-01,Encompass,Under Exception,Current,0,0,0,0,0,
LN0003815,1,2022-04,2022-03,1,359,264044.0,263684.78,4.32,<620,>95%,36-43%,MO,Refinance,Primary,Single Family,Servicer_C,Current,0,0,0,0,,2022-04-01,Ellie Mae,Missing Items,Current,0,0,1,0,0,
LN0003815,2,2022-05,2022-03,2,358,264044.0,263324.26,4.32,<620,>95%,36-43%,MO,Refinance,Primary,Single Family,Servicer_C,Current,0,0,0,0,,2022-05-01,Ellie Mae,Missing Items,Current,0,0,1,0,0,
LN0003815,3,2022-06,2022-03,3,357,264044.0,262962.45,4.32,<620,>95%,36-43%,MO,Refinance,Primary,Single Family,Servicer_C,Current,0,0,0,0,,2022-06-01,Ellie Mae,Missing Items,Current,0,0,1,0,0,
LN0003815,4,2022-07,2022-03,4,356,264044.0,262599.33,4.32,<620,>95%,36-43%,MO,Refinance,Primary,Single Family,Servicer_C,Current,0,0,0,0,,2022-07-01,Ellie Mae,Missing Items,Current,0,0,1,0,0,
LN0003815,5,2022-08,2022-03,5,355,264044.0,262234.91,4.32,<620,>95%,36-43%,MO,Refinance,Primary,Single Family,Servicer_C,Current,0,0,0,0,,2022-08-01,Ellie Mae,Missing Items,Current,0,0,1,0,0,
LN0003815,6,2022-09,2022-03,6,354,264044.0,261869.17,4.32,<620,>95%,36-43%,MO,Refinance,Primary,Single Family,Servicer_C,Current,0,0,0,0,,2022-09-01,Ellie Mae,Missing Items,Current,0,1,1,0,0,
LN0003815,7,2022-10,2022-03,7,353,264044.0,261502.12,4.32,<620,>95%,36-43%,MO,Refinance,Primary,Single Family,Servicer_C,Current,0,0,0,0,,2022-10-01,Ellie Mae,Missing Items,Current,0,1,1,0,0,
LN0003815,8,2022-11,2022-03,8,352,264044.0,261133.75,4.32,<620,>95%,36-43%,MO,Refinance,Primary,Single Family,Servicer_C,Current,0,0,0,0,,2022-11-01,Ellie Mae,Missing Items,Current,0,1,1,0,0,
LN0003815,9,2022-12,2022-03,9,351,264044.0,260764.05,4.32,<620,>95%,36-43%,MO,Refinance,Primary,Single Family,Servicer_C,Current,0,0,0,0,,2022-12-01,Ellie Mae,Missing Items,Current,1,1,1,0,0,
LN0003843,1,2021-05,2021-04,1,359,50000.0,49950.97,6.079,780+,70-80%,28-36%,TX,Refinance,Primary,Single Family,Servicer_B,Current,0,0,0,0,,2021-05-01,Ellie Mae,Missing Items,Current,0,0,0,0,0,
LN0003843,2,2021-06,2021-04,2,358,50000.0,49901.7,6.079,780+,70-80%,28-36%,TX,Refinance,Primary,Single Family,Servicer_B,Current,0,0,0,0,,2021-06-01,Ellie Mae,Missing Items,Current,0,0,0,0,0,
LN0003843,3,2021-07,2021-04,3,357,50000.0,49852.17,6.079,780+,70-80%,28-36%,TX,Refinance,Primary,Single Family,Servicer_B,Current,0,0,0,0,,2021-07-01,Ellie Mae,Missing Items,Current,0,0,0,0,0,
LN0003843,4,2021-08,2021-04,4,356,50000.0,49802.39,6.079,780+,70-80%,28-36%,TX,Refinance,Primary,Single Family,Servicer_B,Current,0,0,0,0,,2021-08-01,Ellie Mae,Missing Items,Current,0,0,0,0,0,
LN0003843,5,2021-09,2021-04,5,355,50000.0,49752.36,6.079,780+,70-80%,28-36%,TX,Refinance,Primary,Single Family,Servicer_B,Current,0,0,0,0,,2021-09-01,Ellie Mae,Missing Items,Current,0,0,0,0,0,
LN0003843,6,2021-10,2021-04,6,354,50000.0,49702.08,6.079,780+,70-80%,28-36%,TX,Refinance,Primary,Single Family,Servicer_B,Current,0,0,0,0,,2021-10-01,Ellie Mae,Missing Items,Current,0,0,0,0,0,
LN0003843,7,2021-11,2021-04,7,353,50000.0,49651.55,6.079,780+,70-80%,28-36%,TX,Refinance,Primary,Single Family,Servicer_B,Current,0,0,0,0,,2021-11-01,Ellie Mae,Missing Items,Current,0,0,0,0,0,
LN0003843,8,2021-12,2021-04,8,352,50000.0,49600.75,6.079,780+,70-80%,28-36%,TX,Refinance,Primary,Single Family,Servicer_B,Current,0,0,0,0,,2021-12-01,Ellie Mae,Missing Items,Current,0,0,0,0,0,
LN0003843,9,2022-01,2021-04,9,351,50000.0,49549.7,6.079,780+,70-80%,28-36%,TX,Refinance,Primary,Single Family,Servicer_B,Current,0,0,0,0,,2022-01-01,Ellie Mae,Missing Items,Current,0,0,0,0,0,
LN0003843,10,2022-02,2021-04,10,350,50000.0,49498.39,6.079,780+,70-80%,28-36%,TX,Refinance,Primary,Single Family,Servicer_B,Current,0,0,0,0,,2022-02-01,Ellie Mae,Missing Items,Current,0,0,0,0,0,
LN0003843,11,2022-03,2021-04,11,349,50000.0,49446.82,6.079,780+,70-80%,28-36%,TX,Refinance,Primary,Single Family,Servicer_B,Current,0,0,0,0,,2022-03-01,Ellie Mae,Missing Items,Current,0,0,0,0,0,
LN0003843,12,2022-04,2021-04,12,348,50000.0,49394.99,6.079,780+,70-80%,28-36%,TX,Refinance,Primary,Single Family,Servicer_B,Current,0,0,0,0,,2022-04-01,Ellie Mae,Missing Items,Current,0,0,0,0,0,
LN0003843,13,2022-05,2021-04,13,347,50000.0,49342.9,6.079,780+,70-80%,28-36%,TX,Refinance,Primary,Single Family,Servicer_B,Current,0,0,0,0,,2022-05-01,Ellie Mae,Missing Items,Current,0,0,0,1,0,
LN0003843,14,2022-06,2021-04,14,346,50000.0,49290.54,6.079,780+,70-80%,28-36%,TX,Refinance,Primary,Single Family,Servicer_B,Current,0,0,0,0,,2022-06-01,Ellie Mae,Missing Items,Current,0,0,0,1,0,
LN0003843,15,2022-07,2021-04,15,345,50000.0,49237.92,6.079,780+,70-80%,28-36%,TX,Refinance,Primary,Single Family,Servicer_B,Current,0,0,0,0,,2022-07-01,Ellie Mae,Missing Items,Current,0,0,0,1,0,
LN0003843,16,2022-08,2021-04,16,344,50000.0,49185.03,6.079,780+,70-80%,28-36%,TX,Refinance,Primary,Single Family,Servicer_B,Current,0,0,0,0,,2022-08-01,Ellie Mae,Missing Items,Current,0,0,0,1,0,
LN0003843,17,2022-09,2021-04,17,343,50000.0,49131.88,6.079,780+,70-80%,28-36%,TX,Refinance,Primary,Single Family,Servicer_B,Current,0,0,0,0,,2022-09-01,Ellie Mae,Missing Items,Current,0,0,0,1,0,
LN0003843,18,2022-10,2021-04,18,342,50000.0,49078.45,6.079,780+,70-80%,28-36%,TX,Refinance,Primary,Single Family,Servicer_B,Current,0,0,0,0,,2022-10-01,Ellie Mae,Missing Items,Current,0,0,0,1,0,
LN0003843,19,2022-11,2021-04,19,341,50000.0,49024.76,6.079,780+,70-80%,28-36%,TX,Refinance,Primary,Single Family,Servicer_B,Current,0,0,0,0,,2022-11-01,Ellie Mae,Missing Items,Current,0,0,0,1,0,
LN0003843,20,2022-12,2021-04,20,340,50000.0,48970.79,6.079,780+,70-80%,28-36%,TX,Refinance,Primary,Single Family,Servicer_B,Current,0,0,0,0,,2022-12-01,Ellie Mae,Missing Items,Current,0,0,0,1,0,
LN0003854,1,2021-08,2021-07,1,359,242921.0,242574.17,4.051,<620,70-80%,28-36%,MO,Cash-Out Refinance,Primary,Multi-Family,Servicer_A,Current,0,0,0,0,,2021-08-01,Black Knight,Pending Review,Current,0,0,0,0,0,
LN0003854,2,2021-09,2021-07,2,358,242921.0,242226.16,4.051,<620,70-80%,28-36%,MO,Cash-Out Refinance,Primary,Multi-Family,Servicer_A,Current,0,0,0,0,,2021-09-01,Black Knight,Pending Review,Current,0,0,0,0,0,
LN0003854,3,2021-10,2021-07,3,357,242921.0,241876.98,4.051,<620,70-80%,28-36%,MO,Cash-Out Refinance,Primary,Multi-Family,Servicer_A,Current,0,0,0,0,,2021-10-01,Black Knight,Pending Review,Current,0,0,0,0,0,
LN0003854,4,2021-11,2021-07,4,356,242921.0,241526.62,4.051,<620,70-80%,28-36%,MO,Cash-Out Refinance,Primary,Multi-Family,Servicer_A,Current,0,0,0,0,,2021-11-01,Black Knight,Pending Review,Current,0,0,0,0,0,
LN0003854,5,2021-12,2021-07,5,355,242921.0,241175.08,4.051,<620,70-80%,28-36%,MO,Cash-Out Refinance,Primary,Multi-Family,Servicer_A,Current,0,0,0,0,,2021-12-01,Black Knight,Pending Review,Current,0,0,0,0,0,
LN0003854,6,2022-01,2021-07,6,354,242921.0,240822.35,4.051,<620,70-80%,28-36%,MO,Cash-Out Refinance,Primary,Multi-Family,Servicer_A,Current,0,0,0,0,,2022-01-01,Black Knight,Pending Review,Current,0,0,0,0,0,
LN0003854,7,2022-02,2021-07,7,353,242921.0,240468.43,4.051,<620,70-80%,28-36%,MO,Cash-Out Refinance,Primary,Multi-Family,Servicer_A,Current,0,0,0,0,,2022-02-01,Black Knight,Pending Review,Current,0,0,0,0,0,
LN0003854,8,2022-03,2021-07,8,352,242921.0,240113.31,4.051,<620,70-80%,28-36%,MO,Cash-Out Refinance,Primary,Multi-Family,Servicer_A,Current,0,0,0,0,,2022-03-01,Black Knight,Pending Review,Current,0,0,0,0,0,
LN0003854,9,2022-04,2021-07,9,351,242921.0,239757.0,4.051,<620,70-80%,28-36%,MO,Cash-Out Refinance,Primary,Multi-Family,Servicer_A,Current,0,0,0,0,,2022-04-01,Black Knight,Pending Review,Current,0,0,0,0,0,
LN0003854,10,2022-05,2021-07,10,350,242921.0,239399.48,4.051,<620,70-80%,28-36%,MO,Cash-Out Refinance,Primary,Multi-Family,Servicer_A,Current,0,0,0,0,,2022-05-01,Black Knight,Pending Review,Current,0,0,0,0,0,
LN0003854,11,2022-06,2021-07,11,349,242921.0,239040.76,4.051,<620,70-80%,28-36%,MO,Cash-Out Refinance,Primary,Multi-Family,Servicer_A,Current,0,0,0,0,,2022-06-01,Black Knight,Pending Review,Current,0,0,0,0,0,
LN0003854,12,2022-07,2021-07,12,348,242921.0,238680.83,4.051,<620,70-80%,28-36%,MO,Cash-Out Refinance,Primary,Multi-Family,Servicer_A,Current,0,0,0,0,,2022-07-01,Black Knight,Pending Review,Current,0,0,0,0,0,
LN0003854,13,2022-08,2021-07,13,347,242921.0,238319.68,4.051,<620,70-80%,28-36%,MO,Cash-Out Refinance,Primary,Multi-Family,Servicer_A,Current,0,0,0,0,,2022-08-01,Black Knight,Pending Review,Current,0,0,0,0,0,
LN0003854,14,2022-09,2021-07,14,346,242921.0,237957.31,4.051,<620,70-80%,28-36%,MO,Cash-Out Refinance,Primary,Multi-Family,Servicer_A,Current,0,0,0,0,,2022-09-01,Black Knight,Pending Review,Current,0,0,0,0,0,
LN0003854,15,2022-10,2021-07,15,345,242921.0,237593.72,4.051,<620,70-80%,28-36%,MO,Cash-Out Refinance,Primary,Multi-Family,Servicer_A,Current,0,0,0,0,,2022-10-01,Black Knight,Pending Review,Current,0,0,0,0,0,
LN0003854,16,2022-11,2021-07,16,344,242921.0,237228.9,4.051,<620,70-80%,28-36%,MO,Cash-Out Refinance,Primary,Multi-Family,Servicer_A,Current,0,0,0,0,,2022-11-01,Black Knight,Pending Review,Current,0,0,0,0,0,
LN0003854,17,2022-12,2021-07,17,343,242921.0,236862.85,4.051,<620,70-80%,28-36%,MO,Cash-Out Refinance,Primary,Multi-Family,Servicer_A,Current,0,0,0,0,,2022-12-01,Black Knight,Pending Review,Current,0,0,0,0,0,
LN0003889,1,2022-09,2022-08,1,359,334500.0,334082.76,4.797,780+,70-80%,36-43%,NJ,Cash-Out Refinance,Primary,Condo,Servicer_D,Current,0,0,0,0,,2022-09-01,CoreLogic,Complete,Current,0,0,0,0,0,
LN0003889,2,2022-10,2022-08,2,358,334500.0,333663.86,4.797,780+,70-80%,36-43%,NJ,Cash-Out Refinance,Primary,Condo,Servicer_D,Current,0,0,0,0,,2022-10-01,CoreLogic,Complete,Current,0,0,0,0,0,
LN0003889,3,2022-11,2022-08,3,357,334500.0,333243.28,4.797,780+,70-80%,36-43%,NJ,Cash-Out Refinance,Primary,Condo,Servicer_D,Current,0,0,0,0,,2022-11-01,CoreLogic,Complete,Current,0,0,0,0,0,
LN0003889,4,2022-12,2022-08,4,356,334500.0,332821.02,4.797,780+,70-80%,36-43%,NJ,Cash-Out Refinance,Primary,Condo,Servicer_D,Current,0,0,0,0,,2022-12-01,CoreLogic,Complete,Current,0,0,0,0,0,
LN0003918,1,2022-07,2022-06,1,359,62534.0,62456.75,4.85,700-739,70-80%,20-28%,NJ,Refinance,Primary,Single Family,Servicer_B,Current,0,0,0,0,,2022-07-01,Black Knight,Pending Review,Current,1,1,0,0,0,
LN0003918,2,2022-08,2022-06,2,358,62534.0,62379.2,4.85,700-739,70-80%,20-28%,NJ,Refinance,Primary,Single Family,Servicer_B,Current,0,0,0,0,,2022-08-01,Black Knight,Pending Review,Current,1,1,0,0,0,
LN0003918,3,2022-09,2022-06,3,357,62534.0,62301.33,4.85,700-739,70-80%,20-28%,NJ,Refinance,Primary,Single Family,Servicer_B,Current,0,0,0,0,,2022-09-01,Black Knight,Pending Review,30-59 DPD,1,1,0,0,0,
LN0003918,4,2022-10,2022-06,4,356,62534.0,62223.14,4.85,700-739,70-80%,20-28%,NJ,Refinance,Primary,Single Family,Servicer_B,30-59 DPD,0,0,0,0,,2022-10-01,Black Knight,Pending Review,Current,0,0,0,0,0,
LN0003918,5,2022-11,2022-06,5,355,62534.0,62144.64,4.85,700-739,70-80%,20-28%,NJ,Refinance,Primary,Single Family,Servicer_B,Current,30,0,0,0,,2022-11-01,Black Knight,Pending Review,Current,0,0,0,0,0,
LN0003918,6,2022-12,2022-06,6,354,62534.0,62065.82,4.85,700-739,70-80%,20-28%,NJ,Refinance,Primary,Single Family,Servicer_B,Current,0,0,0,0,,2022-12-01,Black Knight,Pending Review,Current,0,0,0,0,0,
LN0003937,1,2022-11,2022-10,1,239,398416.0,397331.32,4.013,620-659,80-90%,20-28%,MO,Cash-Out Refinance,Primary,Single Family,Servicer_A,Current,0,0,0,0,,2022-11-01,CoreLogic,Complete,Current,0,0,0,0,0,
LN0003937,2,2022-12,2022-10,2,238,398416.0,396243.01,4.013,620-659,80-90%,20-28%,MO,Cash-Out Refinance,Primary,Single Family,Servicer_A,Current,0,0,0,0,,2022-12-01,CoreLogic,Complete,Current,0,0,1,0,0,
LN0003959,1,2022-12,2022-11,1,359,118446.0,118323.53,5.801,620-659,80-90%,20-28%,MA,Purchase,Investment,Single Family,Servicer_E,Current,0,0,0,0,,2022-12-01,Ellie Mae,Missing Items,Current,0,0,0,0,0,
LN0003983,1,2022-05,2022-04,1,359,50000.0,49939.23,4.938,660-699,<60%,28-36%,NY,Refinance,Investment,Single Family,Servicer_C,Current,0,0,0,0,,2022-05-01,Ellie Mae,Missing Items,Current,0,0,0,0,0,
LN0003983,2,2022-06,2022-04,2,358,50000.0,49878.21,4.938,660-699,<60%,28-36%,NY,Refinance,Investment,Single Family,Servicer_C,Current,0,0,0,0,,2022-06-01,Ellie Mae,Missing Items,Current,0,0,0,0,0,
LN0003983,3,2022-07,2022-04,3,357,50000.0,49816.94,4.938,660-699,<60%,28-36%,NY,Refinance,Investment,Single Family,Servicer_C,Current,0,0,0,0,,2022-07-01,Ellie Mae,Missing Items,Current,0,0,0,0,0,
LN0003983,4,2022-08,2022-04,4,356,50000.0,49755.42,4.938,660-699,<60%,28-36%,NY,Refinance,Investment,Single Family,Servicer_C,Current,0,0,0,0,,2022-08-01,Ellie Mae,Missing Items,Current,0,0,0,0,0,
LN0003983,5,2022-09,2022-04,5,355,50000.0,49693.64,4.938,660-699,<60%,28-36%,NY,Refinance,Investment,Single Family,Servicer_C,Current,0,0,0,0,,2022-09-01,Ellie Mae,Missing Items,Current,0,0,0,0,0,
LN0003983,6,2022-10,2022-04,6,354,50000.0,49631.61,4.938,660-699,<60%,28-36%,NY,Refinance,Investment,Single Family,Servicer_C,Current,0,0,0,0,,2022-10-01,Ellie Mae,Missing Items,Current,0,0,0,0,0,
LN0003983,7,2022-11,2022-04,7,353,50000.0,49569.33,4.938,660-699,<60%,28-36%,NY,Refinance,Investment,Single Family,Servicer_C,Current,0,0,0,0,,2022-11-01,Ellie Mae,Missing Items,Current,0,0,0,0,0,
LN0003983,8,2022-12,2022-04,8,352,50000.0,49506.78,4.938,660-699,<60%,28-36%,NY,Refinance,Investment,Single Family,Servicer_C,Current,0,0,0,0,,2022-12-01,Ellie Mae,Missing Items,Current,0,0,0,0,0,
LN0003992,1,2022-06,2022-05,1,359,52457.0,52394.2,5.02,740-779,80-90%,20-28%,FL,Cash-Out Refinance,Investment,Manufactured,Servicer_C,Current,0,0,0,0,,2022-06-01,Encompass,Under Exception,Current,0,0,0,0,0,
LN0003992,2,2022-07,2022-05,2,358,52457.0,52331.14,5.02,740-779,80-90%,20-28%,FL,Cash-Out Refinance,Investment,Manufactured,Servicer_C,Current,0,0,0,0,,2022-07-01,Encompass,Under Exception,Current,0,0,0,0,0,
LN0003992,3,2022-08,2022-05,3,357,52457.0,52267.82,5.02,740-779,80-90%,20-28%,FL,Cash-Out Refinance,Investment,Manufactured,Servicer_C,Current,0,0,0,0,,2022-08-01,Encompass,Under Exception,Current,0,0,0,0,0,
LN0003992,4,2022-09,2022-05,4,356,52457.0,52204.23,5.02,740-779,80-90%,20-28%,FL,Cash-Out Refinance,Investment,Manufactured,Servicer_C,Current,0,0,0,0,,2022-09-01,Encompass,Under Exception,Current,0,0,0,0,0,
LN0003992,5,2022-10,2022-05,5,355,52457.0,52140.38,5.02,740-779,80-90%,20-28%,FL,Cash-Out Refinance,Investment,Manufactured,Servicer_C,Current,0,0,0,0,,2022-10-01,Encompass,Under Exception,Current,0,0,0,0,0,
LN0003992,6,2022-11,2022-05,6,354,52457.0,52076.26,5.02,740-779,80-90%,20-28%,FL,Cash-Out Refinance,Investment,Manufactured,Servicer_C,Current,0,0,0,0,,2022-11-01,Encompass,Under Exception,Current,0,0,0,0,0,
LN0003992,7,2022-12,2022-05,7,353,52457.0,52011.87,5.02,740-779,80-90%,20-28%,FL,Cash-Out Refinance,Investment,Manufactured,Servicer_C,Current,0,0,0,0,,2022-12-01,Encompass,Under Exception,Current,0,0,0,0,0,
LN0004027,1,2022-02,2022-01,1,359,147522.0,147275.8,3.162,700-739,80-90%,20-28%,MI,Home Improvement,Primary,Single Family,Servicer_A,Current,0,0,0,0,,2022-02-01,Ellie Mae,Missing Items,Current,0,0,0,0,0,
LN0004027,2,2022-03,2022-01,2,358,147522.0,147028.95,3.162,700-739,80-90%,20-28%,MI,Home Improvement,Primary,Single Family,Servicer_A,Current,0,0,0,0,,2022-03-01,Ellie Mae,Missing Items,Current,0,0,0,0,0,
LN0004027,3,2022-04,2022-01,3,357,147522.0,146781.45,3.162,700-739,80-90%,20-28%,MI,Home Improvement,Primary,Single Family,Servicer_A,Current,0,0,0,0,,2022-04-01,Ellie Mae,Missing Items,Current,0,0,0,0,0,
LN0004027,4,2022-05,2022-01,4,356,147522.0,146533.3,3.162,700-739,80-90%,20-28%,MI,Home Improvement,Primary,Single Family,Servicer_A,Current,0,0,0,0,,2022-05-01,Ellie Mae,Missing Items,Current,0,0,0,0,0,
LN0004027,5,2022-06,2022-01,5,355,147522.0,146284.49,3.162,700-739,80-90%,20-28%,MI,Home Improvement,Primary,Single Family,Servicer_A,Current,0,0,0,0,,2022-06-01,Ellie Mae,Missing Items,Current,0,0,0,0,0,
LN0004027,6,2022-07,2022-01,6,354,147522.0,146035.03,3.162,700-739,80-90%,20-28%,MI,Home Improvement,Primary,Single Family,Servicer_A,Current,0,0,0,0,,2022-07-01,Ellie Mae,Missing Items,Current,0,0,0,0,0,
LN0004027,7,2022-08,2022-01,7,353,147522.0,145784.91,3.162,700-739,80-90%,20-28%,MI,Home Improvement,Primary,Single Family,Servicer_A,Current,0,0,0,0,,2022-08-01,Ellie Mae,Missing Items,Current,0,0,0,0,0,
LN0004027,8,2022-09,2022-01,8,352,147522.0,145534.13,3.162,700-739,80-90%,20-28%,MI,Home Improvement,Primary,Single Family,Servicer_A,Current,0,0,0,0,,2022-09-01,Ellie Mae,Missing Items,Current,0,0,0,0,0,
LN0004027,9,2022-10,2022-01,9,351,147522.0,145282.69,3.162,700-739,80-90%,20-28%,MI,Home Improvement,Primary,Single Family,Servicer_A,Current,0,0,0,0,,2022-10-01,Ellie Mae,Missing Items,Current,0,0,0,0,0,
LN0004027,10,2022-11,2022-01,10,350,147522.0,145030.59,3.162,700-739,80-90%,20-28%,MI,Home Improvement,Primary,Single Family,Servicer_A,Current,0,0,0,0,,2022-11-01,Ellie Mae,Missing Items,Current,0,0,0,0,0,
LN0004027,11,2022-12,2022-01,11,349,147522.0,144777.82,3.162,700-739,80-90%,20-28%,MI,Home Improvement,Primary,Single Family,Servicer_A,Current,0,0,0,0,,2022-12-01,Ellie Mae,Missing Items,Current,0,0,0,0,0,
LN0004035,1,2022-11,2022-10,1,239,312310.0,311598.68,5.567,740-779,70-80%,<20%,MI,Purchase,Primary,Single Family,Servicer_A,Current,0,0,0,0,,2022-11-01,Ellie Mae,Missing Items,Current,0,0,0,0,0,
LN0004035,2,2022-12,2022-10,2,238,312310.0,310884.06,5.567,740-779,70-80%,<20%,MI,Purchase,Primary,Single Family,Servicer_A,Current,0,0,0,0,,2022-12-01,Ellie Mae,Missing Items,Current,0,0,0,0,0,
LN0004053,1,2022-03,2022-02,1,359,151474.0,151297.78,5.174,740-779,70-80%,20-28%,WI,Refinance,Second Home,Single Family,Servicer_C,Current,0,0,0,0,,2022-03-01,CoreLogic,Complete,Current,0,0,0,0,0,
LN0004053,2,2022-04,2022-02,2,358,151474.0,151120.79,5.174,740-779,70-80%,20-28%,WI,Refinance,Second Home,Single Family,Servicer_C,Current,0,0,0,0,,2022-04-01,CoreLogic,Complete,Current,0,0,0,0,0,
LN0004053,3,2022-05,2022-02,3,357,151474.0,150943.05,5.174,740-779,70-80%,20-28%,WI,Refinance,Second Home,Single Family,Servicer_C,Current,0,0,0,0,,2022-05-01,CoreLogic,Complete,Current,0,0,0,0,0,
LN0004053,4,2022-06,2022-02,4,356,151474.0,150764.53,5.174,740-779,70-80%,20-28%,WI,Refinance,Second Home,Single Family,Servicer_C,Current,0,0,0,0,,2022-06-01,CoreLogic,Complete,Current,0,0,0,0,0,
LN0004053,5,2022-07,2022-02,5,355,151474.0,150585.25,5.174,740-779,70-80%,20-28%,WI,Refinance,Second Home,Single Family,Servicer_C,Current,0,0,0,0,,2022-07-01,CoreLogic,Complete,Current,0,0,0,0,0,
LN0004053,6,2022-08,2022-02,6,354,151474.0,150405.2,5.174,740-779,70-80%,20-28%,WI,Refinance,Second Home,Single Family,Servicer_C,Current,0,0,0,0,,2022-08-01,CoreLogic,Complete,Current,0,0,0,0,0,
LN0004053,7,2022-09,2022-02,7,353,151474.0,150224.36,5.174,740-779,70-80%,20-28%,WI,Refinance,Second Home,Single Family,Servicer_C,Current,0,0,0,0,,2022-09-01,CoreLogic,Complete,Current,0,0,0,0,0,
LN0004053,8,2022-10,2022-02,8,352,151474.0,150042.75,5.174,740-779,70-80%,20-28%,WI,Refinance,Second Home,Single Family,Servicer_C,Current,0,0,0,0,,2022-10-01,CoreLogic,Complete,Current,0,0,0,0,0,
LN0004053,9,2022-11,2022-02,9,351,151474.0,149860.36,5.174,740-779,70-80%,20-28%,WI,Refinance,Second Home,Single Family,Servicer_C,Current,0,0,0,0,,2022-11-01,CoreLogic,Complete,Current,0,0,0,0,0,
LN0004053,10,2022-12,2022-02,10,350,151474.0,149677.18,5.174,740-779,70-80%,20-28%,WI,Refinance,Second Home,Single Family,Servicer_C,Current,0,0,0,0,,2022-12-01,CoreLogic,Complete,Current,0,0,0,0,0,
LN0004104,1,2021-12,2021-11,1,359,153534.0,153368.87,5.593,700-739,80-90%,<20%,MA,Cash-Out Refinance,Primary,Single Family,Servicer_C,Current,0,0,0,0,,2021-12-01,Encompass,Under Exception,Current,0,0,0,0,0,
LN0004104,2,2022-01,2021-11,2,358,153534.0,153202.97,5.593,700-739,80-90%,<20%,MA,Cash-Out Refinance,Primary,Single Family,Servicer_C,Current,0,0,0,0,,2022-01-01,Encompass,Under Exception,Current,0,0,0,0,0,
LN0004104,3,2022-02,2021-11,3,357,153534.0,153036.29,5.593,700-739,80-90%,<20%,MA,Cash-Out Refinance,Primary,Single Family,Servicer_C,Current,0,0,0,0,,2022-02-01,Encompass,Under Exception,Current,0,0,0,0,0,
LN0004104,4,2022-03,2021-11,4,356,153534.0,152868.84,5.593,700-739,80-90%,<20%,MA,Cash-Out Refinance,Primary,Single Family,Servicer_C,Current,0,0,0,0,,2022-03-01,Encompass,Under Exception,Current,0,0,0,0,0,
LN0004104,5,2022-04,2021-11,5,355,153534.0,152700.61,5.593,700-739,80-90%,<20%,MA,Cash-Out Refinance,Primary,Single Family,Servicer_C,Current,0,0,0,0,,2022-04-01,Encompass,Under Exception,Current,0,0,0,0,0,
LN0004104,6,2022-05,2021-11,6,354,153534.0,152531.59,5.593,700-739,80-90%,<20%,MA,Cash-Out Refinance,Primary,Single Family,Servicer_C,Current,0,0,0,0,,2022-05-01,Encompass,Under Exception,Current,0,0,0,0,0,
LN0004104,7,2022-06,2021-11,7,353,153534.0,152361.78,5.593,700-739,80-90%,<20%,MA,Cash-Out Refinance,Primary,Single Family,Servicer_C,Current,0,0,0,0,,2022-06-01,Encompass,Under Exception,Current,0,0,0,0,0,
LN0004104,8,2022-07,2021-11,8,352,153534.0,152191.19,5.593,700-739,80-90%,<20%,MA,Cash-Out Refinance,Primary,Single Family,Servicer_C,Current,0,0,0,0,,2022-07-01,Encompass,Under Exception,Current,0,0,0,0,0,
LN0004104,9,2022-08,2021-11,9,351,153534.0,152019.8,5.593,700-739,80-90%,<20%,MA,Cash-Out Refinance,Primary,Single Family,Servicer_C,Current,0,0,0,0,,2022-08-01,Encompass,Under Exception,Current,0,0,0,0,0,
LN0004104,10,2022-09,2021-11,10,350,153534.0,151847.61,5.593,700-739,80-90%,<20%,MA,Cash-Out Refinance,Primary,Single Family,Servicer_C,Current,0,0,0,0,,2022-09-01,Encompass,Under Exception,Current,0,0,0,0,0,
LN0004104,11,2022-10,2021-11,11,349,153534.0,151674.61,5.593,700-739,80-90%,<20%,MA,Cash-Out Refinance,Primary,Single Family,Servicer_C,Current,0,0,0,0,,2022-10-01,Encompass,Under Exception,Current,0,0,0,0,0,
LN0004104,12,2022-11,2021-11,12,348,153534.0,151500.82,5.593,700-739,80-90%,<20%,MA,Cash-Out Refinance,Primary,Single Family,Servicer_C,Current,0,0,0,0,,2022-11-01,Encompass,Under Exception,Current,0,0,0,0,0,
LN0004104,13,2022-12,2021-11,13,347,153534.0,151326.21,5.593,700-739,80-90%,<20%,MA,Cash-Out Refinance,Primary,Single Family,Servicer_C,Current,0,0,0,0,,2022-12-01,Encompass,Under Exception,Current,0,0,0,0,0,
LN0004106,1,2021-05,2021-04,1,359,81957.0,81839.1,4.009,<620,80-90%,28-36%,IL,Purchase,Primary,Single Family,Servicer_E,Current,0,0,0,0,,2021-05-01,Black Knight,Pending Review,30-59 DPD,1,1,0,0,0,
LN0004106,2,2021-06,2021-04,2,358,81957.0,81720.81,4.009,<620,80-90%,28-36%,IL,Purchase,Primary,Single Family,Servicer_E,30-59 DPD,0,0,0,0,,2021-06-01,Black Knight,Pending Review,Current,0,0,0,0,0,
LN0004106,3,2021-07,2021-04,3,357,81957.0,81602.13,4.009,<620,80-90%,28-36%,IL,Purchase,Primary,Single Family,Servicer_E,Current,30,0,0,0,,2021-07-01,Black Knight,Pending Review,Current,0,0,0,0,0,
LN0004106,4,2021-08,2021-04,4,356,81957.0,81483.05,4.009,<620,80-90%,28-36%,IL,Purchase,Primary,Single Family,Servicer_E,Current,0,0,0,0,,2021-08-01,Black Knight,Pending Review,Current,0,0,0,0,0,
LN0004106,5,2021-09,2021-04,5,355,81957.0,81363.57,4.009,<620,80-90%,28-36%,IL,Purchase,Primary,Single Family,Servicer_E,Current,0,0,0,0,,2021-09-01,Black Knight,Pending Review,Current,0,0,0,0,0,
LN0004106,6,2021-10,2021-04,6,354,81957.0,81243.69,4.009,<620,80-90%,28-36%,IL,Purchase,Primary,Single Family,Servicer_E,Current,0,0,0,0,,2021-10-01,Black Knight,Pending Review,Current,0,0,0,0,0,
LN0004106,7,2021-11,2021-04,7,353,81957.0,81123.41,4.009,<620,80-90%,28-36%,IL,Purchase,Primary,Single Family,Servicer_E,Current,0,0,0,0,,2021-11-01,Black Knight,Pending Review,Current,0,0,0,0,0,
LN0004106,8,2021-12,2021-04,8,352,81957.0,81002.73,4.009,<620,80-90%,28-36%,IL,Purchase,Primary,Single Family,Servicer_E,Current,0,0,0,0,,2021-12-01,Black Knight,Pending Review,Current,0,0,0,0,0,
LN0004106,9,2022-01,2021-04,9,351,81957.0,80881.65,4.009,<620,80-90%,28-36%,IL,Purchase,Primary,Single Family,Servicer_E,Current,0,0,0,0,,2022-01-01,Black Knight,Pending Review,Current,0,0,0,0,0,
LN0004106,10,2022-02,2021-04,10,350,81957.0,80760.16,4.009,<620,80-90%,28-36%,IL,Purchase,Primary,Single Family,Servicer_E,Current,0,0,0,0,,2022-02-01,Black Knight,Pending Review,Current,0,0,1,0,0,
LN0004106,11,2022-03,2021-04,11,349,81957.0,80638.26,4.009,<620,80-90%,28-36%,IL,Purchase,Primary,Single Family,Servicer_E,Current,0,0,0,0,,2022-03-01,Black Knight,Pending Review,Current,0,0,1,0,0,
LN0004106,12,2022-04,2021-04,12,348,81957.0,80515.96,4.009,<620,80-90%,28-36%,IL,Purchase,Primary,Single Family,Servicer_E,Current,0,0,0,0,,2022-04-01,Black Knight,Pending Review,Current,0,0,1,0,0,
LN0004106,13,2022-05,2021-04,13,347,81957.0,80393.25,4.009,<620,80-90%,28-36%,IL,Purchase,Primary,Single Family,Servicer_E,Current,0,0,0,0,,2022-05-01,Black Knight,Pending Review,Current,0,0,1,0,0,
LN0004106,14,2022-06,2021-04,14,346,81957.0,80270.13,4.009,<620,80-90%,28-36%,IL,Purchase,Primary,Single Family,Servicer_E,Current,0,0,0,0,,2022-06-01,Black Knight,Pending Review,Current,0,0,1,0,0,
LN0004106,15,2022-07,2021-04,15,345,81957.0,80146.6,4.009,<620,80-90%,28-36%,IL,Purchase,Primary,Single Family,Servicer_E,Current,0,0,0,0,,2022-07-01,Black Knight,Pending Review,Current,0,0,1,0,0,
LN0004106,16,2022-08,2021-04,16,344,81957.0,80022.66,4.009,<620,80-90%,28-36%,IL,Purchase,Primary,Single Family,Servicer_E,Current,0,0,0,0,,2022-08-01,Black Knight,Pending Review,Current,0,1,1,0,0,
LN0004106,17,2022-09,2021-04,17,343,81957.0,79898.3,4.009,<620,80-90%,28-36%,IL,Purchase,Primary,Single Family,Servicer_E,Current,0,0,0,0,,2022-09-01,Black Knight,Pending Review,Current,0,1,1,0,0,
LN0004106,18,2022-10,2021-04,18,342,81957.0,79773.52,4.009,<620,80-90%,28-36%,IL,Purchase,Primary,Single Family,Servicer_E,Current,0,0,0,0,,2022-10-01,Black Knight,Pending Review,Current,0,1,1,0,0,
LN0004106,19,2022-11,2021-04,19,341,81957.0,79648.33,4.009,<620,80-90%,28-36%,IL,Purchase,Primary,Single Family,Servicer_E,Current,0,0,0,0,,2022-11-01,Black Knight,Pending Review,Current,1,1,1,0,0,
LN0004106,20,2022-12,2021-04,20,340,81957.0,79522.72,4.009,<620,80-90%,28-36%,IL,Purchase,Primary,Single Family,Servicer_E,Current,0,0,0,0,,2022-12-01,Black Knight,Pending Review,Current,1,1,1,0,0,
LN0004110,1,2022-03,2022-02,1,359,170530.0,170354.81,5.835,620-659,70-80%,28-36%,IL,Refinance,Primary,Manufactured,Servicer_D,Current,0,0,0,0,,2022-03-01,Black Knight,Pending Review,Current,0,0,0,0,0,
LN0004110,2,2022-04,2022-02,2,358,170530.0,170178.76,5.835,620-659,70-80%,28-36%,IL,Refinance,Primary,Manufactured,Servicer_D,Current,0,0,0,0,,2022-04-01,Black Knight,Pending Review,Current,0,0,0,0,0,
LN0004110,3,2022-05,2022-02,3,357,170530.0,170001.86,5.835,620-659,70-80%,28-36%,IL,Refinance,Primary,Manufactured,Servicer_D,Current,0,0,0,0,,2022-05-01,Black Knight,Pending Review,Current,0,0,0,0,0,
LN0004110,4,2022-06,2022-02,4,356,170530.0,169824.1,5.835,620-659,70-80%,28-36%,IL,Refinance,Primary,Manufactured,Servicer_D,Current,0,0,0,0,,2022-06-01,Black Knight,Pending Review,Current,0,0,0,0,0,
LN0004110,5,2022-07,2022-02,5,355,170530.0,169645.48,5.835,620-659,70-80%,28-36%,IL,Refinance,Primary,Manufactured,Servicer_D,Current,0,0,0,0,,2022-07-01,Black Knight,Pending Review,Current,0,0,0,0,0,
LN0004110,6,2022-08,2022-02,6,354,170530.0,169465.99,5.835,620-659,70-80%,28-36%,IL,Refinance,Primary,Manufactured,Servicer_D,Current,0,0,0,0,,2022-08-01,Black Knight,Pending Review,Current,0,0,0,0,0,
LN0004110,7,2022-09,2022-02,7,353,170530.0,169285.62,5.835,620-659,70-80%,28-36%,IL,Refinance,Primary,Manufactured,Servicer_D,Current,0,0,0,0,,2022-09-01,Black Knight,Pending Review,Current,0,0,0,0,0,
LN0004110,8,2022-10,2022-02,8,352,170530.0,169104.38,5.835,620-659,70-80%,28-36%,IL,Refinance,Primary,Manufactured,Servicer_D,Current,0,0,0,0,,2022-10-01,Black Knight,Pending Review,Current,0,0,0,0,0,
LN0004110,9,2022-11,2022-02,9,351,170530.0,168922.26,5.835,620-659,70-80%,28-36%,IL,Refinance,Primary,Manufactured,Servicer_D,Current,0,0,0,0,,2022-11-01,Black Knight,Pending Review,Current,0,0,0,0,0,
LN0004110,10,2022-12,2022-02,10,350,170530.0,168739.25,5.835,620-659,70-80%,28-36%,IL,Refinance,Primary,Manufactured,Servicer_D,Current,0,0,0,0,,2022-12-01,Black Knight,Pending Review,Current,0,0,0,0,0,
LN0004124,1,2021-01,2020-12,1,359,169587.0,169358.11,4.364,700-739,60-70%,28-36%,CA,Cash-Out Refinance,Primary,Manufactured,Servicer_A,Current,0,0,0,0,,2021-01-01,Encompass,Under Exception,Current,0,0,0,0,0,
LN0004124,2,2021-02,2020-12,2,358,169587.0,169128.38,4.364,700-739,60-70%,28-36%,CA,Cash-Out Refinance,Primary,Manufactured,Servicer_A,Current,0,0,0,0,,2021-02-01,Encompass,Under Exception,Current,0,0,0,0,0,
LN0004124,3,2021-03,2020-12,3,357,169587.0,168897.83,4.364,700-739,60-70%,28-36%,CA,Cash-Out Refinance,Primary,Manufactured,Servicer_A,Current,0,0,0,0,,2021-03-01,Encompass,Under Exception,Current,0,0,0,0,0,
LN0004124,4,2021-04,2020-12,4,356,169587.0,168666.43,4.364,700-739,60-70%,28-36%,CA,Cash-Out Refinance,Primary,Manufactured,Servicer_A,Current,0,0,0,0,,2021-04-01,Encompass,Under Exception,Current,0,0,0,0,0,
LN0004124,5,2021-05,2020-12,5,355,169587.0,168434.19,4.364,700-739,60-70%,28-36%,CA,Cash-Out Refinance,Primary,Manufactured,Servicer_A,Current,0,0,0,0,,2021-05-01,Encompass,Under Exception,Current,0,0,0,0,0,
LN0004124,6,2021-06,2020-12,6,354,169587.0,168201.1,4.364,700-739,60-70%,28-36%,CA,Cash-Out Refinance,Primary,Manufactured,Servicer_A,Current,0,0,0,0,,2021-06-01,Encompass,Under Exception,Current,0,0,0,0,0,
LN0004124,7,2021-07,2020-12,7,353,169587.0,167967.17,4.364,700-739,60-70%,28-36%,CA,Cash-Out Refinance,Primary,Manufactured,Servicer_A,Current,0,0,0,0,,2021-07-01,Encompass,Under Exception,Current,0,0,0,0,0,
LN0004124,8,2021-08,2020-12,8,352,169587.0,167732.39,4.364,700-739,60-70%,28-36%,CA,Cash-Out Refinance,Primary,Manufactured,Servicer_A,Current,0,0,0,0,,2021-08-01,Encompass,Under Exception,Current,0,0,0,0,0,
LN0004124,9,2021-09,2020-12,9,351,169587.0,167496.75,4.364,700-739,60-70%,28-36%,CA,Cash-Out Refinance,Primary,Manufactured,Servicer_A,Current,0,0,0,0,,2021-09-01,Encompass,Under Exception,Current,0,0,0,0,0,
LN0004124,10,2021-10,2020-12,10,350,169587.0,167260.26,4.364,700-739,60-70%,28-36%,CA,Cash-Out Refinance,Primary,Manufactured,Servicer_A,Current,0,0,0,0,,2021-10-01,Encompass,Under Exception,Current,0,0,0,0,0,
LN0004124,11,2021-11,2020-12,11,349,169587.0,167022.91,4.364,700-739,60-70%,28-36%,CA,Cash-Out Refinance,Primary,Manufactured,Servicer_A,Current,0,0,0,0,,2021-11-01,Encompass,Under Exception,Current,0,0,0,0,0,
LN0004124,12,2021-12,2020-12,12,348,169587.0,166784.69,4.364,700-739,60-70%,28-36%,CA,Cash-Out Refinance,Primary,Manufactured,Servicer_A,Current,0,0,0,0,,2021-12-01,Encompass,Under Exception,Current,0,0,0,0,0,
LN0004124,13,2022-01,2020-12,13,347,169587.0,166545.61,4.364,700-739,60-70%,28-36%,CA,Cash-Out Refinance,Primary,Manufactured,Servicer_A,Current,0,0,0,0,,2022-01-01,Encompass,Under Exception,Current,0,0,0,0,0,
LN0004124,14,2022-02,2020-12,14,346,169587.0,166305.66,4.364,700-739,60-70%,28-36%,CA,Cash-Out Refinance,Primary,Manufactured,Servicer_A,Current,0,0,0,0,,2022-02-01,Encompass,Under Exception,Current,0,0,0,0,0,
LN0004124,15,2022-03,2020-12,15,345,169587.0,166064.83,4.364,700-739,60-70%,28-36%,CA,Cash-Out Refinance,Primary,Manufactured,Servicer_A,Current,0,0,0,0,,2022-03-01,Encompass,Under Exception,Current,0,0,0,0,0,
LN0004124,16,2022-04,2020-12,16,344,169587.0,165823.13,4.364,700-739,60-70%,28-36%,CA,Cash-Out Refinance,Primary,Manufactured,Servicer_A,Current,0,0,0,0,,2022-04-01,Encompass,Under Exception,Current,0,0,0,0,0,
LN0004124,17,2022-05,2020-12,17,343,169587.0,165580.55,4.364,700-739,60-70%,28-36%,CA,Cash-Out Refinance,Primary,Manufactured,Servicer_A,Current,0,0,0,0,,2022-05-01,Encompass,Under Exception,Current,0,0,0,0,0,
LN0004124,18,2022-06,2020-12,18,342,169587.0,165337.09,4.364,700-739,60-70%,28-36%,CA,Cash-Out Refinance,Primary,Manufactured,Servicer_A,Current,0,0,0,0,,2022-06-01,Encompass,Under Exception,Current,0,0,0,0,0,
LN0004124,19,2022-07,2020-12,19,341,169587.0,165092.74,4.364,700-739,60-70%,28-36%,CA,Cash-Out Refinance,Primary,Manufactured,Servicer_A,Current,0,0,0,0,,2022-07-01,Encompass,Under Exception,Current,0,0,0,0,0,
LN0004124,20,2022-08,2020-12,20,340,169587.0,164847.51,4.364,700-739,60-70%,28-36%,CA,Cash-Out Refinance,Primary,Manufactured,Servicer_A,Current,0,0,0,0,,2022-08-01,Encompass,Under Exception,Current,0,0,0,0,0,
LN0004124,21,2022-09,2020-12,21,339,169587.0,164601.38,4.364,700-739,60-70%,28-36%,CA,Cash-Out Refinance,Primary,Manufactured,Servicer_A,Current,0,0,0,0,,2022-09-01,Encompass,Under Exception,Current,0,0,0,0,0,
LN0004124,22,2022-10,2020-12,22,338,169587.0,164354.36,4.364,700-739,60-70%,28-36%,CA,Cash-Out Refinance,Primary,Manufactured,Servicer_A,Current,0,0,0,0,,2022-10-01,Encompass,Under Exception,Current,0,0,0,0,0,
LN0004124,23,2022-11,2020-12,23,337,169587.0,164106.44,4.364,700-739,60-70%,28-36%,CA,Cash-Out Refinance,Primary,Manufactured,Servicer_A,Current,0,0,0,0,,2022-11-01,Encompass,Under Exception,Current,0,0,0,0,0,
LN0004124,24,2022-12,2020-12,24,336,169587.0,163857.61,4.364,700-739,60-70%,28-36%,CA,Cash-Out Refinance,Primary,Manufactured,Servicer_A,Current,0,0,0,0,,2022-12-01,Encompass,Under Exception,Current,0,0,0,0,0,
LN0004135,1,2021-03,2021-02,1,359,226451.0,225991.41,2.0,620-659,80-90%,36-43%,NJ,Cash-Out Refinance,Primary,Multi-Family,Servicer_A,Current,0,0,0,0,,2021-03-01,Ellie Mae,Missing Items,Current,0,1,0,0,0,
LN0004135,2,2021-04,2021-02,2,358,226451.0,225531.06,2.0,620-659,80-90%,36-43%,NJ,Cash-Out Refinance,Primary,Multi-Family,Servicer_A,Current,0,0,0,0,,2021-04-01,Ellie Mae,Missing Items,Current,0,1,0,0,0,
LN0004135,3,2021-05,2021-02,3,357,226451.0,225069.93,2.0,620-659,80-90%,36-43%,NJ,Cash-Out Refinance,Primary,Multi-Family,Servicer_A,Current,0,0,0,0,,2021-05-01,Ellie Mae,Missing Items,Current,1,1,0,0,0,
LN0004135,4,2021-06,2021-02,4,356,226451.0,224608.04,2.0,620-659,80-90%,36-43%,NJ,Cash-Out Refinance,Primary,Multi-Family,Servicer_A,Current,0,0,0,0,,2021-06-01,Ellie Mae,Missing Items,Current,1,1,0,0,0,
LN0004135,5,2021-07,2021-02,5,355,226451.0,224145.38,2.0,620-659,80-90%,36-43%,NJ,Cash-Out Refinance,Primary,Multi-Family,Servicer_A,Current,0,0,0,0,,2021-07-01,Ellie Mae,Missing Items,30-59 DPD,1,1,0,0,0,
LN0004135,6,2021-08,2021-02,6,354,226451.0,223681.95,2.0,620-659,80-90%,36-43%,NJ,Cash-Out Refinance,Primary,Multi-Family,Servicer_A,30-59 DPD,0,0,0,0,,2021-08-01,Ellie Mae,Missing Items,60-89 DPD,1,1,0,0,0,
LN0004135,7,2021-09,2021-02,7,353,226451.0,223217.75,2.0,620-659,80-90%,36-43%,NJ,Cash-Out Refinance,Primary,Multi-Family,Servicer_A,60-89 DPD,30,0,0,0,,2021-09-01,Ellie Mae,Missing Items,Current,0,0,0,0,0,
LN0004135,8,2021-10,2021-02,8,352,226451.0,222752.77,2.0,620-659,80-90%,36-43%,NJ,Cash-Out Refinance,Primary,Multi-Family,Servicer_A,Current,60,0,0,0,,2021-10-01,Ellie Mae,Missing Items,Current,0,0,0,0,0,
LN0004135,9,2021-11,2021-02,9,351,226451.0,222287.02,2.0,620-659,80-90%,36-43%,NJ,Cash-Out Refinance,Primary,Multi-Family,Servicer_A,Current,0,0,0,0,,2021-11-01,Ellie Mae,Missing Items,Current,0,0,0,0,0,
LN0004135,10,2021-12,2021-02,10,350,226451.0,221820.49,2.0,620-659,80-90%,36-43%,NJ,Cash-Out Refinance,Primary,Multi-Family,Servicer_A,Current,0,0,0,0,,2021-12-01,Ellie Mae,Missing Items,Current,0,0,0,0,0,
LN0004135,11,2022-01,2021-02,11,349,226451.0,221353.18,2.0,620-659,80-90%,36-43%,NJ,Cash-Out Refinance,Primary,Multi-Family,Servicer_A,Current,0,0,0,0,,2022-01-01,Ellie Mae,Missing Items,Current,0,0,0,0,0,
LN0004135,12,2022-02,2021-02,12,348,226451.0,220885.1,2.0,620-659,80-90%,36-43%,NJ,Cash-Out Refinance,Primary,Multi-Family,Servicer_A,Current,0,0,0,0,,2022-02-01,Ellie Mae,Missing Items,Current,0,0,0,0,0,
LN0004135,13,2022-03,2021-02,13,347,226451.0,220416.23,2.0,620-659,80-90%,36-43%,NJ,Cash-Out Refinance,Primary,Multi-Family,Servicer_A,Current,0,0,0,0,,2022-03-01,Ellie Mae,Missing Items,Current,0,0,0,0,0,
LN0004135,14,2022-04,2021-02,14,346,226451.0,219946.59,2.0,620-659,80-90%,36-43%,NJ,Cash-Out Refinance,Primary,Multi-Family,Servicer_A,Current,0,0,0,0,,2022-04-01,Ellie Mae,Missing Items,Current,0,0,0,0,0,
LN0004135,15,2022-05,2021-02,15,345,226451.0,219476.16,2.0,620-659,80-90%,36-43%,NJ,Cash-Out Refinance,Primary,Multi-Family,Servicer_A,Current,0,0,0,0,,2022-05-01,Ellie Mae,Missing Items,Current,0,0,0,0,0,
LN0004135,16,2022-06,2021-02,16,344,226451.0,219004.94,2.0,620-659,80-90%,36-43%,NJ,Cash-Out Refinance,Primary,Multi-Family,Servicer_A,Current,0,0,0,0,,2022-06-01,Ellie Mae,Missing Items,Current,0,0,0,0,0,
LN0004135,17,2022-07,2021-02,17,343,226451.0,218532.95,2.0,620-659,80-90%,36-43%,NJ,Cash-Out Refinance,Primary,Multi-Family,Servicer_A,Current,0,0,0,0,,2022-07-01,Ellie Mae,Missing Items,Current,0,0,0,0,0,
LN0004135,18,2022-08,2021-02,18,342,226451.0,218060.16,2.0,620-659,80-90%,36-43%,NJ,Cash-Out Refinance,Primary,Multi-Family,Servicer_A,Current,0,0,0,0,,2022-08-01,Ellie Mae,Missing Items,Current,0,0,0,0,0,
LN0004135,19,2022-09,2021-02,19,341,226451.0,217586.59,2.0,620-659,80-90%,36-43%,NJ,Cash-Out Refinance,Primary,Multi-Family,Servicer_A,Current,0,0,0,0,,2022-09-01,Ellie Mae,Missing Items,Current,0,0,0,0,0,
LN0004135,20,2022-10,2021-02,20,340,226451.0,217112.22,2.0,620-659,80-90%,36-43%,NJ,Cash-Out Refinance,Primary,Multi-Family,Servicer_A,Current,0,0,0,0,,2022-10-01,Ellie Mae,Missing Items,Current,0,0,0,0,0,
LN0004135,21,2022-11,2021-02,21,339,226451.0,216637.07,2.0,620-659,80-90%,36-43%,NJ,Cash-Out Refinance,Primary,Multi-Family,Servicer_A,Current,0,0,0,0,,2022-11-01,Ellie Mae,Missing Items,Current,0,0,0,0,0,
LN0004135,22,2022-12,2021-02,22,338,226451.0,216161.13,2.0,620-659,80-90%,36-43%,NJ,Cash-Out Refinance,Primary,Multi-Family,Servicer_A,Current,0,0,0,0,,2022-12-01,Ellie Mae,Missing Items,Current,0,0,0,0,0,
LN0004162,1,2020-09,2020-08,1,359,143064.0,142850.15,3.793,620-659,60-70%,>43%,NY,Refinance,Investment,Single Family,Servicer_E,Current,0,0,0,0,,2020-09-01,Black Knight,Pending Review,Current,0,0,0,0,0,
LN0004162,2,2020-10,2020-08,2,358,143064.0,142635.63,3.793,620-659,60-70%,>43%,NY,Refinance,Investment,Single Family,Servicer_E,Current,0,0,0,0,,2020-10-01,Black Knight,Pending Review,Current,0,0,0,0,0,
LN0004162,3,2020-11,2020-08,3,357,143064.0,142420.43,3.793,620-659,60-70%,>43%,NY,Refinance,Investment,Single Family,Servicer_E,Current,0,0,0,0,,2020-11-01,Black Knight,Pending Review,Current,0,0,0,0,0,
LN0004162,4,2020-12,2020-08,4,356,143064.0,142204.55,3.793,620-659,60-70%,>43%,NY,Refinance,Investment,Single Family,Servicer_E,Current,0,0,0,0,,2020-12-01,Black Knight,Pending Review,Current,0,0,0,0,0,
LN0004162,5,2021-01,2020-08,5,355,143064.0,141987.99,3.793,620-659,60-70%,>43%,NY,Refinance,Investment,Single Family,Servicer_E,Current,0,0,0,0,,2021-01-01,Black Knight,Pending Review,Current,0,0,0,0,0,
LN0004162,6,2021-02,2020-08,6,354,143064.0,141770.74,3.793,620-659,60-70%,>43%,NY,Refinance,Investment,Single Family,Servicer_E,Current,0,0,0,0,,2021-02-01,Black Knight,Pending Review,Current,0,0,0,0,0,
LN0004162,7,2021-03,2020-08,7,353,143064.0,141552.81,3.793,620-659,60-70%,>43%,NY,Refinance,Investment,Single Family,Servicer_E,Current,0,0,0,0,,2021-03-01,Black Knight,Pending Review,Current,0,0,0,0,0,
LN0004162,8,2021-04,2020-08,8,352,143064.0,141334.19,3.793,620-659,60-70%,>43%,NY,Refinance,Investment,Single Family,Servicer_E,Current,0,0,0,0,,2021-04-01,Black Knight,Pending Review,Current,0,0,0,0,0,
LN0004162,9,2021-05,2020-08,9,351,143064.0,141114.87,3.793,620-659,60-70%,>43%,NY,Refinance,Investment,Single Family,Servicer_E,Current,0,0,0,0,,2021-05-01,Black Knight,Pending Review,Current,0,0,0,0,0,
LN0004162,10,2021-06,2020-08,10,350,143064.0,140894.87,3.793,620-659,60-70%,>43%,NY,Refinance,Investment,Single Family,Servicer_E,Current,0,0,0,0,,2021-06-01,Black Knight,Pending Review,Current,0,0,0,0,0,
LN0004162,11,2021-07,2020-08,11,349,143064.0,140674.17,3.793,620-659,60-70%,>43%,NY,Refinance,Investment,Single Family,Servicer_E,Current,0,0,0,0,,2021-07-01,Black Knight,Pending Review,Current,0,0,0,0,0,
LN0004162,12,2021-08,2020-08,12,348,143064.0,140452.77,3.793,620-659,60-70%,>43%,NY,Refinance,Investment,Single Family,Servicer_E,Current,0,0,0,0,,2021-08-01,Black Knight,Pending Review,Current,0,0,0,0,0,
LN0004162,13,2021-09,2020-08,13,347,143064.0,140230.67,3.793,620-659,60-70%,>43%,NY,Refinance,Investment,Single Family,Servicer_E,Current,0,0,0,0,,2021-09-01,Black Knight,Pending Review,Current,0,0,0,0,0,
LN0004162,14,2021-10,2020-08,14,346,143064.0,140007.86,3.793,620-659,60-70%,>43%,NY,Refinance,Investment,Single Family,Servicer_E,Current,0,0,0,0,,2021-10-01,Black Knight,Pending Review,Current,0,0,0,0,0,
LN0004162,15,2021-11,2020-08,15,345,143064.0,139784.36,3.793,620-659,60-70%,>43%,NY,Refinance,Investment,Single Family,Servicer_E,Current,0,0,0,0,,2021-11-01,Black Knight,Pending Review,Current,0,0,0,0,0,
LN0004162,16,2021-12,2020-08,16,344,143064.0,139560.15,3.793,620-659,60-70%,>43%,NY,Refinance,Investment,Single Family,Servicer_E,Current,0,0,0,0,,2021-12-01,Black Knight,Pending Review,Current,0,0,0,0,0,
LN0004162,17,2022-01,2020-08,17,343,143064.0,139335.23,3.793,620-659,60-70%,>43%,NY,Refinance,Investment,Single Family,Servicer_E,Current,0,0,0,0,,2022-01-01,Black Knight,Pending Review,Current,0,0,0,0,0,
LN0004162,18,2022-02,2020-08,18,342,143064.0,139109.59,3.793,620-659,60-70%,>43%,NY,Refinance,Investment,Single Family,Servicer_E,Current,0,0,0,0,,2022-02-01,Black Knight,Pending Review,Current,0,0,0,0,0,
LN0004162,19,2022-03,2020-08,19,341,143064.0,138883.25,3.793,620-659,60-70%,>43%,NY,Refinance,Investment,Single Family,Servicer_E,Current,0,0,0,0,,2022-03-01,Black Knight,Pending Review,Current,0,0,0,0,0,
LN0004162,20,2022-04,2020-08,20,340,143064.0,138656.19,3.793,620-659,60-70%,>43%,NY,Refinance,Investment,Single Family,Servicer_E,Current,0,0,0,0,,2022-04-01,Black Knight,Pending Review,Current,0,0,0,0,0,
LN0004162,21,2022-05,2020-08,21,339,143064.0,138428.41,3.793,620-659,60-70%,>43%,NY,Refinance,Investment,Single Family,Servicer_E,Current,0,0,0,0,,2022-05-01,Black Knight,Pending Review,Current,0,0,0,0,0,
LN0004162,22,2022-06,2020-08,22,338,143064.0,138199.91,3.793,620-659,60-70%,>43%,NY,Refinance,Investment,Single Family,Servicer_E,Current,0,0,0,0,,2022-06-01,Black Knight,Pending Review,Current,0,0,0,0,0,
LN0004162,23,2022-07,2020-08,23,337,143064.0,137970.69,3.793,620-659,60-70%,>43%,NY,Refinance,Investment,Single Family,Servicer_E,Current,0,0,0,0,,2022-07-01,Black Knight,Pending Review,Current,0,0,0,0,0,
LN0004162,24,2022-08,2020-08,24,336,143064.0,137740.75,3.793,620-659,60-70%,>43%,NY,Refinance,Investment,Single Family,Servicer_E,Current,0,0,0,0,,2022-08-01,Black Knight,Pending Review,Current,0,0,0,0,0,
LN0004162,25,2022-09,2020-08,25,335,143064.0,137510.08,3.793,620-659,60-70%,>43%,NY,Refinance,Investment,Single Family,Servicer_E,Current,0,0,0,0,,2022-09-01,Black Knight,Pending Review,Current,0,0,0,0,0,
LN0004162,26,2022-10,2020-08,26,334,143064.0,137278.67,3.793,620-659,60-70%,>43%,NY,Refinance,Investment,Single Family,Servicer_E,Current,0,0,0,0,,2022-10-01,Black Knight,Pending Review,Current,0,0,0,0,0,
LN0004162,27,2022-11,2020-08,27,333,143064.0,137046.54,3.793,620-659,60-70%,>43%,NY,Refinance,Investment,Single Family,Servicer_E,Current,0,0,0,0,,2022-11-01,Black Knight,Pending Review,Current,0,0,0,0,0,
LN0004162,28,2022-12,2020-08,28,332,143064.0,136813.68,3.793,620-659,60-70%,>43%,NY,Refinance,Investment,Single Family,Servicer_E,Current,0,0,0,0,,2022-12-01,Black Knight,Pending Review,Current,0,0,0,0,0,
LN0004190,1,2021-12,2021-11,1,179,227101.0,226231.17,4.718,740-779,90-95%,28-36%,TN,Purchase,Primary,Single Family,Servicer_D,Current,0,0,0,0,,2021-12-01,Black Knight,Pending Review,Current,0,0,0,0,0,
LN0004190,2,2022-01,2021-11,2,178,227101.0,225357.92,4.718,740-779,90-95%,28-36%,TN,Purchase,Primary,Single Family,Servicer_D,Current,0,0,0,0,,2022-01-01,Black Knight,Pending Review,Current,0,0,0,0,0,
LN0004190,3,2022-02,2021-11,3,177,227101.0,224481.23,4.718,740-779,90-95%,28-36%,TN,Purchase,Primary,Single Family,Servicer_D,Current,0,0,0,0,,2022-02-01,Black Knight,Pending Review,Current,0,0,0,0,0,
LN0004190,4,2022-03,2021-11,4,176,227101.0,223601.1,4.718,740-779,90-95%,28-36%,TN,Purchase,Primary,Single Family,Servicer_D,Current,0,0,0,0,,2022-03-01,Black Knight,Pending Review,Current,0,0,0,0,0,
LN0004190,5,2022-04,2021-11,5,175,227101.0,222717.51,4.718,740-779,90-95%,28-36%,TN,Purchase,Primary,Single Family,Servicer_D,Current,0,0,0,0,,2022-04-01,Black Knight,Pending Review,Current,0,0,0,0,0,
LN0004190,6,2022-05,2021-11,6,174,227101.0,221830.45,4.718,740-779,90-95%,28-36%,TN,Purchase,Primary,Single Family,Servicer_D,Current,0,0,0,0,,2022-05-01,Black Knight,Pending Review,Current,0,0,0,0,0,
LN0004190,7,2022-06,2021-11,7,173,227101.0,220939.89,4.718,740-779,90-95%,28-36%,TN,Purchase,Primary,Single Family,Servicer_D,Current,0,0,0,0,,2022-06-01,Black Knight,Pending Review,Current,0,0,0,0,0,
LN0004190,8,2022-07,2021-11,8,172,227101.0,220045.84,4.718,740-779,90-95%,28-36%,TN,Purchase,Primary,Single Family,Servicer_D,Current,0,0,0,0,,2022-07-01,Black Knight,Pending Review,Current,0,0,0,0,0,
LN0004190,9,2022-08,2021-11,9,171,227101.0,219148.27,4.718,740-779,90-95%,28-36%,TN,Purchase,Primary,Single Family,Servicer_D,Current,0,0,0,0,,2022-08-01,Black Knight,Pending Review,Current,0,0,0,0,0,
LN0004190,10,2022-09,2021-11,10,170,227101.0,218247.17,4.718,740-779,90-95%,28-36%,TN,Purchase,Primary,Single Family,Servicer_D,Current,0,0,0,0,,2022-09-01,Black Knight,Pending Review,Current,0,0,0,0,0,
LN0004190,11,2022-10,2021-11,11,169,227101.0,217342.53,4.718,740-779,90-95%,28-36%,TN,Purchase,Primary,Single Family,Servicer_D,Current,0,0,0,0,,2022-10-01,Black Knight,Pending Review,Current,0,0,0,0,0,
LN0004190,12,2022-11,2021-11,12,168,227101.0,216434.33,4.718,740-779,90-95%,28-36%,TN,Purchase,Primary,Single Family,Servicer_D,Current,0,0,0,0,,2022-11-01,Black Knight,Pending Review,Current,0,0,0,0,0,
LN0004190,13,2022-12,2021-11,13,167,227101.0,215522.56,4.718,740-779,90-95%,28-36%,TN,Purchase,Primary,Single Family,Servicer_D,Current,0,0,0,0,,2022-12-01,Black Knight,Pending Review,Current,0,0,0,0,0,
LN0004197,1,2022-01,2021-12,1,359,277313.0,276918.83,4.076,780+,90-95%,20-28%,WA,Cash-Out Refinance,Primary,Single Family,Servicer_D,Current,0,0,0,0,,2022-01-01,CoreLogic,Complete,Current,0,0,0,0,0,
LN0004197,2,2022-02,2021-12,2,358,277313.0,276523.31,4.076,780+,90-95%,20-28%,WA,Cash-Out Refinance,Primary,Single Family,Servicer_D,Current,0,0,0,0,,2022-02-01,CoreLogic,Complete,Current,0,0,0,0,0,
LN0004197,3,2022-03,2021-12,3,357,277313.0,276126.46,4.076,780+,90-95%,20-28%,WA,Cash-Out Refinance,Primary,Single Family,Servicer_D,Current,0,0,0,0,,2022-03-01,CoreLogic,Complete,Current,0,0,0,0,0,
LN0004197,4,2022-04,2021-12,4,356,277313.0,275728.25,4.076,780+,90-95%,20-28%,WA,Cash-Out Refinance,Primary,Single Family,Servicer_D,Current,0,0,0,0,,2022-04-01,CoreLogic,Complete,Current,0,0,0,0,0,
LN0004197,5,2022-05,2021-12,5,355,277313.0,275328.7,4.076,780+,90-95%,20-28%,WA,Cash-Out Refinance,Primary,Single Family,Servicer_D,Current,0,0,0,0,,2022-05-01,CoreLogic,Complete,Current,0,0,0,0,0,
LN0004197,6,2022-06,2021-12,6,354,277313.0,274927.78,4.076,780+,90-95%,20-28%,WA,Cash-Out Refinance,Primary,Single Family,Servicer_D,Current,0,0,0,0,,2022-06-01,CoreLogic,Complete,Current,0,0,0,0,0,
LN0004197,7,2022-07,2021-12,7,353,277313.0,274525.51,4.076,780+,90-95%,20-28%,WA,Cash-Out Refinance,Primary,Single Family,Servicer_D,Current,0,0,0,0,,2022-07-01,CoreLogic,Complete,Current,0,0,0,0,0,
LN0004197,8,2022-08,2021-12,8,352,277313.0,274121.86,4.076,780+,90-95%,20-28%,WA,Cash-Out Refinance,Primary,Single Family,Servicer_D,Current,0,0,0,0,,2022-08-01,CoreLogic,Complete,Current,0,0,0,0,0,
LN0004197,9,2022-09,2021-12,9,351,277313.0,273716.85,4.076,780+,90-95%,20-28%,WA,Cash-Out Refinance,Primary,Single Family,Servicer_D,Current,0,0,0,0,,2022-09-01,CoreLogic,Complete,Current,0,0,0,0,0,
LN0004197,10,2022-10,2021-12,10,350,277313.0,273310.46,4.076,780+,90-95%,20-28%,WA,Cash-Out Refinance,Primary,Single Family,Servicer_D,Current,0,0,0,0,,2022-10-01,CoreLogic,Complete,Current,0,0,0,0,0,
LN0004197,11,2022-11,2021-12,11,349,277313.0,272902.69,4.076,780+,90-95%,20-28%,WA,Cash-Out Refinance,Primary,Single Family,Servicer_D,Current,0,0,0,0,,2022-11-01,CoreLogic,Complete,Current,0,0,0,0,0,
LN0004197,12,2022-12,2021-12,12,348,277313.0,272493.54,4.076,780+,90-95%,20-28%,WA,Cash-Out Refinance,Primary,Single Family,Servicer_D,Current,0,0,0,0,,2022-12-01,CoreLogic,Complete,Current,0,0,0,0,0,
LN0004207,1,2021-10,2021-09,1,359,568544.0,567644.38,3.469,740-779,70-80%,36-43%,GA,Purchase,Primary,Single Family,Servicer_C,Current,0,0,0,0,,2021-10-01,Ellie Mae,Missing Items,Current,0,0,0,0,0,
LN0004207,2,2021-11,2021-09,2,358,568544.0,566742.15,3.469,740-779,70-80%,36-43%,GA,Purchase,Primary,Single Family,Servicer_C,Current,0,0,0,0,,2021-11-01,Ellie Mae,Missing Items,Current,0,0,0,0,0,
LN0004207,3,2021-12,2021-09,3,357,568544.0,565837.32,3.469,740-779,70-80%,36-43%,GA,Purchase,Primary,Single Family,Servicer_C,Current,0,0,0,0,,2021-12-01,Ellie Mae,Missing Items,Current,0,0,0,0,0,
LN0004207,4,2022-01,2021-09,4,356,568544.0,564929.88,3.469,740-779,70-80%,36-43%,GA,Purchase,Primary,Single Family,Servicer_C,Current,0,0,0,0,,2022-01-01,Ellie Mae,Missing Items,Current,0,0,0,0,0,
LN0004207,5,2022-02,2021-09,5,355,568544.0,564019.81,3.469,740-779,70-80%,36-43%,GA,Purchase,Primary,Single Family,Servicer_C,Current,0,0,0,0,,2022-02-01,Ellie Mae,Missing Items,Current,0,0,0,0,0,
LN0004207,6,2022-03,2021-09,6,354,568544.0,563107.1,3.469,740-779,70-80%,36-43%,GA,Purchase,Primary,Single Family,Servicer_C,Current,0,0,0,0,,2022-03-01,Ellie Mae,Missing Items,Current,0,0,0,0,0,
LN0004207,7,2022-04,2021-09,7,353,568544.0,562191.76,3.469,740-779,70-80%,36-43%,GA,Purchase,Primary,Single Family,Servicer_C,Current,0,0,0,0,,2022-04-01,Ellie Mae,Missing Items,Current,0,0,0,0,0,
LN0004207,8,2022-05,2021-09,8,352,568544.0,561273.78,3.469,740-779,70-80%,36-43%,GA,Purchase,Primary,Single Family,Servicer_C,Current,0,0,0,0,,2022-05-01,Ellie Mae,Missing Items,Current,0,0,0,0,0,
LN0004207,9,2022-06,2021-09,9,351,568544.0,560353.14,3.469,740-779,70-80%,36-43%,GA,Purchase,Primary,Single Family,Servicer_C,Current,0,0,0,0,,2022-06-01,Ellie Mae,Missing Items,Current,0,0,0,0,0,
LN0004207,10,2022-07,2021-09,10,350,568544.0,559429.84,3.469,740-779,70-80%,36-43%,GA,Purchase,Primary,Single Family,Servicer_C,Current,0,0,0,0,,2022-07-01,Ellie Mae,Missing Items,Current,0,0,0,0,0,
LN0004207,11,2022-08,2021-09,11,349,568544.0,558503.87,3.469,740-779,70-80%,36-43%,GA,Purchase,Primary,Single Family,Servicer_C,Current,0,0,0,0,,2022-08-01,Ellie Mae,Missing Items,Current,0,0,0,0,0,
LN0004207,12,2022-09,2021-09,12,348,568544.0,557575.22,3.469,740-779,70-80%,36-43%,GA,Purchase,Primary,Single Family,Servicer_C,Current,0,0,0,0,,2022-09-01,Ellie Mae,Missing Items,Current,0,0,0,0,0,
LN0004207,13,2022-10,2021-09,13,347,568544.0,556643.89,3.469,740-779,70-80%,36-43%,GA,Purchase,Primary,Single Family,Servicer_C,Current,0,0,0,0,,2022-10-01,Ellie Mae,Missing Items,Current,0,0,0,0,0,
LN0004207,14,2022-11,2021-09,14,346,568544.0,555709.87,3.469,740-779,70-80%,36-43%,GA,Purchase,Primary,Single Family,Servicer_C,Current,0,0,0,0,,2022-11-01,Ellie Mae,Missing Items,Current,0,0,0,0,0,
LN0004207,15,2022-12,2021-09,15,345,568544.0,554773.14,3.469,740-779,70-80%,36-43%,GA,Purchase,Primary,Single Family,Servicer_C,Current,0,0,0,0,,2022-12-01,Ellie Mae,Missing Items,Current,0,0,0,0,0,
LN0004234,1,2020-12,2020-11,1,359,137476.0,137252.91,3.324,660-699,70-80%,20-28%,NY,Purchase,Investment,Single Family,Servicer_C,Current,0,0,0,0,,2020-12-01,Black Knight,Pending Review,Current,1,1,0,0,0,
LN0004234,2,2021-01,2020-11,2,358,137476.0,137029.2,3.324,660-699,70-80%,20-28%,NY,Purchase,Investment,Single Family,Servicer_C,Current,0,0,0,0,,2021-01-01,Black Knight,Pending Review,30-59 DPD,1,1,0,0,0,
LN0004234,3,2021-02,2020-11,3,357,137476.0,136804.86,3.324,660-699,70-80%,20-28%,NY,Purchase,Investment,Single Family,Servicer_C,30-59 DPD,0,0,0,0,,2021-02-01,Black Knight,Pending Review,30-59 DPD,1,1,0,0,0,
LN0004234,4,2021-03,2020-11,4,356,137476.0,136579.91,3.324,660-699,70-80%,20-28%,NY,Purchase,Investment,Single Family,Servicer_C,30-59 DPD,30,0,0,0,,2021-03-01,Black Knight,Pending Review,Current,0,0,0,0,0,
LN0004234,5,2021-04,2020-11,5,355,137476.0,136354.34,3.324,660-699,70-80%,20-28%,NY,Purchase,Investment,Single Family,Servicer_C,Current,30,0,0,0,,2021-04-01,Black Knight,Pending Review,Current,0,0,0,0,0,
LN0004234,6,2021-05,2020-11,6,354,137476.0,136128.14,3.324,660-699,70-80%,20-28%,NY,Purchase,Investment,Single Family,Servicer_C,Current,0,0,0,0,,2021-05-01,Black Knight,Pending Review,Current,0,0,0,0,0,
LN0004234,7,2021-06,2020-11,7,353,137476.0,135901.31,3.324,660-699,70-80%,20-28%,NY,Purchase,Investment,Single Family,Servicer_C,Current,0,0,0,0,,2021-06-01,Black Knight,Pending Review,Current,0,0,0,0,0,
LN0004234,8,2021-07,2020-11,8,352,137476.0,135673.85,3.324,660-699,70-80%,20-28%,NY,Purchase,Investment,Single Family,Servicer_C,Current,0,0,0,0,,2021-07-01,Black Knight,Pending Review,Current,0,0,0,0,0,
LN0004234,9,2021-08,2020-11,9,351,137476.0,135445.77,3.324,660-699,70-80%,20-28%,NY,Purchase,Investment,Single Family,Servicer_C,Current,0,0,0,0,,2021-08-01,Black Knight,Pending Review,Current,0,0,0,0,0,
LN0004234,10,2021-09,2020-11,10,350,137476.0,135217.05,3.324,660-699,70-80%,20-28%,NY,Purchase,Investment,Single Family,Servicer_C,Current,0,0,0,0,,2021-09-01,Black Knight,Pending Review,Current,0,0,0,0,0,
LN0004234,11,2021-10,2020-11,11,349,137476.0,134987.7,3.324,660-699,70-80%,20-28%,NY,Purchase,Investment,Single Family,Servicer_C,Current,0,0,0,0,,2021-10-01,Black Knight,Pending Review,Current,0,0,0,0,0,
LN0004234,12,2021-11,2020-11,12,348,137476.0,134757.71,3.324,660-699,70-80%,20-28%,NY,Purchase,Investment,Single Family,Servicer_C,Current,0,0,0,0,,2021-11-01,Black Knight,Pending Review,Current,0,0,0,0,0,
LN0004234,13,2021-12,2020-11,13,347,137476.0,134527.09,3.324,660-699,70-80%,20-28%,NY,Purchase,Investment,Single Family,Servicer_C,Current,0,0,0,0,,2021-12-01,Black Knight,Pending Review,Current,0,0,0,0,0,
LN0004234,14,2022-01,2020-11,14,346,137476.0,134295.83,3.324,660-699,70-80%,20-28%,NY,Purchase,Investment,Single Family,Servicer_C,Current,0,0,0,0,,2022-01-01,Black Knight,Pending Review,Current,0,0,0,0,0,
LN0004234,15,2022-02,2020-11,15,345,137476.0,134063.93,3.324,660-699,70-80%,20-28%,NY,Purchase,Investment,Single Family,Servicer_C,Current,0,0,0,0,,2022-02-01,Black Knight,Pending Review,Current,0,0,0,0,0,
LN0004234,16,2022-03,2020-11,16,344,137476.0,133831.38,3.324,660-699,70-80%,20-28%,NY,Purchase,Investment,Single Family,Servicer_C,Current,0,0,0,0,,2022-03-01,Black Knight,Pending Review,Current,0,0,0,0,0,
LN0004234,17,2022-04,2020-11,17,343,137476.0,133598.19,3.324,660-699,70-80%,20-28%,NY,Purchase,Investment,Single Family,Servicer_C,Current,0,0,0,0,,2022-04-01,Black Knight,Pending Review,Current,0,0,0,0,0,
LN0004234,18,2022-05,2020-11,18,342,137476.0,133364.36,3.324,660-699,70-80%,20-28%,NY,Purchase,Investment,Single Family,Servicer_C,Current,0,0,0,0,,2022-05-01,Black Knight,Pending Review,Current,0,0,0,0,0,
LN0004234,19,2022-06,2020-11,19,341,137476.0,133129.88,3.324,660-699,70-80%,20-28%,NY,Purchase,Investment,Single Family,Servicer_C,Current,0,0,0,0,,2022-06-01,Black Knight,Pending Review,Current,0,0,0,0,0,
LN0004234,20,2022-07,2020-11,20,340,137476.0,132894.74,3.324,660-699,70-80%,20-28%,NY,Purchase,Investment,Single Family,Servicer_C,Current,0,0,0,0,,2022-07-01,Black Knight,Pending Review,Current,0,0,0,0,0,
LN0004234,21,2022-08,2020-11,21,339,137476.0,132658.96,3.324,660-699,70-80%,20-28%,NY,Purchase,Investment,Single Family,Servicer_C,Current,0,0,0,0,,2022-08-01,Black Knight,Pending Review,Current,0,0,0,0,0,
LN0004234,22,2022-09,2020-11,22,338,137476.0,132422.52,3.324,660-699,70-80%,20-28%,NY,Purchase,Investment,Single Family,Servicer_C,Current,0,0,0,0,,2022-09-01,Black Knight,Pending Review,Current,0,0,0,0,0,
LN0004234,23,2022-10,2020-11,23,337,137476.0,132185.43,3.324,660-699,70-80%,20-28%,NY,Purchase,Investment,Single Family,Servicer_C,Current,0,0,0,0,,2022-10-01,Black Knight,Pending Review,Current,0,0,0,0,0,
LN0004234,24,2022-11,2020-11,24,336,137476.0,131947.68,3.324,660-699,70-80%,20-28%,NY,Purchase,Investment,Single Family,Servicer_C,Current,0,0,0,0,,2022-11-01,Black Knight,Pending Review,Current,0,0,0,0,0,
LN0004234,25,2022-12,2020-11,25,335,137476.0,131709.28,3.324,660-699,70-80%,20-28%,NY,Purchase,Investment,Single Family,Servicer_C,Current,0,0,0,0,,2022-12-01,Black Knight,Pending Review,Current,0,0,0,0,0,
LN0004245,1,2020-09,2020-08,1,359,116682.0,116551.45,5.383,740-779,80-90%,20-28%,GA,Purchase,Primary,Single Family,Servicer_B,Current,0,0,0,0,,2020-09-01,CoreLogic,Complete,Current,0,0,0,0,0,
LN0004245,2,2020-10,2020-08,2,358,116682.0,116420.31,5.383,740-779,80-90%,20-28%,GA,Purchase,Primary,Single Family,Servicer_B,Current,0,0,0,0,,2020-10-01,CoreLogic,Complete,Current,0,0,0,0,0,
LN0004245,3,2020-11,2020-08,3,357,116682.0,116288.59,5.383,740-779,80-90%,20-28%,GA,Purchase,Primary,Single Family,Servicer_B,Current,0,0,0,0,,2020-11-01,CoreLogic,Complete,Current,0,0,0,0,0,
LN0004245,4,2020-12,2020-08,4,356,116682.0,116156.27,5.383,740-779,80-90%,20-28%,GA,Purchase,Primary,Single Family,Servicer_B,Current,0,0,0,0,,2020-12-01,CoreLogic,Complete,Current,0,0,0,0,0,
LN0004245,5,2021-01,2020-08,5,355,116682.0,116023.36,5.383,740-779,80-90%,20-28%,GA,Purchase,Primary,Single Family,Servicer_B,Current,0,0,0,0,,2021-01-01,CoreLogic,Complete,Current,0,0,0,0,0,
LN0004245,6,2021-02,2020-08,6,354,116682.0,115889.85,5.383,740-779,80-90%,20-28%,GA,Purchase,Primary,Single Family,Servicer_B,Current,0,0,0,0,,2021-02-01,CoreLogic,Complete,Current,0,0,0,0,0,
LN0004245,7,2021-03,2020-08,7,353,116682.0,115755.75,5.383,740-779,80-90%,20-28%,GA,Purchase,Primary,Single Family,Servicer_B,Current,0,0,0,0,,2021-03-01,CoreLogic,Complete,Current,0,0,0,0,0,
LN0004245,8,2021-04,2020-08,8,352,116682.0,115621.04,5.383,740-779,80-90%,20-28%,GA,Purchase,Primary,Single Family,Servicer_B,Current,0,0,0,0,,2021-04-01,CoreLogic,Complete,Current,0,0,0,0,0,
LN0004245,9,2021-05,2020-08,9,351,116682.0,115485.73,5.383,740-779,80-90%,20-28%,GA,Purchase,Primary,Single Family,Servicer_B,Current,0,0,0,0,,2021-05-01,CoreLogic,Complete,Current,0,0,0,0,0,
LN0004245,10,2021-06,2020-08,10,350,116682.0,115349.81,5.383,740-779,80-90%,20-28%,GA,Purchase,Primary,Single Family,Servicer_B,Current,0,0,0,0,,2021-06-01,CoreLogic,Complete,Current,0,0,0,0,0,
LN0004245,11,2021-07,2020-08,11,349,116682.0,115213.28,5.383,740-779,80-90%,20-28%,GA,Purchase,Primary,Single Family,Servicer_B,Current,0,0,0,0,,2021-07-01,CoreLogic,Complete,Current,0,0,0,0,0,
LN0004245,12,2021-08,2020-08,12,348,116682.0,115076.14,5.383,740-779,80-90%,20-28%,GA,Purchase,Primary,Single Family,Servicer_B,Current,0,0,0,0,,2021-08-01,CoreLogic,Complete,Current,0,0,0,0,0,
LN0004245,13,2021-09,2020-08,13,347,116682.0,114938.39,5.383,740-779,80-90%,20-28%,GA,Purchase,Primary,Single Family,Servicer_B,Current,0,0,0,0,,2021-09-01,CoreLogic,Complete,Current,0,0,0,0,0,
LN0004245,14,2021-10,2020-08,14,346,116682.0,114800.02,5.383,740-779,80-90%,20-28%,GA,Purchase,Primary,Single Family,Servicer_B,Current,0,0,0,0,,2021-10-01,CoreLogic,Complete,Current,0,0,0,0,0,
LN0004245,15,2021-11,2020-08,15,345,116682.0,114661.02,5.383,740-779,80-90%,20-28%,GA,Purchase,Primary,Single Family,Servicer_B,Current,0,0,0,0,,2021-11-01,CoreLogic,Complete,Current,0,0,0,0,0,
LN0004245,16,2021-12,2020-08,16,344,116682.0,114521.4,5.383,740-779,80-90%,20-28%,GA,Purchase,Primary,Single Family,Servicer_B,Current,0,0,0,0,,2021-12-01,CoreLogic,Complete,Current,0,0,0,0,0,
LN0004245,17,2022-01,2020-08,17,343,116682.0,114381.16,5.383,740-779,80-90%,20-28%,GA,Purchase,Primary,Single Family,Servicer_B,Current,0,0,0,0,,2022-01-01,CoreLogic,Complete,Current,0,0,0,0,0,
LN0004245,18,2022-02,2020-08,18,342,116682.0,114240.29,5.383,740-779,80-90%,20-28%,GA,Purchase,Primary,Single Family,Servicer_B,Current,0,0,0,0,,2022-02-01,CoreLogic,Complete,Current,0,0,0,0,0,
LN0004245,19,2022-03,2020-08,19,341,116682.0,114098.78,5.383,740-779,80-90%,20-28%,GA,Purchase,Primary,Single Family,Servicer_B,Current,0,0,0,0,,2022-03-01,CoreLogic,Complete,Current,0,0,0,0,0,
LN0004245,20,2022-04,2020-08,20,340,116682.0,113956.64,5.383,740-779,80-90%,20-28%,GA,Purchase,Primary,Single Family,Servicer_B,Current,0,0,0,0,,2022-04-01,CoreLogic,Complete,Current,0,0,0,0,0,
LN0004245,21,2022-05,2020-08,21,339,116682.0,113813.87,5.383,740-779,80-90%,20-28%,GA,Purchase,Primary,Single Family,Servicer_B,Current,0,0,0,0,,2022-05-01,CoreLogic,Complete,Current,0,0,0,0,0,
LN0004245,22,2022-06,2020-08,22,338,116682.0,113670.45,5.383,740-779,80-90%,20-28%,GA,Purchase,Primary,Single Family,Servicer_B,Current,0,0,0,0,,2022-06-01,CoreLogic,Complete,Current,0,0,0,0,0,
LN0004245,23,2022-07,2020-08,23,337,116682.0,113526.39,5.383,740-779,80-90%,20-28%,GA,Purchase,Primary,Single Family,Servicer_B,Current,0,0,0,0,,2022-07-01,CoreLogic,Complete,Current,0,0,0,0,0,
LN0004245,24,2022-08,2020-08,24,336,116682.0,113381.68,5.383,740-779,80-90%,20-28%,GA,Purchase,Primary,Single Family,Servicer_B,Current,0,0,0,0,,2022-08-01,CoreLogic,Complete,Current,0,0,0,0,0,
LN0004245,25,2022-09,2020-08,25,335,116682.0,113236.32,5.383,740-779,80-90%,20-28%,GA,Purchase,Primary,Single Family,Servicer_B,Current,0,0,0,0,,2022-09-01,CoreLogic,Complete,Current,0,0,0,0,0,
LN0004245,26,2022-10,2020-08,26,334,116682.0,113090.32,5.383,740-779,80-90%,20-28%,GA,Purchase,Primary,Single Family,Servicer_B,Current,0,0,0,0,,2022-10-01,CoreLogic,Complete,Current,0,0,0,0,0,
LN0004245,27,2022-11,2020-08,27,333,116682.0,112943.65,5.383,740-779,80-90%,20-28%,GA,Purchase,Primary,Single Family,Servicer_B,Current,0,0,0,0,,2022-11-01,CoreLogic,Complete,Current,0,0,0,0,0,
LN0004245,28,2022-12,2020-08,28,332,116682.0,112796.33,5.383,740-779,80-90%,20-28%,GA,Purchase,Primary,Single Family,Servicer_B,Current,0,0,0,0,,2022-12-01,CoreLogic,Complete,Current,0,0,0,0,0,
LN0004264,1,2020-06,2020-05,1,359,135378.0,135151.32,3.143,700-739,60-70%,36-43%,NY,Purchase,Second Home,Single Family,Servicer_C,Current,0,0,0,0,,2020-06-01,Encompass,Under Exception,Current,0,0,0,0,0,
LN0004264,2,2020-07,2020-05,2,358,135378.0,134924.06,3.143,700-739,60-70%,36-43%,NY,Purchase,Second Home,Single Family,Servicer_C,Current,0,0,0,0,,2020-07-01,Encompass,Under Exception,Current,0,0,0,0,0,
LN0004264,3,2020-08,2020-05,3,357,135378.0,134696.19,3.143,700-739,60-70%,36-43%,NY,Purchase,Second Home,Single Family,Servicer_C,Current,0,0,0,0,,2020-08-01,Encompass,Under Exception,Current,0,0,0,0,0,
LN0004264,4,2020-09,2020-05,4,356,135378.0,134467.73,3.143,700-739,60-70%,36-43%,NY,Purchase,Second Home,Single Family,Servicer_C,Current,0,0,0,0,,2020-09-01,Encompass,Under Exception,Current,0,0,0,0,0,
LN0004264,5,2020-10,2020-05,5,355,135378.0,134238.67,3.143,700-739,60-70%,36-43%,NY,Purchase,Second Home,Single Family,Servicer_C,Current,0,0,0,0,,2020-10-01,Encompass,Under Exception,Current,0,0,0,0,0,
LN0004264,6,2020-11,2020-05,6,354,135378.0,134009.01,3.143,700-739,60-70%,36-43%,NY,Purchase,Second Home,Single Family,Servicer_C,Current,0,0,0,0,,2020-11-01,Encompass,Under Exception,Current,0,0,0,0,0,
LN0004264,7,2020-12,2020-05,7,353,135378.0,133778.75,3.143,700-739,60-70%,36-43%,NY,Purchase,Second Home,Single Family,Servicer_C,Current,0,0,0,0,,2020-12-01,Encompass,Under Exception,Current,0,0,0,0,0,
LN0004264,8,2021-01,2020-05,8,352,135378.0,133547.89,3.143,700-739,60-70%,36-43%,NY,Purchase,Second Home,Single Family,Servicer_C,Current,0,0,0,0,,2021-01-01,Encompass,Under Exception,Current,0,0,0,0,0,
LN0004264,9,2021-02,2020-05,9,351,135378.0,133316.42,3.143,700-739,60-70%,36-43%,NY,Purchase,Second Home,Single Family,Servicer_C,Current,0,0,0,0,,2021-02-01,Encompass,Under Exception,Current,0,0,0,0,0,
LN0004264,10,2021-03,2020-05,10,350,135378.0,133084.34,3.143,700-739,60-70%,36-43%,NY,Purchase,Second Home,Single Family,Servicer_C,Current,0,0,0,0,,2021-03-01,Encompass,Under Exception,Current,0,0,0,0,0,
LN0004264,11,2021-04,2020-05,11,349,135378.0,132851.66,3.143,700-739,60-70%,36-43%,NY,Purchase,Second Home,Single Family,Servicer_C,Current,0,0,0,0,,2021-04-01,Encompass,Under Exception,Current,0,0,0,0,0,
LN0004264,12,2021-05,2020-05,12,348,135378.0,132618.37,3.143,700-739,60-70%,36-43%,NY,Purchase,Second Home,Single Family,Servicer_C,Current,0,0,0,0,,2021-05-01,Encompass,Under Exception,Current,0,0,0,0,0,
LN0004264,13,2021-06,2020-05,13,347,135378.0,132384.47,3.143,700-739,60-70%,36-43%,NY,Purchase,Second Home,Single Family,Servicer_C,Current,0,0,0,0,,2021-06-01,Encompass,Under Exception,Current,0,0,0,0,0,
LN0004264,14,2021-07,2020-05,14,346,135378.0,132149.95,3.143,700-739,60-70%,36-43%,NY,Purchase,Second Home,Single Family,Servicer_C,Current,0,0,0,0,,2021-07-01,Encompass,Under Exception,Current,0,0,0,0,0,
LN0004264,15,2021-08,2020-05,15,345,135378.0,131914.82,3.143,700-739,60-70%,36-43%,NY,Purchase,Second Home,Single Family,Servicer_C,Current,0,0,0,0,,2021-08-01,Encompass,Under Exception,Current,0,0,0,0,0,
LN0004264,16,2021-09,2020-05,16,344,135378.0,131679.07,3.143,700-739,60-70%,36-43%,NY,Purchase,Second Home,Single Family,Servicer_C,Current,0,0,0,0,,2021-09-01,Encompass,Under Exception,Current,0,0,0,0,0,
LN0004264,17,2021-10,2020-05,17,343,135378.0,131442.71,3.143,700-739,60-70%,36-43%,NY,Purchase,Second Home,Single Family,Servicer_C,Current,0,0,0,0,,2021-10-01,Encompass,Under Exception,Current,0,0,0,0,0,
LN0004264,18,2021-11,2020-05,18,342,135378.0,131205.73,3.143,700-739,60-70%,36-43%,NY,Purchase,Second Home,Single Family,Servicer_C,Current,0,0,0,0,,2021-11-01,Encompass,Under Exception,Current,0,0,0,0,0,
LN0004264,19,2021-12,2020-05,19,341,135378.0,130968.12,3.143,700-739,60-70%,36-43%,NY,Purchase,Second Home,Single Family,Servicer_C,Current,0,0,0,0,,2021-12-01,Encompass,Under Exception,Current,0,0,0,0,0,
LN0004264,20,2022-01,2020-05,20,340,135378.0,130729.9,3.143,700-739,60-70%,36-43%,NY,Purchase,Second Home,Single Family,Servicer_C,Current,0,0,0,0,,2022-01-01,Encompass,Under Exception,Current,0,0,0,0,0,
LN0004264,21,2022-02,2020-05,21,339,135378.0,130491.05,3.143,700-739,60-70%,36-43%,NY,Purchase,Second Home,Single Family,Servicer_C,Current,0,0,0,0,,2022-02-01,Encompass,Under Exception,Current,0,0,0,0,0,
LN0004264,22,2022-03,2020-05,22,338,135378.0,130251.57,3.143,700-739,60-70%,36-43%,NY,Purchase,Second Home,Single Family,Servicer_C,Current,0,0,0,0,,2022-03-01,Encompass,Under Exception,Current,0,0,0,0,0,
LN0004264,23,2022-04,2020-05,23,337,135378.0,130011.47,3.143,700-739,60-70%,36-43%,NY,Purchase,Second Home,Single Family,Servicer_C,Current,0,0,0,0,,2022-04-01,Encompass,Under Exception,Current,0,0,0,0,0,
LN0004264,24,2022-05,2020-05,24,336,135378.0,129770.74,3.143,700-739,60-70%,36-43%,NY,Purchase,Second Home,Single Family,Servicer_C,Current,0,0,0,0,,2022-05-01,Encompass,Under Exception,Current,0,0,0,0,0,
LN0004264,25,2022-06,2020-05,25,335,135378.0,129529.38,3.143,700-739,60-70%,36-43%,NY,Purchase,Second Home,Single Family,Servicer_C,Current,0,0,0,0,,2022-06-01,Encompass,Under Exception,Current,0,0,0,0,0,
LN0004264,26,2022-07,2020-05,26,334,135378.0,129287.39,3.143,700-739,60-70%,36-43%,NY,Purchase,Second Home,Single Family,Servicer_C,Current,0,0,0,0,,2022-07-01,Encompass,Under Exception,Current,0,0,0,0,0,
LN0004264,27,2022-08,2020-05,27,333,135378.0,129044.76,3.143,700-739,60-70%,36-43%,NY,Purchase,Second Home,Single Family,Servicer_C,Current,0,0,0,0,,2022-08-01,Encompass,Under Exception,Current,0,0,0,0,0,
LN0004264,28,2022-09,2020-05,28,332,135378.0,128801.5,3.143,700-739,60-70%,36-43%,NY,Purchase,Second Home,Single Family,Servicer_C,Current,0,0,0,0,,2022-09-01,Encompass,Under Exception,Current,0,0,0,0,0,
LN0004264,29,2022-10,2020-05,29,331,135378.0,128557.59,3.143,700-739,60-70%,36-43%,NY,Purchase,Second Home,Single Family,Servicer_C,Current,0,0,0,0,,2022-10-01,Encompass,Under Exception,Current,0,0,0,0,0,
LN0004264,30,2022-11,2020-05,30,330,135378.0,128313.06,3.143,700-739,60-70%,36-43%,NY,Purchase,Second Home,Single Family,Servicer_C,Current,0,0,0,0,,2022-11-01,Encompass,Under Exception,Current,0,0,0,0,0,
LN0004264,31,2022-12,2020-05,31,329,135378.0,128067.88,3.143,700-739,60-70%,36-43%,NY,Purchase,Second Home,Single Family,Servicer_C,Current,0,0,0,0,,2022-12-01,Encompass,Under Exception,Current,0,0,0,0,0,
LN0004275,1,2021-12,2021-11,1,359,262596.0,262277.96,4.957,700-739,80-90%,28-36%,MO,Cash-Out Refinance,Primary,Condo,Servicer_E,Current,0,0,0,0,,2021-12-01,Ellie Mae,Missing Items,Current,0,0,0,0,0,
LN0004275,2,2022-01,2021-11,2,358,262596.0,261958.61,4.957,700-739,80-90%,28-36%,MO,Cash-Out Refinance,Primary,Condo,Servicer_E,Current,0,0,0,0,,2022-01-01,Ellie Mae,Missing Items,Current,0,0,0,0,0,
LN0004275,3,2022-02,2021-11,3,357,262596.0,261637.94,4.957,700-739,80-90%,28-36%,MO,Cash-Out Refinance,Primary,Condo,Servicer_E,Current,0,0,0,0,,2022-02-01,Ellie Mae,Missing Items,Current,0,0,0,0,0,
LN0004275,4,2022-03,2021-11,4,356,262596.0,261315.94,4.957,700-739,80-90%,28-36%,MO,Cash-Out Refinance,Primary,Condo,Servicer_E,Current,0,0,0,0,,2022-03-01,Ellie Mae,Missing Items,Current,0,0,0,0,0,
LN0004275,5,2022-04,2021-11,5,355,262596.0,260992.61,4.957,700-739,80-90%,28-36%,MO,Cash-Out Refinance,Primary,Condo,Servicer_E,Current,0,0,0,0,,2022-04-01,Ellie Mae,Missing Items,Current,0,0,0,0,0,
LN0004275,6,2022-05,2021-11,6,354,262596.0,573469.49,4.957,700-739,80-90%,28-36%,MO,Cash-Out Refinance,Primary,Condo,Servicer_E,Current,0,0,0,0,,2022-05-01,Ellie Mae,Missing Items,Current,0,0,0,0,1,Valuation Discrepancy
LN0004275,7,2022-06,2021-11,7,353,262596.0,260341.95,4.957,700-739,80-90%,28-36%,MO,Cash-Out Refinance,Primary,Condo,Servicer_E,Current,0,0,0,0,,2022-06-01,Ellie Mae,Missing Items,Current,0,0,0,0,0,
LN0004275,8,2022-07,2021-11,8,352,262596.0,260014.6,4.957,700-739,80-90%,28-36%,MO,Cash-Out Refinance,Primary,Condo,Servicer_E,Current,0,0,0,0,,2022-07-01,Ellie Mae,Missing Items,Current,0,0,0,0,0,
LN0004275,9,2022-08,2021-11,9,351,262596.0,259685.9,4.957,700-739,80-90%,28-36%,MO,Cash-Out Refinance,Primary,Condo,Servicer_E,Current,0,0,0,0,,2022-08-01,Ellie Mae,Missing Items,Current,0,0,0,0,0,
LN0004275,10,2022-09,2021-11,10,350,262596.0,259355.84,4.957,700-739,80-90%,28-36%,MO,Cash-Out Refinance,Primary,Condo,Servicer_E,Current,0,0,0,0,,2022-09-01,Ellie Mae,Missing Items,Current,0,0,0,0,0,
LN0004275,11,2022-10,2021-11,11,349,262596.0,259024.41,4.957,700-739,80-90%,28-36%,MO,Cash-Out Refinance,Primary,Condo,Servicer_E,Current,0,0,0,0,,2022-10-01,Ellie Mae,Missing Items,Current,0,0,0,0,0,
LN0004275,12,2022-11,2021-11,12,348,262596.0,258691.62,4.957,700-739,80-90%,28-36%,MO,Cash-Out Refinance,Primary,Condo,Servicer_E,Current,0,0,0,0,,2022-11-01,Ellie Mae,Missing Items,Current,0,0,0,0,0,
LN0004275,13,2022-12,2021-11,13,347,262596.0,258357.45,4.957,700-739,80-90%,28-36%,MO,Cash-Out Refinance,Primary,Condo,Servicer_E,Current,0,0,0,0,,2022-12-01,Ellie Mae,Missing Items,Current,0,0,0,0,0,
LN0004276,1,2022-06,2022-05,1,359,132690.0,132540.03,5.329,700-739,80-90%,>43%,WA,Cash-Out Refinance,Primary,Single Family,Servicer_C,Current,0,0,0,0,,2022-06-01,Encompass,Under Exception,Current,0,0,0,0,0,
LN0004276,2,2022-07,2022-05,2,358,132690.0,132389.39,5.329,700-739,80-90%,>43%,WA,Cash-Out Refinance,Primary,Single Family,Servicer_C,Current,0,0,0,0,,2022-07-01,Encompass,Under Exception,Current,0,0,0,0,0,
LN0004276,3,2022-08,2022-05,3,357,132690.0,132238.09,5.329,700-739,80-90%,>43%,WA,Cash-Out Refinance,Primary,Single Family,Servicer_C,Current,0,0,0,0,,2022-08-01,Encompass,Under Exception,Current,0,0,0,0,0,
LN0004276,4,2022-09,2022-05,4,356,132690.0,132086.11,5.329,700-739,80-90%,>43%,WA,Cash-Out Refinance,Primary,Single Family,Servicer_C,Current,0,0,0,0,,2022-09-01,Encompass,Under Exception,Current,0,0,0,0,0,
LN0004276,5,2022-10,2022-05,5,355,132690.0,131933.46,5.329,700-739,80-90%,>43%,WA,Cash-Out Refinance,Primary,Single Family,Servicer_C,Current,0,0,0,0,,2022-10-01,Encompass,Under Exception,Current,0,0,0,0,0,
LN0004276,6,2022-11,2022-05,6,354,132690.0,131780.12,5.329,700-739,80-90%,>43%,WA,Cash-Out Refinance,Primary,Single Family,Servicer_C,Current,0,0,0,0,,2022-11-01,Encompass,Under Exception,Current,0,0,0,0,0,
LN0004276,7,2022-12,2022-05,7,353,132690.0,131626.11,5.329,700-739,80-90%,>43%,WA,Cash-Out Refinance,Primary,Single Family,Servicer_C,Current,0,0,0,0,,2022-12-01,Encompass,Under Exception,Current,0,0,0,0,0,
LN0004304,1,2022-11,2022-10,1,359,89631.0,89519.3,4.802,620-659,70-80%,20-28%,NC,Refinance,Primary,Condo,Servicer_A,Current,0,0,0,0,,2022-11-01,Encompass,Under Exception,Current,0,0,0,0,0,
LN0004304,2,2022-12,2022-10,2,358,89631.0,89407.16,4.802,620-659,70-80%,20-28%,NC,Refinance,Primary,Condo,Servicer_A,Current,0,0,0,0,,2022-12-01,Encompass,Under Exception,Current,0,0,0,0,0,
LN0004343,1,2022-05,2022-04,1,239,211796.0,211294.03,5.226,700-739,70-80%,28-36%,CA,Purchase,Investment,Single Family,Servicer_D,Current,0,0,0,0,,2022-05-01,Ellie Mae,Missing Items,Current,0,0,0,0,0,
LN0004343,2,2022-06,2022-04,2,238,211796.0,210789.88,5.226,700-739,70-80%,28-36%,CA,Purchase,Investment,Single Family,Servicer_D,Current,0,0,0,0,,2022-06-01,Ellie Mae,Missing Items,Current,0,0,0,0,0,
LN0004343,3,2022-07,2022-04,3,237,211796.0,210283.54,5.226,700-739,70-80%,28-36%,CA,Purchase,Investment,Single Family,Servicer_D,Current,0,0,0,0,,2022-07-01,Ellie Mae,Missing Items,Current,0,0,0,0,0,
LN0004343,4,2022-08,2022-04,4,236,211796.0,209774.98,5.226,700-739,70-80%,28-36%,CA,Purchase,Investment,Single Family,Servicer_D,Current,0,0,0,0,,2022-08-01,Ellie Mae,Missing Items,Current,0,0,0,0,0,
LN0004343,5,2022-09,2022-04,5,235,211796.0,209264.22,5.226,700-739,70-80%,28-36%,CA,Purchase,Investment,Single Family,Servicer_D,Current,0,0,0,0,,2022-09-01,Ellie Mae,Missing Items,Current,0,0,0,0,0,
LN0004343,6,2022-10,2022-04,6,234,211796.0,208751.23,5.226,700-739,70-80%,28-36%,CA,Purchase,Investment,Single Family,Servicer_D,Current,0,0,0,0,,2022-10-01,Ellie Mae,Missing Items,Current,0,0,0,0,0,
LN0004343,7,2022-11,2022-04,7,233,211796.0,208236.0,5.226,700-739,70-80%,28-36%,CA,Purchase,Investment,Single Family,Servicer_D,Current,0,0,0,0,,2022-11-01,Ellie Mae,Missing Items,Current,0,0,0,0,0,
LN0004343,8,2022-12,2022-04,8,232,211796.0,207718.53,5.226,700-739,70-80%,28-36%,CA,Purchase,Investment,Single Family,Servicer_D,Current,0,0,0,0,,2022-12-01,Ellie Mae,Missing Items,Current,0,0,0,0,0,
LN0004361,1,2022-09,2022-08,1,359,127358.0,127160.18,3.575,620-659,80-90%,36-43%,TX,Purchase,Primary,Single Family,Servicer_B,Current,0,0,0,0,,2022-09-01,CoreLogic,Complete,Current,1,1,0,0,0,
LN0004361,2,2022-10,2022-08,2,358,127358.0,126961.77,3.575,620-659,80-90%,36-43%,TX,Purchase,Primary,Single Family,Servicer_B,Current,0,0,0,0,,2022-10-01,CoreLogic,Complete,Current,1,1,0,0,0,
LN0004361,3,2022-11,2022-08,3,357,127358.0,126762.77,3.575,620-659,80-90%,36-43%,TX,Purchase,Primary,Single Family,Servicer_B,Current,0,0,0,0,,2022-11-01,CoreLogic,Complete,30-59 DPD,1,1,0,0,0,
LN0004361,4,2022-12,2022-08,4,356,127358.0,126563.18,3.575,620-659,80-90%,36-43%,TX,Purchase,Primary,Single Family,Servicer_B,30-59 DPD,0,0,0,0,,2022-12-01,CoreLogic,Complete,Current,0,0,0,0,0,
LN0004383,1,2020-08,2020-07,1,179,280419.0,279325.38,,<620,90-95%,20-28%,PA,Purchase,Investment,Multi-Family,Servicer_A,Current,0,0,0,0,,2020-08-01,Ellie Mae,Missing Items,Current,0,0,0,0,0,
LN0004383,2,2020-09,2020-07,2,178,280419.0,278227.67,,<620,90-95%,20-28%,PA,Purchase,Investment,Multi-Family,Servicer_A,Current,0,0,0,0,,2020-09-01,Ellie Mae,Missing Items,Current,0,1,0,0,0,
LN0004383,3,2020-10,2020-07,3,177,280419.0,277125.84,,<620,90-95%,20-28%,PA,Purchase,Investment,Multi-Family,Servicer_A,Current,0,0,0,0,,2020-10-01,Ellie Mae,Missing Items,Current,0,1,0,0,0,
LN0004383,4,2020-11,2020-07,4,176,280419.0,276019.87,,<620,90-95%,20-28%,PA,Purchase,Investment,Multi-Family,Servicer_A,Current,0,0,0,0,,2020-11-01,Ellie Mae,Missing Items,Current,0,1,0,0,0,
LN0004383,5,2020-12,2020-07,5,175,280419.0,274909.76,,<620,90-95%,20-28%,PA,Purchase,Investment,Multi-Family,Servicer_A,Current,0,0,0,0,,2020-12-01,Ellie Mae,Missing Items,Current,1,1,0,0,0,
LN0004383,6,2021-01,2020-07,6,174,280419.0,273795.48,,<620,90-95%,20-28%,PA,Purchase,Investment,Multi-Family,Servicer_A,Current,0,0,0,0,,2021-01-01,Ellie Mae,Missing Items,Current,1,1,0,0,0,
LN0004383,7,2021-02,2020-07,7,173,280419.0,272677.03,,<620,90-95%,20-28%,PA,Purchase,Investment,Multi-Family,Servicer_A,Current,0,0,0,0,,2021-02-01,Ellie Mae,Missing Items,30-59 DPD,1,1,0,0,0,
LN0004383,8,2021-03,2020-07,8,172,280419.0,271554.38,,<620,90-95%,20-28%,PA,Purchase,Investment,Multi-Family,Servicer_A,30-59 DPD,0,0,0,0,,2021-03-01,Ellie Mae,Missing Items,Current,0,0,0,0,0,
LN0004383,9,2021-04,2020-07,9,171,280419.0,270427.53,,<620,90-95%,20-28%,PA,Purchase,Investment,Multi-Family,Servicer_A,Current,30,0,0,0,,2021-04-01,Ellie Mae,Missing Items,Current,0,0,0,0,0,
LN0004383,10,2021-05,2020-07,10,170,280419.0,269296.44,,<620,90-95%,20-28%,PA,Purchase,Investment,Multi-Family,Servicer_A,Current,0,0,0,0,,2021-05-01,Ellie Mae,Missing Items,Current,0,0,0,0,0,
LN0004383,11,2021-06,2020-07,11,169,280419.0,268161.12,,<620,90-95%,20-28%,PA,Purchase,Investment,Multi-Family,Servicer_A,Current,0,0,0,0,,2021-06-01,Ellie Mae,Missing Items,Current,0,0,0,0,0,
LN0004383,12,2021-07,2020-07,12,168,280419.0,267021.53,,<620,90-95%,20-28%,PA,Purchase,Investment,Multi-Family,Servicer_A,Current,0,0,0,0,,2021-07-01,Ellie Mae,Missing Items,Current,0,0,0,0,0,
LN0004383,13,2021-08,2020-07,13,167,280419.0,265877.68,,<620,90-95%,20-28%,PA,Purchase,Investment,Multi-Family,Servicer_A,Current,0,0,0,0,,2021-08-01,Ellie Mae,Missing Items,Current,0,0,0,0,0,
LN0004383,14,2021-09,2020-07,14,166,280419.0,264729.53,,<620,90-95%,20-28%,PA,Purchase,Investment,Multi-Family,Servicer_A,Current,0,0,0,0,,2021-09-01,Ellie Mae,Missing Items,Current,0,0,0,0,0,
LN0004383,15,2021-10,2020-07,15,165,280419.0,263577.08,,<620,90-95%,20-28%,PA,Purchase,Investment,Multi-Family,Servicer_A,Current,0,0,0,0,,2021-10-01,Ellie Mae,Missing Items,Current,0,0,0,0,0,
LN0004383,16,2021-11,2020-07,16,164,280419.0,262420.31,,<620,90-95%,20-28%,PA,Purchase,Investment,Multi-Family,Servicer_A,Current,0,0,0,0,,2021-11-01,Ellie Mae,Missing Items,Current,0,0,0,0,0,
LN0004383,17,2021-12,2020-07,17,163,280419.0,261259.2,,<620,90-95%,20-28%,PA,Purchase,Investment,Multi-Family,Servicer_A,Current,0,0,0,0,,2021-12-01,Ellie Mae,Missing Items,Current,0,0,0,0,0,
LN0004383,18,2022-01,2020-07,18,162,280419.0,260093.74,,<620,90-95%,20-28%,PA,Purchase,Investment,Multi-Family,Servicer_A,Current,0,0,0,0,,2022-01-01,Ellie Mae,Missing Items,Current,0,0,0,0,0,
LN0004383,19,2022-02,2020-07,19,161,280419.0,258923.9,,<620,90-95%,20-28%,PA,Purchase,Investment,Multi-Family,Servicer_A,Current,0,0,0,0,,2022-02-01,Ellie Mae,Missing Items,Current,0,0,0,0,0,
LN0004383,20,2022-03,2020-07,20,160,280419.0,257749.68,,<620,90-95%,20-28%,PA,Purchase,Investment,Multi-Family,Servicer_A,Current,0,0,0,0,,2022-03-01,Ellie Mae,Missing Items,Current,0,0,0,0,0,
LN0004383,21,2022-04,2020-07,21,159,280419.0,256571.05,,<620,90-95%,20-28%,PA,Purchase,Investment,Multi-Family,Servicer_A,Current,0,0,0,0,,2022-04-01,Ellie Mae,Missing Items,Current,0,0,0,0,0,
LN0004383,22,2022-05,2020-07,22,158,280419.0,255388.01,,<620,90-95%,20-28%,PA,Purchase,Investment,Multi-Family,Servicer_A,Current,0,0,0,0,,2022-05-01,Ellie Mae,Missing Items,Current,0,0,0,0,0,
LN0004383,23,2022-06,2020-07,23,157,280419.0,254200.53,,<620,90-95%,20-28%,PA,Purchase,Investment,Multi-Family,Servicer_A,Current,0,0,0,0,,2022-06-01,Ellie Mae,Missing Items,Current,0,0,0,0,0,
LN0004383,24,2022-07,2020-07,24,156,280419.0,253008.59,,<620,90-95%,20-28%,PA,Purchase,Investment,Multi-Family,Servicer_A,Current,0,0,0,0,,2022-07-01,Ellie Mae,Missing Items,Current,0,0,0,0,0,
LN0004383,25,2022-08,2020-07,25,155,280419.0,251812.19,,<620,90-95%,20-28%,PA,Purchase,Investment,Multi-Family,Servicer_A,Current,0,0,0,0,,2022-08-01,Ellie Mae,Missing Items,Current,0,0,0,0,0,
LN0004383,26,2022-09,2020-07,26,154,280419.0,250611.3,,<620,90-95%,20-28%,PA,Purchase,Investment,Multi-Family,Servicer_A,Current,0,0,0,0,,2022-09-01,Ellie Mae,Missing Items,Current,0,0,0,0,0,
LN0004383,27,2022-10,2020-07,27,153,280419.0,249405.9,,<620,90-95%,20-28%,PA,Purchase,Investment,Multi-Family,Servicer_A,Current,0,0,0,0,,2022-10-01,Ellie Mae,Missing Items,Current,0,0,0,0,0,
LN0004383,28,2022-11,2020-07,28,152,280419.0,248195.99,,<620,90-95%,20-28%,PA,Purchase,Investment,Multi-Family,Servicer_A,Current,0,0,0,0,,2022-11-01,Ellie Mae,Missing Items,Current,0,0,0,0,0,
LN0004383,29,2022-12,2020-07,29,151,280419.0,246981.54,,<620,90-95%,20-28%,PA,Purchase,Investment,Multi-Family,Servicer_A,Current,0,0,0,0,,2022-12-01,Ellie Mae,Missing Items,Current,0,0,0,0,0,
LN0004396,1,2022-10,2022-09,1,239,124175.0,123822.69,3.644,780+,<60%,28-36%,VA,Refinance,Primary,Multi-Family,Servicer_E,Current,0,0,0,0,,2022-10-01,Encompass,Under Exception,Current,0,0,0,1,0,
LN0004396,2,2022-11,2022-09,2,238,124175.0,123469.31,3.644,780+,<60%,28-36%,VA,Refinance,Primary,Multi-Family,Servicer_E,Current,0,0,0,0,,2022-11-01,Encompass,Under Exception,Current,0,0,0,1,0,
LN0004396,3,2022-12,2022-09,3,237,124175.0,123114.86,3.644,780+,<60%,28-36%,VA,Refinance,Primary,Multi-Family,Servicer_E,Current,0,0,0,0,,2022-12-01,Encompass,Under Exception,Current,0,0,0,1,0,
LN0004402,1,2022-03,2022-02,1,359,103394.0,103280.64,5.491,740-779,80-90%,28-36%,VA,Refinance,Investment,Single Family,Servicer_B,Current,0,0,0,0,,2022-03-01,Black Knight,Pending Review,Current,0,0,0,0,0,
LN0004402,2,2022-04,2022-02,2,358,103394.0,103166.76,5.491,740-779,80-90%,28-36%,VA,Refinance,Investment,Single Family,Servicer_B,Current,0,0,0,0,,2022-04-01,Black Knight,Pending Review,Current,0,0,0,0,0,
LN0004402,3,2022-05,2022-02,3,357,103394.0,103052.35,5.491,740-779,80-90%,28-36%,VA,Refinance,Investment,Single Family,Servicer_B,Current,0,0,0,0,,2022-05-01,Black Knight,Pending Review,Current,0,0,0,0,0,
LN0004402,4,2022-06,2022-02,4,356,103394.0,102937.43,5.491,740-779,80-90%,28-36%,VA,Refinance,Investment,Single Family,Servicer_B,Current,0,0,0,0,,2022-06-01,Black Knight,Pending Review,Current,0,0,0,0,0,
LN0004402,5,2022-07,2022-02,5,355,103394.0,102821.98,5.491,740-779,80-90%,28-36%,VA,Refinance,Investment,Single Family,Servicer_B,Current,0,0,0,0,,2022-07-01,Black Knight,Pending Review,Current,0,0,0,0,0,
LN0004402,6,2022-08,2022-02,6,354,103394.0,102706.0,5.491,740-779,80-90%,28-36%,VA,Refinance,Investment,Single Family,Servicer_B,Current,0,0,0,0,,2022-08-01,Black Knight,Pending Review,Current,0,0,0,0,0,
LN0004402,7,2022-09,2022-02,7,353,103394.0,102589.49,5.491,740-779,80-90%,28-36%,VA,Refinance,Investment,Single Family,Servicer_B,Current,0,0,0,0,,2022-09-01,Black Knight,Pending Review,Current,0,0,0,0,0,
LN0004402,8,2022-10,2022-02,8,352,103394.0,102472.44,5.491,740-779,80-90%,28-36%,VA,Refinance,Investment,Single Family,Servicer_B,Current,0,0,0,0,,2022-10-01,Black Knight,Pending Review,Current,0,0,0,0,0,
LN0004402,9,2022-11,2022-02,9,351,103394.0,102354.86,5.491,740-779,80-90%,28-36%,VA,Refinance,Investment,Single Family,Servicer_B,Current,0,0,0,0,,2022-11-01,Black Knight,Pending Review,Current,0,0,0,0,0,
LN0004402,10,2022-12,2022-02,10,350,103394.0,102236.75,5.491,740-779,80-90%,28-36%,VA,Refinance,Investment,Single Family,Servicer_B,Current,0,0,0,0,,2022-12-01,Black Knight,Pending Review,Current,0,0,0,0,0,
LN0004423,1,2022-06,2022-05,1,359,178416.0,178168.37,4.209,740-779,70-80%,28-36%,WI,Cash-Out Refinance,Primary,Multi-Family,Servicer_A,Current,0,0,0,0,,2022-06-01,Ellie Mae,Missing Items,Current,0,0,0,0,0,
LN0004423,2,2022-07,2022-05,2,358,178416.0,177919.87,4.209,740-779,70-80%,28-36%,WI,Cash-Out Refinance,Primary,Multi-Family,Servicer_A,Current,0,0,0,0,,2022-07-01,Ellie Mae,Missing Items,Current,0,0,0,0,0,
LN0004423,3,2022-08,2022-05,3,357,178416.0,177670.51,4.209,740-779,70-80%,28-36%,WI,Cash-Out Refinance,Primary,Multi-Family,Servicer_A,Current,0,0,0,0,,2022-08-01,Ellie Mae,Missing Items,Current,0,0,0,0,0,
LN0004423,4,2022-09,2022-05,4,356,178416.0,177420.26,4.209,740-779,70-80%,28-36%,WI,Cash-Out Refinance,Primary,Multi-Family,Servicer_A,Current,0,0,0,0,,2022-09-01,Ellie Mae,Missing Items,Current,0,0,0,0,0,
LN0004423,5,2022-10,2022-05,5,355,178416.0,177169.14,4.209,740-779,70-80%,28-36%,WI,Cash-Out Refinance,Primary,Multi-Family,Servicer_A,Current,0,0,0,0,,2022-10-01,Ellie Mae,Missing Items,Current,0,0,0,0,0,
LN0004423,6,2022-11,2022-05,6,354,178416.0,176917.14,4.209,740-779,70-80%,28-36%,WI,Cash-Out Refinance,Primary,Multi-Family,Servicer_A,Current,0,0,0,0,,2022-11-01,Ellie Mae,Missing Items,Current,0,0,0,0,0,
LN0004423,7,2022-12,2022-05,7,353,178416.0,176664.26,4.209,740-779,70-80%,28-36%,WI,Cash-Out Refinance,Primary,Multi-Family,Servicer_A,Current,0,0,0,0,,2022-12-01,Ellie Mae,Missing Items,Current,0,0,0,0,0,
LN0004441,1,2022-11,2022-10,1,359,117547.0,117308.44,2.0,620-659,70-80%,20-28%,IN,Refinance,Primary,Single Family,Servicer_C,Current,0,0,0,0,,2022-11-01,CoreLogic,Complete,Current,0,0,0,0,0,
LN0004441,2,2022-12,2022-10,2,358,117547.0,117069.47,2.0,620-659,70-80%,20-28%,IN,Refinance,Primary,Single Family,Servicer_C,Current,0,0,0,0,,2022-12-01,CoreLogic,Complete,Current,0,0,0,0,0,
LN0004473,1,2022-10,2022-09,1,359,50000.0,49945.41,5.513,740-779,90-95%,>43%,TN,Purchase,Primary,Multi-Family,Servicer_B,Current,0,0,0,0,,2022-10-01,CoreLogic,Complete,Current,0,0,0,0,0,
LN0004473,2,2022-11,2022-09,2,358,50000.0,49890.56,5.513,740-779,90-95%,>43%,TN,Purchase,Primary,Multi-Family,Servicer_B,Current,0,0,0,0,,2022-11-01,CoreLogic,Complete,Current,0,0,0,0,0,
LN0004473,3,2022-12,2022-09,3,357,50000.0,49835.46,5.513,740-779,90-95%,>43%,TN,Purchase,Primary,Multi-Family,Servicer_B,Current,0,0,0,0,,2022-12-01,CoreLogic,Complete,Current,0,0,0,0,0,
LN0004488,1,2022-02,2022-01,1,359,265784.0,265297.06,2.615,660-699,90-95%,20-28%,WI,Purchase,Primary,Single Family,Servicer_E,Current,0,0,0,0,,2022-02-01,Encompass,Under Exception,Current,0,0,0,0,0,
LN0004488,2,2022-03,2022-01,2,358,265784.0,264809.06,2.615,660-699,90-95%,20-28%,WI,Purchase,Primary,Single Family,Servicer_E,Current,0,0,0,0,,2022-03-01,Encompass,Under Exception,Current,0,0,0,0,0,
LN0004488,3,2022-04,2022-01,3,357,265784.0,264319.99,2.615,660-699,90-95%,20-28%,WI,Purchase,Primary,Single Family,Servicer_E,Current,0,0,0,0,,2022-04-01,Encompass,Under Exception,Current,0,0,0,0,0,
LN0004488,4,2022-05,2022-01,4,356,265784.0,263829.86,2.615,660-699,90-95%,20-28%,WI,Purchase,Primary,Single Family,Servicer_E,Current,0,0,0,0,,2022-05-01,Encompass,Under Exception,Current,0,0,0,0,0,
LN0004488,5,2022-06,2022-01,5,355,265784.0,263338.66,2.615,660-699,90-95%,20-28%,WI,Purchase,Primary,Single Family,Servicer_E,Current,0,0,0,0,,2022-06-01,Encompass,Under Exception,Current,0,0,0,0,0,
LN0004488,6,2022-07,2022-01,6,354,265784.0,262846.39,2.615,660-699,90-95%,20-28%,WI,Purchase,Primary,Single Family,Servicer_E,Current,0,0,0,0,,2022-07-01,Encompass,Under Exception,Current,0,0,0,0,0,
LN0004488,7,2022-08,2022-01,7,353,265784.0,262353.05,2.615,660-699,90-95%,20-28%,WI,Purchase,Primary,Single Family,Servicer_E,Current,0,0,0,0,,2022-08-01,Encompass,Under Exception,Current,0,0,0,0,0,
LN0004488,8,2022-09,2022-01,8,352,265784.0,261858.63,2.615,660-699,90-95%,20-28%,WI,Purchase,Primary,Single Family,Servicer_E,Current,0,0,0,0,,2022-09-01,Encompass,Under Exception,Current,0,0,0,0,0,
LN0004488,9,2022-10,2022-01,9,351,265784.0,261363.14,2.615,660-699,90-95%,20-28%,WI,Purchase,Primary,Single Family,Servicer_E,Current,0,0,0,0,,2022-10-01,Encompass,Under Exception,Current,0,0,0,0,0,
LN0004488,10,2022-11,2022-01,10,350,265784.0,260866.56,2.615,660-699,90-95%,20-28%,WI,Purchase,Primary,Single Family,Servicer_E,Current,0,0,0,0,,2022-11-01,Encompass,Under Exception,Current,0,0,0,0,0,
LN0004488,11,2022-12,2022-01,11,349,265784.0,260368.91,2.615,660-699,90-95%,20-28%,WI,Purchase,Primary,Single Family,Servicer_E,Current,0,0,0,0,,2022-12-01,Encompass,Under Exception,Current,0,0,0,0,0,
LN0004490,1,2022-12,2022-11,1,359,209224.0,209022.55,6.174,700-739,70-80%,28-36%,WI,Purchase,Primary,Single Family,Servicer_A,Current,0,0,0,0,,2022-12-01,Black Knight,Pending Review,Current,0,0,0,0,0,
LN0004495,1,2021-10,2021-09,1,359,155441.0,155206.05,3.73,<620,70-80%,28-36%,PA,Cash-Out Refinance,Investment,Single Family,Servicer_B,Current,0,0,0,0,,2021-10-01,Ellie Mae,Missing Items,Current,0,0,0,0,0,
LN0004495,2,2021-11,2021-09,2,358,155441.0,154970.38,3.73,<620,70-80%,28-36%,PA,Cash-Out Refinance,Investment,Single Family,Servicer_B,Current,0,0,0,0,,2021-11-01,Ellie Mae,Missing Items,Current,0,0,0,0,0,
LN0004495,3,2021-12,2021-09,3,357,155441.0,154733.97,3.73,<620,70-80%,28-36%,PA,Cash-Out Refinance,Investment,Single Family,Servicer_B,Current,0,0,0,0,,2021-12-01,Ellie Mae,Missing Items,Current,0,0,0,0,0,
LN0004495,4,2022-01,2021-09,4,356,155441.0,154496.82,3.73,<620,70-80%,28-36%,PA,Cash-Out Refinance,Investment,Single Family,Servicer_B,Current,217,0,0,0,,2022-01-01,Ellie Mae,Missing Items,Current,0,0,1,0,0,
LN0004495,5,2022-02,2021-09,5,355,155441.0,154258.94,3.73,<620,70-80%,28-36%,PA,Cash-Out Refinance,Investment,Single Family,Servicer_B,Current,0,0,0,0,,2022-02-01,Ellie Mae,Missing Items,Current,0,0,1,0,0,
LN0004495,6,2022-03,2021-09,6,354,155441.0,154020.32,3.73,<620,70-80%,28-36%,PA,Cash-Out Refinance,Investment,Single Family,Servicer_B,Current,0,0,0,0,,2022-03-01,Ellie Mae,Missing Items,Current,0,0,1,0,0,
LN0004495,7,2022-04,2021-09,7,353,155441.0,153780.96,3.73,<620,70-80%,28-36%,PA,Cash-Out Refinance,Investment,Single Family,Servicer_B,Current,0,0,0,0,,2022-04-01,Ellie Mae,Missing Items,Current,0,0,1,0,0,
LN0004495,8,2022-05,2021-09,8,352,155441.0,153540.86,3.73,<620,70-80%,28-36%,PA,Cash-Out Refinance,Investment,Single Family,Servicer_B,Current,0,0,0,0,,2022-05-01,Ellie Mae,Missing Items,Current,0,0,1,0,0,
LN0004495,9,2022-06,2021-09,9,351,155441.0,153300.0,3.73,<620,70-80%,28-36%,PA,Cash-Out Refinance,Investment,Single Family,Servicer_B,Current,0,0,0,0,,2022-06-01,Ellie Mae,Missing Items,Current,0,0,1,0,0,
LN0004495,10,2022-07,2021-09,10,350,155441.0,153058.4,3.73,<620,70-80%,28-36%,PA,Cash-Out Refinance,Investment,Single Family,Servicer_B,Current,0,0,0,0,,2022-07-01,Ellie Mae,Missing Items,Current,0,1,1,0,0,
LN0004495,11,2022-08,2021-09,11,349,155441.0,152816.05,3.73,<620,70-80%,28-36%,PA,Cash-Out Refinance,Investment,Single Family,Servicer_B,Current,0,0,0,0,,2022-08-01,Ellie Mae,Missing Items,Current,0,1,1,0,0,
LN0004495,12,2022-09,2021-09,12,348,155441.0,152572.94,3.73,<620,70-80%,28-36%,PA,Cash-Out Refinance,Investment,Single Family,Servicer_B,Current,0,0,0,0,,2022-09-01,Ellie Mae,Missing Items,Current,0,1,1,0,0,
LN0004495,13,2022-10,2021-09,13,347,155441.0,152329.08,3.73,<620,70-80%,28-36%,PA,Cash-Out Refinance,Investment,Single Family,Servicer_B,Current,0,0,0,0,,2022-10-01,Ellie Mae,Missing Items,Current,1,1,1,0,0,
LN0004495,14,2022-11,2021-09,14,346,155441.0,152084.46,3.73,<620,70-80%,28-36%,PA,Cash-Out Refinance,Investment,Single Family,Servicer_B,Current,0,0,0,0,,2022-11-01,Ellie Mae,Missing Items,Current,1,1,1,0,0,
LN0004495,15,2022-12,2021-09,15,345,155441.0,151839.08,3.73,<620,70-80%,28-36%,PA,Cash-Out Refinance,Investment,Single Family,Servicer_B,Current,0,0,0,0,,2022-12-01,Ellie Mae,Missing Items,Default,1,1,1,0,0,
LN0004537,1,2022-08,2022-07,1,359,114866.0,114699.82,3.977,780+,60-70%,28-36%,NY,Refinance,Primary,Single Family,Servicer_C,Current,0,0,0,0,,2022-08-01,CoreLogic,Complete,Current,0,0,0,0,0,
LN0004537,2,2022-09,2022-07,2,358,114866.0,114533.09,3.977,780+,60-70%,28-36%,NY,Refinance,Primary,Single Family,Servicer_C,Current,184,0,0,0,,2022-09-01,CoreLogic,Complete,Current,0,0,0,0,0,
LN0004537,3,2022-10,2022-07,3,357,114866.0,114365.8,3.977,780+,60-70%,28-36%,NY,Refinance,Primary,Single Family,Servicer_C,Current,0,0,0,0,,2022-10-01,CoreLogic,Complete,Current,0,0,0,0,0,
LN0004537,4,2022-11,2022-07,4,356,114866.0,114197.97,3.977,780+,60-70%,28-36%,NY,Refinance,Primary,Single Family,Servicer_C,Current,0,0,0,0,,2022-11-01,CoreLogic,Complete,Current,0,0,0,0,0,
LN0004537,5,2022-12,2022-07,5,355,114866.0,114029.57,3.977,780+,60-70%,28-36%,NY,Refinance,Primary,Single Family,Servicer_C,Current,0,0,0,0,,2022-12-01,CoreLogic,Complete,Current,0,0,0,0,0,
LN0004548,1,2021-08,2021-07,1,359,94632.0,94538.78,6.055,740-779,80-90%,36-43%,IL,Purchase,Primary,Single Family,Servicer_C,Current,0,0,0,0,,2021-08-01,Encompass,Under Exception,Current,0,0,0,0,0,
LN0004548,2,2021-09,2021-07,2,358,94632.0,94445.09,6.055,740-779,80-90%,36-43%,IL,Purchase,Primary,Single Family,Servicer_C,Current,0,0,0,0,,2021-09-01,Encompass,Under Exception,Current,0,0,0,0,0,
LN0004548,3,2021-10,2021-07,3,357,94632.0,94350.93,6.055,740-779,80-90%,36-43%,IL,Purchase,Primary,Single Family,Servicer_C,Current,0,0,0,0,,2021-10-01,Encompass,Under Exception,Current,0,0,0,0,0,
LN0004548,4,2021-11,2021-07,4,356,94632.0,94256.29,6.055,740-779,80-90%,36-43%,IL,Purchase,Primary,Single Family,Servicer_C,Current,0,0,0,0,,2021-11-01,Encompass,Under Exception,Current,0,0,0,0,0,
LN0004548,5,2021-12,2021-07,5,355,94632.0,94161.17,6.055,740-779,80-90%,36-43%,IL,Purchase,Primary,Single Family,Servicer_C,Current,0,0,0,0,,2021-12-01,Encompass,Under Exception,Current,0,0,0,0,0,
LN0004548,6,2022-01,2021-07,6,354,94632.0,94065.58,6.055,740-779,80-90%,36-43%,IL,Purchase,Primary,Single Family,Servicer_C,Current,0,0,0,0,,2022-01-01,Encompass,Under Exception,Current,0,0,0,0,0,
LN0004548,7,2022-02,2021-07,7,353,94632.0,93969.5,6.055,740-779,80-90%,36-43%,IL,Purchase,Primary,Single Family,Servicer_C,Current,0,0,0,0,,2022-02-01,Encompass,Under Exception,Current,0,0,0,0,0,
LN0004548,8,2022-03,2021-07,8,352,94632.0,93872.94,6.055,740-779,80-90%,36-43%,IL,Purchase,Primary,Single Family,Servicer_C,Current,0,0,0,0,,2022-03-01,Encompass,Under Exception,Current,0,0,0,0,0,
LN0004548,9,2022-04,2021-07,9,351,94632.0,93775.89,6.055,740-779,80-90%,36-43%,IL,Purchase,Primary,Single Family,Servicer_C,Current,0,0,0,0,,2022-04-01,Encompass,Under Exception,Current,0,0,0,0,0,
LN0004548,10,2022-05,2021-07,10,350,94632.0,93678.35,6.055,740-779,80-90%,36-43%,IL,Purchase,Primary,Single Family,Servicer_C,Current,0,0,0,0,,2022-05-01,Encompass,Under Exception,Current,0,0,0,0,0,
LN0004548,11,2022-06,2021-07,11,349,94632.0,93580.31,6.055,740-779,80-90%,36-43%,IL,Purchase,Primary,Single Family,Servicer_C,Current,0,0,0,0,,2022-06-01,Encompass,Under Exception,Current,0,0,0,0,0,
LN0004548,12,2022-07,2021-07,12,348,94632.0,93481.79,6.055,740-779,80-90%,36-43%,IL,Purchase,Primary,Single Family,Servicer_C,Current,0,0,0,0,,2022-07-01,Encompass,Under Exception,Current,0,0,0,0,0,
LN0004548,13,2022-08,2021-07,13,347,94632.0,93382.76,6.055,740-779,80-90%,36-43%,IL,Purchase,Primary,Single Family,Servicer_C,Current,0,0,0,0,,2022-08-01,Encompass,Under Exception,Current,0,0,0,0,0,
LN0004548,14,2022-09,2021-07,14,346,94632.0,93283.24,6.055,740-779,80-90%,36-43%,IL,Purchase,Primary,Single Family,Servicer_C,Current,0,0,0,0,,2022-09-01,Encompass,Under Exception,Current,0,0,0,0,0,
LN0004548,15,2022-10,2021-07,15,345,94632.0,93183.22,6.055,740-779,80-90%,36-43%,IL,Purchase,Primary,Single Family,Servicer_C,Current,0,0,0,0,,2022-10-01,Encompass,Under Exception,Current,0,0,0,0,0,
LN0004548,16,2022-11,2021-07,16,344,94632.0,93082.69,6.055,740-779,80-90%,36-43%,IL,Purchase,Primary,Single Family,Servicer_C,Current,0,0,0,0,,2022-11-01,Encompass,Under Exception,Current,0,0,0,0,0,
LN0004548,17,2022-12,2021-07,17,343,94632.0,92981.65,6.055,740-779,80-90%,36-43%,IL,Purchase,Primary,Single Family,Servicer_C,Current,0,0,0,0,,2022-12-01,Encompass,Under Exception,Current,0,0,0,0,0,
LN0004564,1,2022-03,2022-02,1,359,149021.0,148790.59,3.601,700-739,60-70%,28-36%,WA,Refinance,Primary,Multi-Family,Servicer_C,Current,0,0,0,0,,2022-03-01,Encompass,Under Exception,Current,0,0,0,0,0,
LN0004564,2,2022-04,2022-02,2,358,149021.0,148559.48,3.601,700-739,60-70%,28-36%,WA,Refinance,Primary,Multi-Family,Servicer_C,Current,0,0,0,0,,2022-04-01,Encompass,Under Exception,Current,0,0,1,0,0,
LN0004564,3,2022-05,2022-02,3,357,149021.0,148327.68,3.601,700-739,60-70%,28-36%,WA,Refinance,Primary,Multi-Family,Servicer_C,Current,0,0,0,0,,2022-05-01,Encompass,Under Exception,Current,0,0,1,0,0,
LN0004564,4,2022-06,2022-02,4,356,149021.0,148095.19,3.601,700-739,60-70%,28-36%,WA,Refinance,Primary,Multi-Family,Servicer_C,Current,0,0,0,0,,2022-06-01,Encompass,Under Exception,Current,0,0,1,0,0,
LN0004564,5,2022-07,2022-02,5,355,149021.0,147862.0,3.601,700-739,60-70%,28-36%,WA,Refinance,Primary,Multi-Family,Servicer_C,Current,0,0,0,0,,2022-07-01,Encompass,Under Exception,Current,0,0,1,0,0,
LN0004564,6,2022-08,2022-02,6,354,149021.0,147628.11,3.601,700-739,60-70%,28-36%,WA,Refinance,Primary,Multi-Family,Servicer_C,Current,0,0,0,0,,2022-08-01,Encompass,Under Exception,Current,0,1,1,0,0,
LN0004564,7,2022-09,2022-02,7,353,149021.0,147393.51,3.601,700-739,60-70%,28-36%,WA,Refinance,Primary,Multi-Family,Servicer_C,Current,0,0,0,0,,2022-09-01,Encompass,Under Exception,Current,0,1,1,0,0,
LN0004564,8,2022-10,2022-02,8,352,149021.0,147158.21,3.601,700-739,60-70%,28-36%,WA,Refinance,Primary,Multi-Family,Servicer_C,Current,0,0,0,0,,2022-10-01,Encompass,Under Exception,Current,0,1,1,0,0,
LN0004564,9,2022-11,2022-02,9,351,149021.0,146922.21,3.601,700-739,60-70%,28-36%,WA,Refinance,Primary,Multi-Family,Servicer_C,Current,0,0,0,0,,2022-11-01,Encompass,Under Exception,Current,1,1,1,0,0,
LN0004564,10,2022-12,2022-02,10,350,149021.0,146685.5,3.601,700-739,60-70%,28-36%,WA,Refinance,Primary,Multi-Family,Servicer_C,Current,0,0,0,0,,2022-12-01,Encompass,Under Exception,Current,1,1,1,0,0,
LN0004610,1,2022-12,2022-11,1,179,361933.0,360422.44,3.672,700-739,90-95%,36-43%,OH,Purchase,Investment,Single Family,Servicer_D,Current,0,0,0,0,,2022-12-01,Black Knight,Pending Review,Current,0,0,0,0,0,
LN0004611,1,2021-08,2021-07,1,359,66296.0,66233.2,6.259,780+,90-95%,28-36%,MA,Purchase,Primary,Single Family,Servicer_B,Current,0,0,0,0,,2021-08-01,Ellie Mae,Missing Items,Current,0,0,0,0,0,
LN0004611,2,2021-09,2021-07,2,358,66296.0,66170.08,6.259,780+,90-95%,28-36%,MA,Purchase,Primary,Single Family,Servicer_B,Current,0,0,0,0,,2021-09-01,Ellie Mae,Missing Items,Current,0,0,0,0,0,
LN0004611,3,2021-10,2021-07,3,357,66296.0,66106.63,6.259,780+,90-95%,28-36%,MA,Purchase,Primary,Single Family,Servicer_B,Current,0,0,0,0,,2021-10-01,Ellie Mae,Missing Items,Current,0,0,0,0,0,
LN0004611,4,2021-11,2021-07,4,356,66296.0,66042.85,6.259,780+,90-95%,28-36%,MA,Purchase,Primary,Single Family,Servicer_B,Current,0,0,0,0,,2021-11-01,Ellie Mae,Missing Items,Current,0,0,0,0,0,
LN0004611,5,2021-12,2021-07,5,355,66296.0,65978.73,6.259,780+,90-95%,28-36%,MA,Purchase,Primary,Single Family,Servicer_B,Current,0,0,0,0,,2021-12-01,Ellie Mae,Missing Items,Current,0,0,0,0,0,
LN0004611,6,2022-01,2021-07,6,354,66296.0,65914.28,6.259,780+,90-95%,28-36%,MA,Purchase,Primary,Single Family,Servicer_B,Current,0,0,0,0,,2022-01-01,Ellie Mae,Missing Items,Current,0,0,0,0,0,
LN0004611,7,2022-02,2021-07,7,353,66296.0,65849.5,6.259,780+,90-95%,28-36%,MA,Purchase,Primary,Single Family,Servicer_B,Current,0,0,0,0,,2022-02-01,Ellie Mae,Missing Items,Current,0,0,0,0,0,
LN0004611,8,2022-03,2021-07,8,352,66296.0,65784.37,6.259,780+,90-95%,28-36%,MA,Purchase,Primary,Single Family,Servicer_B,Current,0,0,0,0,,2022-03-01,Ellie Mae,Missing Items,Current,0,0,0,0,0,
LN0004611,9,2022-04,2021-07,9,351,66296.0,65718.91,6.259,780+,90-95%,28-36%,MA,Purchase,Primary,Single Family,Servicer_B,Current,0,0,0,0,,2022-04-01,Ellie Mae,Missing Items,Current,0,0,0,0,0,
LN0004611,10,2022-05,2021-07,10,350,66296.0,65653.1,6.259,780+,90-95%,28-36%,MA,Purchase,Primary,Single Family,Servicer_B,Current,393,0,0,0,,2022-05-01,Ellie Mae,Missing Items,Current,0,0,0,0,0,
LN0004611,11,2022-06,2021-07,11,349,66296.0,65586.95,6.259,780+,90-95%,28-36%,MA,Purchase,Primary,Single Family,Servicer_B,Current,0,0,0,0,,2022-06-01,Ellie Mae,Missing Items,Current,0,0,0,0,0,
LN0004611,12,2022-07,2021-07,12,348,66296.0,65520.46,6.259,780+,90-95%,28-36%,MA,Purchase,Primary,Single Family,Servicer_B,Current,0,0,0,0,,2022-07-01,Ellie Mae,Missing Items,Current,0,0,0,0,0,
LN0004611,13,2022-08,2021-07,13,347,66296.0,65453.62,6.259,780+,90-95%,28-36%,MA,Purchase,Primary,Single Family,Servicer_B,Current,0,0,0,0,,2022-08-01,Ellie Mae,Missing Items,Current,0,0,0,0,0,
LN0004611,14,2022-09,2021-07,14,346,66296.0,65386.43,6.259,780+,90-95%,28-36%,MA,Purchase,Primary,Single Family,Servicer_B,Current,0,0,0,0,,2022-09-01,Ellie Mae,Missing Items,Current,0,0,0,0,0,
LN0004611,15,2022-10,2021-07,15,345,66296.0,65318.89,6.259,780+,90-95%,28-36%,MA,Purchase,Primary,Single Family,Servicer_B,Current,0,0,0,0,,2022-10-01,Ellie Mae,Missing Items,Current,0,0,0,0,0,
LN0004611,16,2022-11,2021-07,16,344,66296.0,65251.0,6.259,780+,90-95%,28-36%,MA,Purchase,Primary,Single Family,Servicer_B,Current,0,0,0,0,,2022-11-01,Ellie Mae,Missing Items,Current,0,0,0,0,0,
LN0004611,17,2022-12,2021-07,17,343,66296.0,65182.76,6.259,780+,90-95%,28-36%,MA,Purchase,Primary,Single Family,Servicer_B,Current,0,0,0,0,,2022-12-01,Ellie Mae,Missing Items,Current,0,0,0,0,0,
LN0004626,1,2022-03,2022-02,1,359,92398.0,92276.52,4.509,700-739,60-70%,20-28%,OH,Purchase,Primary,Single Family,Servicer_C,Current,0,0,0,0,,2022-03-01,Black Knight,Pending Review,Current,0,0,0,0,0,
LN0004626,2,2022-04,2022-02,2,358,92398.0,92154.59,4.509,700-739,60-70%,20-28%,OH,Purchase,Primary,Single Family,Servicer_C,Current,0,0,0,0,,2022-04-01,Black Knight,Pending Review,Current,0,0,0,0,0,
LN0004626,3,2022-05,2022-02,3,357,92398.0,92032.2,4.509,700-739,60-70%,20-28%,OH,Purchase,Primary,Single Family,Servicer_C,Current,0,0,0,0,,2022-05-01,Black Knight,Pending Review,Current,0,0,0,0,0,
LN0004626,4,2022-06,2022-02,4,356,92398.0,91909.35,4.509,700-739,60-70%,20-28%,OH,Purchase,Primary,Single Family,Servicer_C,Current,0,0,0,0,,2022-06-01,Black Knight,Pending Review,Current,0,0,0,0,0,
LN0004626,5,2022-07,2022-02,5,355,92398.0,91786.04,4.509,700-739,60-70%,20-28%,OH,Purchase,Primary,Single Family,Servicer_C,Current,0,0,0,0,,2022-07-01,Black Knight,Pending Review,Current,0,0,0,0,0,
LN0004626,6,2022-08,2022-02,6,354,92398.0,91662.26,4.509,700-739,60-70%,20-28%,OH,Purchase,Primary,Single Family,Servicer_C,Current,0,0,0,0,,2022-08-01,Black Knight,Pending Review,Current,0,0,0,0,0,
LN0004626,7,2022-09,2022-02,7,353,92398.0,91538.02,4.509,700-739,60-70%,20-28%,OH,Purchase,Primary,Single Family,Servicer_C,Current,0,0,0,0,,2022-09-01,Black Knight,Pending Review,Current,0,0,0,0,0,
LN0004626,8,2022-10,2022-02,8,352,92398.0,91413.32,4.509,700-739,60-70%,20-28%,OH,Purchase,Primary,Single Family,Servicer_C,Current,0,0,0,0,,2022-10-01,Black Knight,Pending Review,Current,0,0,0,0,0,
LN0004626,9,2022-11,2022-02,9,351,92398.0,91288.14,4.509,700-739,60-70%,20-28%,OH,Purchase,Primary,Single Family,Servicer_C,Current,0,0,0,0,,2022-11-01,Black Knight,Pending Review,Current,0,0,0,0,0,
LN0004626,10,2022-12,2022-02,10,350,92398.0,91162.49,4.509,700-739,60-70%,20-28%,OH,Purchase,Primary,Single Family,Servicer_C,Current,0,0,0,0,,2022-12-01,Black Knight,Pending Review,Current,0,0,0,0,0,
LN0004649,1,2022-07,2022-06,1,359,177438.0,177177.57,3.896,660-699,70-80%,20-28%,IL,Purchase,Primary,Condo,Servicer_C,Current,0,0,0,0,,2022-07-01,CoreLogic,Complete,Current,0,0,1,0,0,
LN0004649,2,2022-08,2022-06,2,358,177438.0,176916.29,3.896,660-699,70-80%,20-28%,IL,Purchase,Primary,Condo,Servicer_C,Current,0,0,0,0,,2022-08-01,CoreLogic,Complete,Current,0,0,1,0,0,
LN0004649,3,2022-09,2022-06,3,357,177438.0,176654.17,3.896,660-699,70-80%,20-28%,IL,Purchase,Primary,Condo,Servicer_C,Current,0,0,0,0,,2022-09-01,CoreLogic,Complete,Current,0,0,1,0,0,
LN0004649,4,2022-10,2022-06,4,356,177438.0,176391.2,3.896,660-699,70-80%,20-28%,IL,Purchase,Primary,Condo,Servicer_C,Current,0,0,0,0,,2022-10-01,CoreLogic,Complete,Current,0,0,1,0,0,
LN0004649,5,2022-11,2022-06,5,355,177438.0,176127.37,3.896,660-699,70-80%,20-28%,IL,Purchase,Primary,Condo,Servicer_C,Current,0,0,0,0,,2022-11-01,CoreLogic,Complete,Current,0,0,1,0,0,
LN0004649,6,2022-12,2022-06,6,354,177438.0,175862.68,3.896,660-699,70-80%,20-28%,IL,Purchase,Primary,Condo,Servicer_C,Current,0,0,0,0,,2022-12-01,CoreLogic,Complete,Current,0,1,1,0,0,
LN0004659,1,2022-02,2022-01,1,359,116174.0,116037.38,5.116,660-699,80-90%,36-43%,VA,Cash-Out Refinance,Primary,Manufactured,Servicer_A,Current,0,0,0,0,,2022-02-01,Ellie Mae,Missing Items,Current,0,0,0,0,0,
LN0004659,2,2022-03,2022-01,2,358,116174.0,115900.18,5.116,660-699,80-90%,36-43%,VA,Cash-Out Refinance,Primary,Manufactured,Servicer_A,Current,0,0,0,0,,2022-03-01,Ellie Mae,Missing Items,Current,0,0,0,0,0,
LN0004659,3,2022-04,2022-01,3,357,116174.0,115762.39,5.116,660-699,80-90%,36-43%,VA,Cash-Out Refinance,Primary,Manufactured,Servicer_A,Current,0,0,0,0,,2022-04-01,Ellie Mae,Missing Items,Current,0,0,0,0,0,
LN0004659,4,2022-05,2022-01,4,356,116174.0,115624.01,5.116,660-699,80-90%,36-43%,VA,Cash-Out Refinance,Primary,Manufactured,Servicer_A,Current,0,0,0,0,,2022-05-01,Ellie Mae,Missing Items,Current,0,0,0,0,0,
LN0004659,5,2022-06,2022-01,5,355,116174.0,115485.05,5.116,660-699,80-90%,36-43%,VA,Cash-Out Refinance,Primary,Manufactured,Servicer_A,Current,0,0,0,0,,2022-06-01,Ellie Mae,Missing Items,Current,0,0,0,0,0,
LN0004659,6,2022-07,2022-01,6,354,116174.0,115345.49,5.116,660-699,80-90%,36-43%,VA,Cash-Out Refinance,Primary,Manufactured,Servicer_A,Current,0,0,0,0,,2022-07-01,Ellie Mae,Missing Items,Current,0,0,0,0,0,
LN0004659,7,2022-08,2022-01,7,353,116174.0,115205.34,5.116,660-699,80-90%,36-43%,VA,Cash-Out Refinance,Primary,Manufactured,Servicer_A,Current,0,0,0,0,,2022-08-01,Ellie Mae,Missing Items,Current,0,0,0,0,0,
LN0004659,8,2022-09,2022-01,8,352,116174.0,115064.59,5.116,660-699,80-90%,36-43%,VA,Cash-Out Refinance,Primary,Manufactured,Servicer_A,Current,0,0,0,0,,2022-09-01,Ellie Mae,Missing Items,Current,0,0,0,0,0,
LN0004659,9,2022-10,2022-01,9,351,116174.0,114923.24,5.116,660-699,80-90%,36-43%,VA,Cash-Out Refinance,Primary,Manufactured,Servicer_A,Current,0,0,0,0,,2022-10-01,Ellie Mae,Missing Items,Current,0,0,0,0,0,
LN0004659,10,2022-11,2022-01,10,350,116174.0,114781.28,5.116,660-699,80-90%,36-43%,VA,Cash-Out Refinance,Primary,Manufactured,Servicer_A,Current,0,0,0,0,,2022-11-01,Ellie Mae,Missing Items,Current,0,0,0,0,0,
LN0004659,11,2022-12,2022-01,11,349,116174.0,114638.72,5.116,660-699,80-90%,36-43%,VA,Cash-Out Refinance,Primary,Manufactured,Servicer_A,Current,0,0,0,0,,2022-12-01,Ellie Mae,Missing Items,Current,0,0,0,0,0,
LN0004681,1,2021-09,2021-08,1,359,85461.0,85360.85,5.135,<620,80-90%,20-28%,NY,Refinance,Primary,Manufactured,Servicer_A,Current,0,0,0,0,,2021-09-01,CoreLogic,Complete,Current,0,0,0,0,0,
LN0004681,2,2021-10,2021-08,2,358,85461.0,85260.28,5.135,<620,80-90%,20-28%,NY,Refinance,Primary,Manufactured,Servicer_A,Current,0,0,0,0,,2021-10-01,CoreLogic,Complete,Current,0,0,0,0,0,
LN0004681,3,2021-11,2021-08,3,357,85461.0,85159.27,5.135,<620,80-90%,20-28%,NY,Refinance,Primary,Manufactured,Servicer_A,Current,0,0,0,0,,2021-11-01,CoreLogic,Complete,Current,0,0,0,0,0,
LN0004681,4,2021-12,2021-08,4,356,85461.0,85057.83,5.135,<620,80-90%,20-28%,NY,Refinance,Primary,Manufactured,Servicer_A,Current,0,0,0,0,,2021-12-01,CoreLogic,Complete,Current,0,0,0,0,0,
LN0004681,5,2022-01,2021-08,5,355,85461.0,84955.96,5.135,<620,80-90%,20-28%,NY,Refinance,Primary,Manufactured,Servicer_A,Current,0,0,0,0,,2022-01-01,CoreLogic,Complete,Current,0,0,0,0,0,
LN0004681,6,2022-02,2021-08,6,354,85461.0,84853.65,5.135,<620,80-90%,20-28%,NY,Refinance,Primary,Manufactured,Servicer_A,Current,0,0,0,0,,2022-02-01,CoreLogic,Complete,Current,0,0,0,0,0,
LN0004681,7,2022-03,2021-08,7,353,85461.0,84750.9,5.135,<620,80-90%,20-28%,NY,Refinance,Primary,Manufactured,Servicer_A,Current,0,0,0,0,,2022-03-01,CoreLogic,Complete,Current,0,0,0,0,0,
LN0004681,8,2022-04,2021-08,8,352,85461.0,84647.71,5.135,<620,80-90%,20-28%,NY,Refinance,Primary,Manufactured,Servicer_A,Current,0,0,0,0,,2022-04-01,CoreLogic,Complete,Current,0,0,0,0,0,
LN0004681,9,2022-05,2021-08,9,351,85461.0,84544.08,5.135,<620,80-90%,20-28%,NY,Refinance,Primary,Manufactured,Servicer_A,Current,0,0,0,0,,2022-05-01,CoreLogic,Complete,Current,0,0,0,0,0,
LN0004681,10,2022-06,2021-08,10,350,85461.0,84440.01,5.135,<620,80-90%,20-28%,NY,Refinance,Primary,Manufactured,Servicer_A,Current,0,0,0,0,,2022-06-01,CoreLogic,Complete,Current,0,0,0,0,0,
LN0004681,11,2022-07,2021-08,11,349,85461.0,84335.5,5.135,<620,80-90%,20-28%,NY,Refinance,Primary,Manufactured,Servicer_A,Current,0,0,0,0,,2022-07-01,CoreLogic,Complete,Current,0,0,0,0,0,
LN0004681,12,2022-08,2021-08,12,348,85461.0,185307.17,5.135,<620,80-90%,20-28%,NY,Refinance,Primary,Manufactured,Servicer_A,Current,0,0,0,0,,2022-08-01,CoreLogic,Complete,Current,0,0,0,0,1,Valuation Discrepancy
LN0004681,13,2022-09,2021-08,13,347,85461.0,84125.12,5.135,<620,80-90%,20-28%,NY,Refinance,Primary,Manufactured,Servicer_A,Current,0,0,0,0,,2022-09-01,CoreLogic,Complete,Current,0,0,0,0,0,
LN0004681,14,2022-10,2021-08,14,346,85461.0,84019.25,5.135,<620,80-90%,20-28%,NY,Refinance,Primary,Manufactured,Servicer_A,Current,0,0,0,0,,2022-10-01,CoreLogic,Complete,Current,0,0,0,0,0,
LN0004681,15,2022-11,2021-08,15,345,85461.0,83912.94,5.135,<620,80-90%,20-28%,NY,Refinance,Primary,Manufactured,Servicer_A,Current,0,0,0,0,,2022-11-01,CoreLogic,Complete,Current,0,0,0,0,0,
LN0004681,16,2022-12,2021-08,16,344,85461.0,83806.16,5.135,<620,80-90%,20-28%,NY,Refinance,Primary,Manufactured,Servicer_A,Current,0,0,0,0,,2022-12-01,CoreLogic,Complete,Current,0,0,0,0,0,
LN0004687,1,2022-06,2022-05,1,359,144496.0,144341.5,5.624,740-779,70-80%,28-36%,OH,Purchase,Primary,Single Family,Servicer_E,Current,0,0,0,0,,2022-06-01,Ellie Mae,Missing Items,Current,0,0,0,0,0,
LN0004687,2,2022-07,2022-05,2,358,144496.0,144186.27,5.624,740-779,70-80%,28-36%,OH,Purchase,Primary,Single Family,Servicer_E,Current,0,0,0,0,,2022-07-01,Ellie Mae,Missing Items,Current,0,0,0,0,0,
LN0004687,3,2022-08,2022-05,3,357,144496.0,144030.31,5.624,740-779,70-80%,28-36%,OH,Purchase,Primary,Single Family,Servicer_E,Current,0,0,0,0,,2022-08-01,Ellie Mae,Missing Items,Current,0,0,0,0,0,
LN0004687,4,2022-09,2022-05,4,356,144496.0,143873.62,5.624,740-779,70-80%,28-36%,OH,Purchase,Primary,Single Family,Servicer_E,Current,0,0,0,0,,2022-09-01,Ellie Mae,Missing Items,Current,0,0,0,0,0,
LN0004687,5,2022-10,2022-05,5,355,144496.0,143716.2,5.624,740-779,70-80%,28-36%,OH,Purchase,Primary,Single Family,Servicer_E,Current,0,0,0,0,,2022-10-01,Ellie Mae,Missing Items,Current,0,0,0,0,0,
LN0004687,6,2022-11,2022-05,6,354,144496.0,143558.04,5.624,740-779,70-80%,28-36%,OH,Purchase,Primary,Single Family,Servicer_E,Current,0,0,0,0,,2022-11-01,Ellie Mae,Missing Items,Current,0,0,0,0,0,
LN0004687,7,2022-12,2022-05,7,353,144496.0,143399.14,5.624,740-779,70-80%,28-36%,OH,Purchase,Primary,Single Family,Servicer_E,Current,0,0,0,0,,2022-12-01,Ellie Mae,Missing Items,Current,0,0,0,0,0,
LN0004707,1,2022-09,2022-08,1,179,115208.0,114716.03,3.389,740-779,<60%,28-36%,MO,Refinance,Primary,Single Family,Servicer_E,Current,0,0,0,0,,2022-09-01,Ellie Mae,Missing Items,Current,0,0,0,0,0,
LN0004707,2,2022-10,2022-08,2,178,115208.0,114222.67,3.389,740-779,<60%,28-36%,MO,Refinance,Primary,Single Family,Servicer_E,Current,0,0,0,0,,2022-10-01,Ellie Mae,Missing Items,Current,0,0,0,0,0,
LN0004707,3,2022-11,2022-08,3,177,115208.0,113727.92,3.389,740-779,<60%,28-36%,MO,Refinance,Primary,Single Family,Servicer_E,Current,0,0,0,0,,2022-11-01,Ellie Mae,Missing Items,Current,0,0,0,0,0,
LN0004707,4,2022-12,2022-08,4,176,115208.0,113231.77,3.389,740-779,<60%,28-36%,MO,Refinance,Primary,Single Family,Servicer_E,Current,0,0,0,0,,2022-12-01,Ellie Mae,Missing Items,Current,0,0,0,0,0,
LN0004719,1,2021-12,2021-11,1,359,50000.0,49933.15,4.416,700-739,>95%,>43%,CA,Cash-Out Refinance,Primary,Condo,Servicer_E,Current,0,0,0,0,,2021-12-01,Ellie Mae,Missing Items,Current,0,0,0,0,0,
LN0004719,2,2022-01,2021-11,2,358,50000.0,49866.05,4.416,700-739,>95%,>43%,CA,Cash-Out Refinance,Primary,Condo,Servicer_E,Current,0,0,0,0,,2022-01-01,Ellie Mae,Missing Items,Current,0,0,0,0,0,
LN0004719,3,2022-02,2021-11,3,357,50000.0,49798.7,4.416,700-739,>95%,>43%,CA,Cash-Out Refinance,Primary,Condo,Servicer_E,Current,0,0,0,0,,2022-02-01,Ellie Mae,Missing Items,Current,0,0,0,0,0,
LN0004719,4,2022-03,2021-11,4,356,50000.0,49731.11,4.416,700-739,>95%,>43%,CA,Cash-Out Refinance,Primary,Condo,Servicer_E,Current,0,0,0,0,,2022-03-01,Ellie Mae,Missing Items,Current,0,0,1,0,0,
LN0004719,5,2022-04,2021-11,5,355,50000.0,49663.26,4.416,700-739,>95%,>43%,CA,Cash-Out Refinance,Primary,Condo,Servicer_E,Current,0,0,0,0,,2022-04-01,Ellie Mae,Missing Items,Current,0,0,1,0,0,
LN0004719,6,2022-05,2021-11,6,354,50000.0,49595.17,4.416,700-739,>95%,>43%,CA,Cash-Out Refinance,Primary,Condo,Servicer_E,Current,0,0,0,0,,2022-05-01,Ellie Mae,Missing Items,Current,0,0,1,0,0,
LN0004719,7,2022-06,2021-11,7,353,50000.0,49526.83,4.416,700-739,>95%,>43%,CA,Cash-Out Refinance,Primary,Condo,Servicer_E,Current,0,0,0,0,,2022-06-01,Ellie Mae,Missing Items,Current,0,0,1,0,0,
LN0004719,8,2022-07,2021-11,8,352,50000.0,49458.23,4.416,700-739,>95%,>43%,CA,Cash-Out Refinance,Primary,Condo,Servicer_E,Current,0,0,0,0,,2022-07-01,Ellie Mae,Missing Items,Current,0,0,1,0,0,
LN0004719,9,2022-08,2021-11,9,351,50000.0,49389.39,4.416,700-739,>95%,>43%,CA,Cash-Out Refinance,Primary,Condo,Servicer_E,Current,0,0,0,0,,2022-08-01,Ellie Mae,Missing Items,Current,0,0,1,0,0,
LN0004719,10,2022-09,2021-11,10,350,50000.0,49320.29,4.416,700-739,>95%,>43%,CA,Cash-Out Refinance,Primary,Condo,Servicer_E,Current,0,0,0,0,,2022-09-01,Ellie Mae,Missing Items,Current,0,1,1,0,0,
LN0004719,11,2022-10,2021-11,11,349,50000.0,49250.93,4.416,700-739,>95%,>43%,CA,Cash-Out Refinance,Primary,Condo,Servicer_E,Current,0,0,0,0,,2022-10-01,Ellie Mae,Missing Items,Current,0,1,1,0,0,
LN0004719,12,2022-11,2021-11,12,348,50000.0,49181.32,4.416,700-739,>95%,>43%,CA,Cash-Out Refinance,Primary,Condo,Servicer_E,Current,0,0,0,0,,2022-11-01,Ellie Mae,Missing Items,Current,0,1,1,0,0,
LN0004719,13,2022-12,2021-11,13,347,50000.0,49111.46,4.416,700-739,>95%,>43%,CA,Cash-Out Refinance,Primary,Condo,Servicer_E,Current,0,0,0,0,,2022-12-01,Ellie Mae,Missing Items,Current,1,1,1,0,0,
LN0004724,1,2022-01,2021-12,1,359,94271.0,94114.73,3.201,780+,90-95%,20-28%,WI,Refinance,Primary,Townhouse,Servicer_B,Current,0,0,0,0,,2022-01-01,Encompass,Under Exception,Current,0,0,0,0,0,
LN0004724,2,2022-02,2021-12,2,358,94271.0,93958.03,3.201,780+,90-95%,20-28%,WI,Refinance,Primary,Townhouse,Servicer_B,Current,0,0,0,0,,2022-02-01,Encompass,Under Exception,Current,0,0,0,0,0,
LN0004724,3,2022-03,2021-12,3,357,94271.0,93800.92,3.201,780+,90-95%,20-28%,WI,Refinance,Primary,Townhouse,Servicer_B,Current,0,0,0,0,,2022-03-01,Encompass,Under Exception,Current,0,0,0,0,0,
LN0004724,4,2022-04,2021-12,4,356,94271.0,93643.4,3.201,780+,90-95%,20-28%,WI,Refinance,Primary,Townhouse,Servicer_B,Current,0,0,0,0,,2022-04-01,Encompass,Under Exception,Current,0,0,0,0,0,
LN0004724,5,2022-05,2021-12,5,355,94271.0,93485.45,3.201,780+,90-95%,20-28%,WI,Refinance,Primary,Townhouse,Servicer_B,Current,0,0,0,0,,2022-05-01,Encompass,Under Exception,Current,0,0,0,0,0,
LN0004724,6,2022-06,2021-12,6,354,94271.0,93327.08,3.201,780+,90-95%,20-28%,WI,Refinance,Primary,Townhouse,Servicer_B,Current,0,0,0,0,,2022-06-01,Encompass,Under Exception,Current,0,0,0,0,0,
LN0004724,7,2022-07,2021-12,7,353,94271.0,93168.29,3.201,780+,90-95%,20-28%,WI,Refinance,Primary,Townhouse,Servicer_B,Current,0,0,0,0,,2022-07-01,Encompass,Under Exception,Current,0,0,0,0,0,
LN0004724,8,2022-08,2021-12,8,352,94271.0,93009.07,3.201,780+,90-95%,20-28%,WI,Refinance,Primary,Townhouse,Servicer_B,Current,0,0,0,0,,2022-08-01,Encompass,Under Exception,Current,0,0,0,0,0,
LN0004724,9,2022-09,2021-12,9,351,94271.0,92849.43,3.201,780+,90-95%,20-28%,WI,Refinance,Primary,Townhouse,Servicer_B,Current,0,0,0,0,,2022-09-01,Encompass,Under Exception,Current,0,0,0,0,0,
LN0004724,10,2022-10,2021-12,10,350,94271.0,92689.36,3.201,780+,90-95%,20-28%,WI,Refinance,Primary,Townhouse,Servicer_B,Current,0,0,0,0,,2022-10-01,Encompass,Under Exception,Current,0,0,0,0,0,
LN0004724,11,2022-11,2021-12,11,349,94271.0,92528.87,3.201,780+,90-95%,20-28%,WI,Refinance,Primary,Townhouse,Servicer_B,Current,0,0,0,0,,2022-11-01,Encompass,Under Exception,Current,0,0,0,0,0,
LN0004724,12,2022-12,2021-12,12,348,94271.0,92367.95,3.201,780+,90-95%,20-28%,WI,Refinance,Primary,Townhouse,Servicer_B,Current,0,0,0,0,,2022-12-01,Encompass,Under Exception,Current,0,0,0,0,0,
LN0004724,13,2021-10,2021-12,13,347,94271.0,92206.6,3.201,780+,90-95%,20-28%,WI,Refinance,Primary,Townhouse,Servicer_B,Current,0,0,0,0,,2023-01-01,Encompass,Under Exception,Current,0,0,0,0,1,Date Anomaly
LN0004730,1,2020-11,2020-10,1,359,209428.0,209109.89,3.702,740-779,80-90%,36-43%,OH,Purchase,Primary,Single Family,Servicer_D,Current,0,0,0,0,,2020-11-01,Black Knight,Pending Review,Current,0,0,0,0,0,
LN0004730,2,2020-12,2020-10,2,358,209428.0,208790.79,3.702,740-779,80-90%,36-43%,OH,Purchase,Primary,Single Family,Servicer_D,Current,0,0,0,0,,2020-12-01,Black Knight,Pending Review,Current,0,0,0,0,0,
LN0004730,3,2021-01,2020-10,3,357,209428.0,208470.71,3.702,740-779,80-90%,36-43%,OH,Purchase,Primary,Single Family,Servicer_D,Current,0,0,0,0,,2021-01-01,Black Knight,Pending Review,Current,0,0,0,0,0,
LN0004730,4,2021-02,2020-10,4,356,209428.0,208149.65,3.702,740-779,80-90%,36-43%,OH,Purchase,Primary,Single Family,Servicer_D,Current,0,0,0,0,,2021-02-01,Black Knight,Pending Review,Current,0,0,0,0,0,
LN0004730,5,2021-03,2020-10,5,355,209428.0,207827.59,3.702,740-779,80-90%,36-43%,OH,Purchase,Primary,Single Family,Servicer_D,Current,0,0,0,0,,2021-03-01,Black Knight,Pending Review,Current,0,0,0,0,0,
LN0004730,6,2021-04,2020-10,6,354,209428.0,207504.54,3.702,740-779,80-90%,36-43%,OH,Purchase,Primary,Single Family,Servicer_D,Current,0,0,0,0,,2021-04-01,Black Knight,Pending Review,Current,0,0,0,0,0,
LN0004730,7,2021-05,2020-10,7,353,209428.0,207180.49,3.702,740-779,80-90%,36-43%,OH,Purchase,Primary,Single Family,Servicer_D,Current,0,0,0,0,,2021-05-01,Black Knight,Pending Review,Current,0,0,0,0,0,
LN0004730,8,2021-06,2020-10,8,352,209428.0,206855.45,3.702,740-779,80-90%,36-43%,OH,Purchase,Primary,Single Family,Servicer_D,Current,0,0,0,0,,2021-06-01,Black Knight,Pending Review,Current,0,0,0,0,0,
LN0004730,9,2021-07,2020-10,9,351,209428.0,206529.4,3.702,740-779,80-90%,36-43%,OH,Purchase,Primary,Single Family,Servicer_D,Current,0,0,0,0,,2021-07-01,Black Knight,Pending Review,Current,0,0,0,0,0,
LN0004730,10,2021-08,2020-10,10,350,209428.0,206202.34,3.702,740-779,80-90%,36-43%,OH,Purchase,Primary,Single Family,Servicer_D,Current,0,0,0,0,,2021-08-01,Black Knight,Pending Review,Current,0,0,0,0,0,
LN0004730,11,2021-09,2020-10,11,349,209428.0,205874.28,3.702,740-779,80-90%,36-43%,OH,Purchase,Primary,Single Family,Servicer_D,Current,0,0,0,0,,2021-09-01,Black Knight,Pending Review,Current,0,0,0,0,0,
LN0004730,12,2021-10,2020-10,12,348,209428.0,205545.2,3.702,740-779,80-90%,36-43%,OH,Purchase,Primary,Single Family,Servicer_D,Current,0,0,0,0,,2021-10-01,Black Knight,Pending Review,Current,0,0,0,0,0,
LN0004730,13,2021-11,2020-10,13,347,209428.0,205215.11,3.702,740-779,80-90%,36-43%,OH,Purchase,Primary,Single Family,Servicer_D,Current,0,0,0,0,,2021-11-01,Black Knight,Pending Review,Current,0,0,0,0,0,
LN0004730,14,2021-12,2020-10,14,346,209428.0,204884.0,3.702,740-779,80-90%,36-43%,OH,Purchase,Primary,Single Family,Servicer_D,Current,0,0,0,0,,2021-12-01,Black Knight,Pending Review,Current,0,1,0,0,0,
LN0004730,15,2022-01,2020-10,15,345,209428.0,204551.87,3.702,740-779,80-90%,36-43%,OH,Purchase,Primary,Single Family,Servicer_D,Current,0,0,0,0,,2022-01-01,Black Knight,Pending Review,Current,0,1,0,0,0,
LN0004730,16,2022-02,2020-10,16,344,209428.0,204218.71,3.702,740-779,80-90%,36-43%,OH,Purchase,Primary,Single Family,Servicer_D,Current,0,0,0,0,,2022-02-01,Black Knight,Pending Review,Current,0,1,0,0,0,
LN0004730,17,2022-03,2020-10,17,343,209428.0,203884.53,3.702,740-779,80-90%,36-43%,OH,Purchase,Primary,Single Family,Servicer_D,Current,0,0,0,0,,2022-03-01,Black Knight,Pending Review,Current,1,1,0,0,0,
LN0004730,18,2022-04,2020-10,18,342,209428.0,203549.32,3.702,740-779,80-90%,36-43%,OH,Purchase,Primary,Single Family,Servicer_D,Current,0,0,0,0,,2022-04-01,Black Knight,Pending Review,Current,1,1,0,0,0,
LN0004730,19,2022-05,2020-10,19,341,209428.0,203213.07,3.702,740-779,80-90%,36-43%,OH,Purchase,Primary,Single Family,Servicer_D,Current,0,0,0,0,,2022-05-01,Black Knight,Pending Review,30-59 DPD,1,1,0,0,0,
LN0004730,20,2022-06,2020-10,20,340,209428.0,202875.78,3.702,740-779,80-90%,36-43%,OH,Purchase,Primary,Single Family,Servicer_D,30-59 DPD,0,0,0,0,,2022-06-01,Black Knight,Pending Review,Current,0,0,0,0,0,
LN0004730,21,2022-07,2020-10,21,339,209428.0,202537.45,3.702,740-779,80-90%,36-43%,OH,Purchase,Primary,Single Family,Servicer_D,Current,30,0,0,0,,2022-07-01,Black Knight,Pending Review,Current,0,0,0,0,0,
LN0004730,22,2022-08,2020-10,22,338,209428.0,202198.08,3.702,740-779,80-90%,36-43%,OH,Purchase,Primary,Single Family,Servicer_D,Current,0,0,0,0,,2022-08-01,Black Knight,Pending Review,Current,0,0,0,0,0,
LN0004730,23,2022-09,2020-10,23,337,209428.0,201857.67,3.702,740-779,80-90%,36-43%,OH,Purchase,Primary,Single Family,Servicer_D,Current,0,0,0,0,,2022-09-01,Black Knight,Pending Review,Current,0,0,0,0,0,
LN0004730,24,2022-10,2020-10,24,336,209428.0,201516.2,3.702,740-779,80-90%,36-43%,OH,Purchase,Primary,Single Family,Servicer_D,Current,0,0,0,0,,2022-10-01,Black Knight,Pending Review,Current,0,0,0,0,0,
LN0004730,25,2022-11,2020-10,25,335,209428.0,201173.68,3.702,740-779,80-90%,36-43%,OH,Purchase,Primary,Single Family,Servicer_D,Current,0,0,0,0,,2022-11-01,Black Knight,Pending Review,Current,0,0,0,0,0,
LN0004730,26,2022-12,2020-10,26,334,209428.0,200830.1,3.702,740-779,80-90%,36-43%,OH,Purchase,Primary,Single Family,Servicer_D,Current,0,0,0,0,,2022-12-01,Black Knight,Pending Review,Current,0,0,0,0,0,
LN0004734,1,2022-04,2022-03,1,359,121749.0,121557.03,3.489,660-699,60-70%,28-36%,GA,Home Improvement,Primary,Townhouse,Servicer_D,Current,0,0,0,0,,2022-04-01,Black Knight,Pending Review,Current,0,0,0,0,0,
LN0004734,2,2022-05,2022-03,2,358,121749.0,121364.49,3.489,660-699,60-70%,28-36%,GA,Home Improvement,Primary,Townhouse,Servicer_D,Current,0,0,0,0,,2022-05-01,Black Knight,Pending Review,Current,0,0,0,0,0,
LN0004734,3,2022-06,2022-03,3,357,121749.0,121171.4,3.489,660-699,60-70%,28-36%,GA,Home Improvement,Primary,Townhouse,Servicer_D,Current,0,0,0,0,,2022-06-01,Black Knight,Pending Review,Current,0,0,0,0,0,
LN0004734,4,2022-07,2022-03,4,356,121749.0,120977.74,3.489,660-699,60-70%,28-36%,GA,Home Improvement,Primary,Townhouse,Servicer_D,Current,0,0,0,0,,2022-07-01,Black Knight,Pending Review,Current,0,0,0,0,0,
LN0004734,5,2022-08,2022-03,5,355,121749.0,120783.53,3.489,660-699,60-70%,28-36%,GA,Home Improvement,Primary,Townhouse,Servicer_D,Current,0,0,0,0,,2022-08-01,Black Knight,Pending Review,Current,0,0,0,0,0,
LN0004734,6,2022-09,2022-03,6,354,121749.0,120588.75,3.489,660-699,60-70%,28-36%,GA,Home Improvement,Primary,Townhouse,Servicer_D,Current,0,0,0,0,,2022-09-01,Black Knight,Pending Review,Current,0,0,0,0,0,
LN0004734,7,2022-10,2022-03,7,353,121749.0,120393.4,3.489,660-699,60-70%,28-36%,GA,Home Improvement,Primary,Townhouse,Servicer_D,Current,0,0,0,0,,2022-10-01,Black Knight,Pending Review,Current,0,0,0,0,0,
LN0004734,8,2022-11,2022-03,8,352,121749.0,120197.48,3.489,660-699,60-70%,28-36%,GA,Home Improvement,Primary,Townhouse,Servicer_D,Current,0,0,0,0,,2022-11-01,Black Knight,Pending Review,Current,0,0,0,0,0,
LN0004734,9,2022-12,2022-03,9,351,121749.0,120000.99,3.489,660-699,60-70%,28-36%,GA,Home Improvement,Primary,Townhouse,Servicer_D,Current,0,0,0,0,,2022-12-01,Black Knight,Pending Review,Current,0,0,0,0,0,
LN0004757,1,2022-04,2022-03,1,359,50000.0,49926.46,3.884,700-739,60-70%,28-36%,WA,Purchase,Primary,Single Family,Servicer_C,Current,0,0,0,0,,2022-04-01,CoreLogic,Complete,Current,0,0,0,0,0,
LN0004757,2,2022-05,2022-03,2,358,50000.0,49852.68,3.884,700-739,60-70%,28-36%,WA,Purchase,Primary,Single Family,Servicer_C,Current,0,0,0,0,,2022-05-01,CoreLogic,Complete,Current,0,0,0,0,0,
LN0004757,3,2022-06,2022-03,3,357,50000.0,49778.66,3.884,700-739,60-70%,28-36%,WA,Purchase,Primary,Single Family,Servicer_C,Current,0,0,0,0,,2022-06-01,CoreLogic,Complete,Current,0,0,0,0,0,
LN0004757,4,2022-07,2022-03,4,356,50000.0,49704.4,3.884,700-739,60-70%,28-36%,WA,Purchase,Primary,Single Family,Servicer_C,Current,0,0,0,0,,2022-07-01,CoreLogic,Complete,Current,0,0,0,0,0,
LN0004757,5,2022-08,2022-03,5,355,50000.0,49629.9,3.884,700-739,60-70%,28-36%,WA,Purchase,Primary,Single Family,Servicer_C,Current,0,0,0,0,,2022-08-01,CoreLogic,Complete,Current,0,0,0,0,0,
LN0004757,6,2022-09,2022-03,6,354,50000.0,49555.16,3.884,700-739,60-70%,28-36%,WA,Purchase,Primary,Single Family,Servicer_C,Current,0,0,0,0,,2022-09-01,CoreLogic,Complete,Current,0,0,0,0,0,
LN0004757,7,2022-10,2022-03,7,353,50000.0,49480.18,3.884,700-739,60-70%,28-36%,WA,Purchase,Primary,Single Family,Servicer_C,Current,0,0,0,0,,2022-10-01,CoreLogic,Complete,Current,0,0,0,0,0,
LN0004757,8,2022-11,2022-03,8,352,50000.0,49404.95,3.884,700-739,60-70%,28-36%,WA,Purchase,Primary,Single Family,Servicer_C,Current,0,0,0,0,,2022-11-01,CoreLogic,Complete,Current,0,0,0,0,0,
LN0004757,9,2022-12,2022-03,9,351,50000.0,49329.48,3.884,700-739,60-70%,28-36%,WA,Purchase,Primary,Single Family,Servicer_C,Current,0,0,0,0,,2022-12-01,CoreLogic,Complete,Current,0,0,0,0,0,
LN0004760,1,2020-06,2020-05,1,359,124294.0,124109.26,3.825,660-699,70-80%,28-36%,IL,Cash-Out Refinance,Primary,Condo,Servicer_D,Current,0,0,0,0,,2020-06-01,Encompass,Under Exception,Current,0,0,0,0,0,
LN0004760,2,2020-07,2020-05,2,358,124294.0,123923.93,3.825,660-699,70-80%,28-36%,IL,Cash-Out Refinance,Primary,Condo,Servicer_D,Current,0,0,0,0,,2020-07-01,Encompass,Under Exception,Current,0,0,0,0,0,
LN0004760,3,2020-08,2020-05,3,357,124294.0,123738.01,3.825,660-699,70-80%,28-36%,IL,Cash-Out Refinance,Primary,Condo,Servicer_D,Current,0,0,0,0,,2020-08-01,Encompass,Under Exception,Current,0,0,0,0,0,
LN0004760,4,2020-09,2020-05,4,356,124294.0,123551.5,3.825,660-699,70-80%,28-36%,IL,Cash-Out Refinance,Primary,Condo,Servicer_D,Current,0,0,0,0,,2020-09-01,Encompass,Under Exception,Current,0,1,0,0,0,
LN0004760,5,2020-10,2020-05,5,355,124294.0,123364.39,3.825,660-699,70-80%,28-36%,IL,Cash-Out Refinance,Primary,Condo,Servicer_D,Current,0,0,0,0,,2020-10-01,Encompass,Under Exception,Current,0,1,0,0,0,
LN0004760,6,2020-11,2020-05,6,354,124294.0,123176.69,3.825,660-699,70-80%,28-36%,IL,Cash-Out Refinance,Primary,Condo,Servicer_D,Current,0,0,0,0,,2020-11-01,Encompass,Under Exception,Current,0,1,0,0,0,
LN0004760,7,2020-12,2020-05,7,353,124294.0,122988.39,3.825,660-699,70-80%,28-36%,IL,Cash-Out Refinance,Primary,Condo,Servicer_D,Current,0,0,0,0,,2020-12-01,Encompass,Under Exception,Current,1,1,0,0,0,
LN0004760,8,2021-01,2020-05,8,352,124294.0,122799.48,3.825,660-699,70-80%,28-36%,IL,Cash-Out Refinance,Primary,Condo,Servicer_D,Current,0,0,0,0,,2021-01-01,Encompass,Under Exception,Current,1,1,0,0,0,
LN0004760,9,2021-02,2020-05,9,351,124294.0,122609.98,3.825,660-699,70-80%,28-36%,IL,Cash-Out Refinance,Primary,Condo,Servicer_D,Current,0,0,0,0,,2021-02-01,Encompass,Under Exception,30-59 DPD,1,1,0,0,0,
LN0004760,10,2021-03,2020-05,10,350,124294.0,122419.87,3.825,660-699,70-80%,28-36%,IL,Cash-Out Refinance,Primary,Condo,Servicer_D,30-59 DPD,0,0,0,0,,2021-03-01,Encompass,Under Exception,30-59 DPD,1,1,0,0,0,
LN0004760,11,2021-04,2020-05,11,349,124294.0,122229.16,3.825,660-699,70-80%,28-36%,IL,Cash-Out Refinance,Primary,Condo,Servicer_D,30-59 DPD,30,0,0,0,,2021-04-01,Encompass,Under Exception,60-89 DPD,1,1,0,0,0,
LN0004760,12,2021-05,2020-05,12,348,124294.0,122037.84,3.825,660-699,70-80%,28-36%,IL,Cash-Out Refinance,Primary,Condo,Servicer_D,60-89 DPD,30,0,0,0,,2021-05-01,Encompass,Under Exception,90+ DPD,1,1,0,0,0,
LN0004760,13,2021-06,2020-05,13,347,124294.0,121845.9,3.825,660-699,70-80%,28-36%,IL,Cash-Out Refinance,Primary,Condo,Servicer_D,90+ DPD,60,0,0,0,,2021-06-01,Encompass,Under Exception,90+ DPD,1,1,0,0,0,
LN0004760,14,2021-07,2020-05,14,346,124294.0,121653.36,3.825,660-699,70-80%,28-36%,IL,Cash-Out Refinance,Primary,Condo,Servicer_D,90+ DPD,120,0,0,0,,2021-07-01,Encompass,Under Exception,90+ DPD,1,1,0,0,0,
LN0004760,15,2021-08,2020-05,15,345,124294.0,121460.2,3.825,660-699,70-80%,28-36%,IL,Cash-Out Refinance,Primary,Condo,Servicer_D,90+ DPD,120,0,0,0,,2021-08-01,Encompass,Under Exception,90+ DPD,1,1,0,0,0,
LN0004760,16,2021-09,2020-05,16,344,124294.0,121266.43,3.825,660-699,70-80%,28-36%,IL,Cash-Out Refinance,Primary,Condo,Servicer_D,90+ DPD,120,0,0,0,,2021-09-01,Encompass,Under Exception,90+ DPD,1,1,0,0,0,
LN0004760,17,2021-10,2020-05,17,343,124294.0,121072.04,3.825,660-699,70-80%,28-36%,IL,Cash-Out Refinance,Primary,Condo,Servicer_D,90+ DPD,120,0,0,0,,2021-10-01,Encompass,Under Exception,90+ DPD,1,1,0,0,0,
LN0004760,18,2021-11,2020-05,18,342,124294.0,120877.03,3.825,660-699,70-80%,28-36%,IL,Cash-Out Refinance,Primary,Condo,Servicer_D,90+ DPD,120,0,0,0,,2021-11-01,Encompass,Under Exception,90+ DPD,1,1,0,0,0,
LN0004760,19,2021-12,2020-05,19,341,124294.0,120681.4,3.825,660-699,70-80%,28-36%,IL,Cash-Out Refinance,Primary,Condo,Servicer_D,90+ DPD,120,0,0,0,,2021-12-01,Encompass,Under Exception,90+ DPD,1,1,0,0,0,
LN0004760,20,2022-01,2020-05,20,340,124294.0,120485.14,3.825,660-699,70-80%,28-36%,IL,Cash-Out Refinance,Primary,Condo,Servicer_D,90+ DPD,120,1,0,0,,2022-01-01,Encompass,Under Exception,90+ DPD,1,1,0,0,0,
LN0004760,21,2022-02,2020-05,21,339,124294.0,120288.26,3.825,660-699,70-80%,28-36%,IL,Cash-Out Refinance,Primary,Condo,Servicer_D,90+ DPD,120,1,0,0,,2022-02-01,Encompass,Under Exception,90+ DPD,1,1,0,0,0,
LN0004760,22,2022-03,2020-05,22,338,124294.0,120090.75,3.825,660-699,70-80%,28-36%,IL,Cash-Out Refinance,Primary,Condo,Servicer_D,90+ DPD,120,1,0,0,,2022-03-01,Encompass,Under Exception,90+ DPD,1,1,0,0,0,
LN0004760,23,2022-04,2020-05,23,337,124294.0,119892.62,3.825,660-699,70-80%,28-36%,IL,Cash-Out Refinance,Primary,Condo,Servicer_D,90+ DPD,120,1,0,0,,2022-04-01,Encompass,Under Exception,90+ DPD,1,1,0,0,0,
LN0004760,24,2022-05,2020-05,24,336,124294.0,119693.85,3.825,660-699,70-80%,28-36%,IL,Cash-Out Refinance,Primary,Condo,Servicer_D,90+ DPD,120,1,0,0,,2022-05-01,Encompass,Under Exception,90+ DPD,1,1,0,0,0,
LN0004760,25,2022-06,2020-05,25,335,124294.0,119494.44,3.825,660-699,70-80%,28-36%,IL,Cash-Out Refinance,Primary,Condo,Servicer_D,90+ DPD,120,1,0,0,,2022-06-01,Encompass,Under Exception,90+ DPD,1,1,0,0,0,
LN0004760,26,2022-07,2020-05,26,334,124294.0,119294.4,3.825,660-699,70-80%,28-36%,IL,Cash-Out Refinance,Primary,Condo,Servicer_D,90+ DPD,120,1,0,0,,2022-07-01,Encompass,Under Exception,90+ DPD,1,1,0,0,0,
LN0004760,27,2022-08,2020-05,27,333,124294.0,119093.73,3.825,660-699,70-80%,28-36%,IL,Cash-Out Refinance,Primary,Condo,Servicer_D,90+ DPD,120,1,0,0,,2022-08-01,Encompass,Under Exception,90+ DPD,1,1,0,0,0,
LN0004760,28,2022-09,2020-05,28,332,124294.0,118892.41,3.825,660-699,70-80%,28-36%,IL,Cash-Out Refinance,Primary,Condo,Servicer_D,90+ DPD,120,1,0,0,,2022-09-01,Encompass,Under Exception,90+ DPD,1,1,0,0,0,
LN0004760,29,2022-10,2020-05,29,331,124294.0,118690.45,3.825,660-699,70-80%,28-36%,IL,Cash-Out Refinance,Primary,Condo,Servicer_D,90+ DPD,120,1,0,0,,2022-10-01,Encompass,Under Exception,90+ DPD,1,1,0,0,0,
LN0004760,30,2022-11,2020-05,30,330,124294.0,118487.85,3.825,660-699,70-80%,28-36%,IL,Cash-Out Refinance,Primary,Condo,Servicer_D,90+ DPD,120,1,0,0,,2022-11-01,Encompass,Under Exception,90+ DPD,1,1,0,0,0,
LN0004760,31,2022-12,2020-05,31,329,124294.0,118284.6,3.825,660-699,70-80%,28-36%,IL,Cash-Out Refinance,Primary,Condo,Servicer_D,90+ DPD,120,1,0,0,,2022-12-01,Encompass,Under Exception,90+ DPD,0,0,0,0,0,
LN0004773,1,2022-09,2022-08,1,359,133078.0,132907.32,4.645,780+,60-70%,28-36%,NJ,Purchase,Primary,Multi-Family,Servicer_E,Current,0,0,0,0,,2022-09-01,CoreLogic,Complete,Current,0,0,0,0,0,
LN0004773,2,2022-10,2022-08,2,358,133078.0,132735.98,4.645,780+,60-70%,28-36%,NJ,Purchase,Primary,Multi-Family,Servicer_E,Current,0,0,0,0,,2022-10-01,CoreLogic,Complete,Current,0,0,0,0,0,
LN0004773,3,2022-11,2022-08,3,357,133078.0,132563.98,4.645,780+,60-70%,28-36%,NJ,Purchase,Primary,Multi-Family,Servicer_E,Current,0,0,0,0,,2022-11-01,CoreLogic,Complete,Current,0,0,0,0,0,
LN0004773,4,2022-12,2022-08,4,356,133078.0,132391.32,4.645,780+,60-70%,28-36%,NJ,Purchase,Primary,Multi-Family,Servicer_E,Current,0,0,0,0,,2022-12-01,CoreLogic,Complete,Current,0,0,0,0,0,
LN0004778,1,2022-01,2021-12,1,359,181031.0,180850.27,5.985,700-739,<60%,20-28%,CA,Refinance,Primary,Single Family,Servicer_E,Current,0,0,0,0,,2022-01-01,Black Knight,Pending Review,Current,0,0,0,0,0,
LN0004778,2,2022-02,2021-12,2,358,181031.0,180668.63,5.985,700-739,<60%,20-28%,CA,Refinance,Primary,Single Family,Servicer_E,Current,0,0,0,0,,2022-02-01,Black Knight,Pending Review,Current,0,0,0,0,0,
LN0004778,3,2022-03,2021-12,3,357,181031.0,180486.09,5.985,700-739,<60%,20-28%,CA,Refinance,Primary,Single Family,Servicer_E,Current,0,0,0,0,,2022-03-01,Black Knight,Pending Review,Current,0,0,0,0,0,
LN0004778,4,2022-04,2021-12,4,356,181031.0,180302.63,5.985,700-739,<60%,20-28%,CA,Refinance,Primary,Single Family,Servicer_E,Current,0,0,0,0,,2022-04-01,Black Knight,Pending Review,Current,0,0,0,0,0,
LN0004778,5,2022-05,2021-12,5,355,181031.0,180118.27,5.985,700-739,<60%,20-28%,CA,Refinance,Primary,Single Family,Servicer_E,Current,0,0,0,0,,2022-05-01,Black Knight,Pending Review,Current,0,0,0,0,0,
LN0004778,6,2022-06,2021-12,6,354,181031.0,179932.98,5.985,700-739,<60%,20-28%,CA,Refinance,Primary,Single Family,Servicer_E,Current,0,0,0,0,,2022-06-01,Black Knight,Pending Review,Current,0,0,0,0,0,
LN0004778,7,2022-07,2021-12,7,353,181031.0,179746.77,5.985,700-739,<60%,20-28%,CA,Refinance,Primary,Single Family,Servicer_E,Current,0,0,0,0,,2022-07-01,Black Knight,Pending Review,Current,0,0,0,0,0,
LN0004778,8,2022-08,2021-12,8,352,181031.0,179559.63,5.985,700-739,<60%,20-28%,CA,Refinance,Primary,Single Family,Servicer_E,Current,0,0,0,0,,2022-08-01,Black Knight,Pending Review,Current,0,0,0,0,0,
LN0004778,9,2022-09,2021-12,9,351,181031.0,179371.55,5.985,700-739,<60%,20-28%,CA,Refinance,Primary,Single Family,Servicer_E,Current,0,0,0,0,,2022-09-01,Black Knight,Pending Review,Current,0,0,0,0,0,
LN0004778,10,2022-10,2021-12,10,350,181031.0,179182.54,5.985,700-739,<60%,20-28%,CA,Refinance,Primary,Single Family,Servicer_E,Current,0,0,0,0,,2022-10-01,Black Knight,Pending Review,Current,0,0,0,0,0,
LN0004778,11,2022-11,2021-12,11,349,181031.0,178992.59,5.985,700-739,<60%,20-28%,CA,Refinance,Primary,Single Family,Servicer_E,Current,0,0,0,0,,2022-11-01,Black Knight,Pending Review,Current,0,0,0,0,0,
LN0004778,12,2022-12,2021-12,12,348,181031.0,178801.69,5.985,700-739,<60%,20-28%,CA,Refinance,Primary,Single Family,Servicer_E,Current,0,0,0,0,,2022-12-01,Black Knight,Pending Review,Current,0,0,0,0,0,
LN0004794,1,2020-03,2020-02,1,359,115623.0,115474.17,4.625,780+,80-90%,28-36%,MD,Purchase,Investment,Townhouse,Servicer_A,Current,0,0,0,0,,2020-03-01,Black Knight,Pending Review,Current,0,0,0,0,0,
LN0004794,2,2020-04,2020-02,2,358,115623.0,115324.76,4.625,780+,80-90%,28-36%,MD,Purchase,Investment,Townhouse,Servicer_A,Current,0,0,0,0,,2020-04-01,Black Knight,Pending Review,Current,0,0,0,0,0,
LN0004794,3,2020-05,2020-02,3,357,115623.0,115174.78,4.625,780+,80-90%,28-36%,MD,Purchase,Investment,Townhouse,Servicer_A,Current,0,0,0,0,,2020-05-01,Black Knight,Pending Review,Current,0,0,0,0,0,
LN0004794,4,2020-06,2020-02,4,356,115623.0,115024.22,4.625,780+,80-90%,28-36%,MD,Purchase,Investment,Townhouse,Servicer_A,Current,0,0,0,0,,2020-06-01,Black Knight,Pending Review,Current,0,0,0,0,0,
LN0004794,5,2020-07,2020-02,5,355,115623.0,114873.08,4.625,780+,80-90%,28-36%,MD,Purchase,Investment,Townhouse,Servicer_A,Current,0,0,0,0,,2020-07-01,Black Knight,Pending Review,Current,0,0,0,0,0,
LN0004794,6,2020-08,2020-02,6,354,115623.0,114721.35,4.625,780+,80-90%,28-36%,MD,Purchase,Investment,Townhouse,Servicer_A,Current,0,0,0,0,,2020-08-01,Black Knight,Pending Review,Current,0,0,0,0,0,
LN0004794,7,2020-09,2020-02,7,353,115623.0,114569.04,4.625,780+,80-90%,28-36%,MD,Purchase,Investment,Townhouse,Servicer_A,Current,0,0,0,0,,2020-09-01,Black Knight,Pending Review,Current,0,0,0,0,0,
LN0004794,8,2020-10,2020-02,8,352,115623.0,114416.15,4.625,780+,80-90%,28-36%,MD,Purchase,Investment,Townhouse,Servicer_A,Current,0,0,0,0,,2020-10-01,Black Knight,Pending Review,Current,0,0,0,0,0,
LN0004794,9,2020-11,2020-02,9,351,115623.0,114262.66,4.625,780+,80-90%,28-36%,MD,Purchase,Investment,Townhouse,Servicer_A,Current,0,0,0,0,,2020-11-01,Black Knight,Pending Review,Current,0,0,0,0,0,
LN0004794,10,2020-12,2020-02,10,350,115623.0,114108.59,4.625,780+,80-90%,28-36%,MD,Purchase,Investment,Townhouse,Servicer_A,Current,0,0,0,0,,2020-12-01,Black Knight,Pending Review,Current,0,0,0,0,0,
LN0004794,11,2021-01,2020-02,11,349,115623.0,113953.92,4.625,780+,80-90%,28-36%,MD,Purchase,Investment,Townhouse,Servicer_A,Current,0,0,0,0,,2021-01-01,Black Knight,Pending Review,Current,0,0,0,0,0,
LN0004794,12,2021-02,2020-02,12,348,115623.0,113798.65,4.625,780+,80-90%,28-36%,MD,Purchase,Investment,Townhouse,Servicer_A,Current,0,0,0,0,,2021-02-01,Black Knight,Pending Review,Current,0,0,0,0,0,
LN0004794,13,2021-03,2020-02,13,347,115623.0,113642.79,4.625,780+,80-90%,28-36%,MD,Purchase,Investment,Townhouse,Servicer_A,Current,0,0,0,0,,2021-03-01,Black Knight,Pending Review,Current,0,0,0,0,0,
LN0004794,14,2021-04,2020-02,14,346,115623.0,113486.32,4.625,780+,80-90%,28-36%,MD,Purchase,Investment,Townhouse,Servicer_A,Current,0,0,0,0,,2021-04-01,Black Knight,Pending Review,Current,0,0,0,0,0,
LN0004794,15,2021-05,2020-02,15,345,115623.0,113329.25,4.625,780+,80-90%,28-36%,MD,Purchase,Investment,Townhouse,Servicer_A,Current,0,0,0,0,,2021-05-01,Black Knight,Pending Review,Current,0,0,0,0,0,
LN0004794,16,2021-06,2020-02,16,344,115623.0,113171.58,4.625,780+,80-90%,28-36%,MD,Purchase,Investment,Townhouse,Servicer_A,Current,0,0,0,0,,2021-06-01,Black Knight,Pending Review,Current,0,0,0,0,0,
LN0004794,17,2021-07,2020-02,17,343,115623.0,113013.3,4.625,780+,80-90%,28-36%,MD,Purchase,Investment,Townhouse,Servicer_A,Current,0,0,0,0,,2021-07-01,Black Knight,Pending Review,Current,0,0,0,0,0,
LN0004794,18,2021-08,2020-02,18,342,115623.0,112854.41,4.625,780+,80-90%,28-36%,MD,Purchase,Investment,Townhouse,Servicer_A,Current,0,0,0,0,,2021-08-01,Black Knight,Pending Review,Current,0,0,0,0,0,
LN0004794,19,2021-09,2020-02,19,341,115623.0,112694.9,4.625,780+,80-90%,28-36%,MD,Purchase,Investment,Townhouse,Servicer_A,Current,0,0,0,0,,2021-09-01,Black Knight,Pending Review,Current,0,0,0,0,0,
LN0004794,20,2021-10,2020-02,20,340,115623.0,112534.78,4.625,780+,80-90%,28-36%,MD,Purchase,Investment,Townhouse,Servicer_A,Current,0,0,0,0,,2021-10-01,Black Knight,Pending Review,Current,0,0,0,0,0,
LN0004794,21,2021-11,2020-02,21,339,115623.0,112374.05,4.625,780+,80-90%,28-36%,MD,Purchase,Investment,Townhouse,Servicer_A,Current,0,0,0,0,,2021-11-01,Black Knight,Pending Review,Current,0,0,0,0,0,
LN0004794,22,2021-12,2020-02,22,338,115623.0,112212.69,4.625,780+,80-90%,28-36%,MD,Purchase,Investment,Townhouse,Servicer_A,Current,0,0,0,0,,2021-12-01,Black Knight,Pending Review,Current,0,0,0,0,0,
LN0004794,23,2022-01,2020-02,23,337,115623.0,112050.72,4.625,780+,80-90%,28-36%,MD,Purchase,Investment,Townhouse,Servicer_A,Current,0,0,0,0,,2022-01-01,Black Knight,Pending Review,Current,0,0,0,0,0,
LN0004794,24,2022-02,2020-02,24,336,115623.0,111888.11,4.625,780+,80-90%,28-36%,MD,Purchase,Investment,Townhouse,Servicer_A,Current,0,0,0,0,,2022-02-01,Black Knight,Pending Review,Current,0,0,0,0,0,
LN0004794,25,2022-03,2020-02,25,335,115623.0,111724.89,4.625,780+,80-90%,28-36%,MD,Purchase,Investment,Townhouse,Servicer_A,Current,0,0,0,0,,2022-03-01,Black Knight,Pending Review,Current,0,0,0,0,0,
LN0004794,26,2022-04,2020-02,26,334,115623.0,111561.03,4.625,780+,80-90%,28-36%,MD,Purchase,Investment,Townhouse,Servicer_A,Current,0,0,0,0,,2022-04-01,Black Knight,Pending Review,Current,0,0,0,0,0,
LN0004794,27,2022-05,2020-02,27,333,115623.0,111396.54,4.625,780+,80-90%,28-36%,MD,Purchase,Investment,Townhouse,Servicer_A,Current,0,0,0,0,,2022-05-01,Black Knight,Pending Review,Current,0,0,0,0,0,
LN0004794,28,2022-06,2020-02,28,332,115623.0,111231.42,4.625,780+,80-90%,28-36%,MD,Purchase,Investment,Townhouse,Servicer_A,Current,0,0,0,0,,2022-06-01,Black Knight,Pending Review,Current,0,0,0,0,0,
LN0004794,29,2022-07,2020-02,29,331,115623.0,111065.66,4.625,780+,80-90%,28-36%,MD,Purchase,Investment,Townhouse,Servicer_A,Current,0,0,0,0,,2022-07-01,Black Knight,Pending Review,Current,0,0,0,0,0,
LN0004794,30,2022-08,2020-02,30,330,115623.0,110899.26,4.625,780+,80-90%,28-36%,MD,Purchase,Investment,Townhouse,Servicer_A,Current,0,0,0,0,,2022-08-01,Black Knight,Pending Review,Current,0,0,0,0,0,
LN0004794,31,2022-09,2020-02,31,329,115623.0,110732.22,4.625,780+,80-90%,28-36%,MD,Purchase,Investment,Townhouse,Servicer_A,Current,0,0,0,0,,2022-09-01,Black Knight,Pending Review,Current,0,0,0,0,0,
LN0004794,32,2022-10,2020-02,32,328,115623.0,110564.54,4.625,780+,80-90%,28-36%,MD,Purchase,Investment,Townhouse,Servicer_A,Current,0,0,0,0,,2022-10-01,Black Knight,Pending Review,Current,0,0,0,0,0,
LN0004794,33,2022-11,2020-02,33,327,115623.0,110396.21,4.625,780+,80-90%,28-36%,MD,Purchase,Investment,Townhouse,Servicer_A,Current,0,0,0,0,,2022-11-01,Black Knight,Pending Review,Current,0,0,0,0,0,
LN0004794,34,2022-12,2020-02,34,326,115623.0,110227.23,4.625,780+,80-90%,28-36%,MD,Purchase,Investment,Townhouse,Servicer_A,Current,0,0,0,0,,2022-12-01,Black Knight,Pending Review,Current,0,0,0,0,0,
LN0004800,1,2022-12,2022-11,1,179,169468.0,168799.9,4.369,700-739,>95%,28-36%,PA,Purchase,Primary,Condo,Servicer_A,Current,0,0,0,0,,2022-12-01,Encompass,Under Exception,Current,0,0,0,0,0,
LN0004813,1,2021-10,2021-09,1,359,94846.0,94710.07,4.03,620-659,70-80%,20-28%,MA,Purchase,Primary,Single Family,Servicer_E,Current,0,0,0,0,,2021-10-01,CoreLogic,Complete,Current,0,0,0,0,0,
LN0004813,2,2021-11,2021-09,2,358,94846.0,94573.69,4.03,620-659,70-80%,20-28%,MA,Purchase,Primary,Single Family,Servicer_E,Current,0,0,0,0,,2021-11-01,CoreLogic,Complete,Current,0,0,0,0,0,
LN0004813,3,2021-12,2021-09,3,357,94846.0,94436.85,4.03,620-659,70-80%,20-28%,MA,Purchase,Primary,Single Family,Servicer_E,Current,0,0,0,0,,2021-12-01,CoreLogic,Complete,Current,0,0,0,0,0,
LN0004813,4,2022-01,2021-09,4,356,94846.0,94299.55,4.03,620-659,70-80%,20-28%,MA,Purchase,Primary,Single Family,Servicer_E,Current,0,0,0,0,,2022-01-01,CoreLogic,Complete,Current,0,0,0,0,0,
LN0004813,5,2022-02,2021-09,5,355,94846.0,94161.79,4.03,620-659,70-80%,20-28%,MA,Purchase,Primary,Single Family,Servicer_E,Current,0,0,0,0,,2022-02-01,CoreLogic,Complete,Current,0,0,0,0,0,
LN0004813,6,2022-03,2021-09,6,354,94846.0,94023.56,4.03,620-659,70-80%,20-28%,MA,Purchase,Primary,Single Family,Servicer_E,Current,0,0,0,0,,2022-03-01,CoreLogic,Complete,Current,0,0,0,0,0,
LN0004813,7,2022-04,2021-09,7,353,94846.0,93884.87,4.03,620-659,70-80%,20-28%,MA,Purchase,Primary,Single Family,Servicer_E,Current,0,0,0,0,,2022-04-01,CoreLogic,Complete,Current,0,0,0,0,0,
LN0004813,8,2022-05,2021-09,8,352,94846.0,93745.72,4.03,620-659,70-80%,20-28%,MA,Purchase,Primary,Single Family,Servicer_E,Current,0,0,0,0,,2022-05-01,CoreLogic,Complete,Current,0,0,0,0,0,
LN0004813,9,2022-06,2021-09,9,351,94846.0,93606.1,4.03,620-659,70-80%,20-28%,MA,Purchase,Primary,Single Family,Servicer_E,Current,0,0,0,0,,2022-06-01,CoreLogic,Complete,Current,0,0,0,0,0,
LN0004813,10,2022-07,2021-09,10,350,94846.0,93466.01,4.03,620-659,70-80%,20-28%,MA,Purchase,Primary,Single Family,Servicer_E,Current,0,0,0,0,,2022-07-01,CoreLogic,Complete,Current,0,0,0,0,0,
LN0004813,11,2022-08,2021-09,11,349,94846.0,93325.44,4.03,620-659,70-80%,20-28%,MA,Purchase,Primary,Single Family,Servicer_E,Current,0,0,0,0,,2022-08-01,CoreLogic,Complete,Current,0,0,0,0,0,
LN0004813,12,2022-09,2021-09,12,348,94846.0,93184.41,4.03,620-659,70-80%,20-28%,MA,Purchase,Primary,Single Family,Servicer_E,Current,0,0,0,0,,2022-09-01,CoreLogic,Complete,Current,0,0,0,0,0,
LN0004813,13,2022-10,2021-09,13,347,94846.0,93042.9,4.03,620-659,70-80%,20-28%,MA,Purchase,Primary,Single Family,Servicer_E,Current,0,0,0,0,,2022-10-01,CoreLogic,Complete,Current,0,0,0,0,0,
LN0004813,14,2022-11,2021-09,14,346,94846.0,92900.92,4.03,620-659,70-80%,20-28%,MA,Purchase,Primary,Single Family,Servicer_E,Current,0,0,0,0,,2022-11-01,CoreLogic,Complete,Current,0,0,0,0,0,
LN0004813,15,2022-12,2021-09,15,345,94846.0,92758.46,4.03,620-659,70-80%,20-28%,MA,Purchase,Primary,Single Family,Servicer_E,Current,0,0,0,0,,2022-12-01,CoreLogic,Complete,Current,0,0,0,0,0,
LN0004824,1,2022-11,2022-10,1,179,64389.0,64148.97,5.043,740-779,70-80%,28-36%,GA,Purchase,Second Home,Townhouse,Servicer_A,Current,0,0,0,0,,2022-11-01,Encompass,Under Exception,Current,0,0,0,0,0,
LN0004824,2,2022-12,2022-10,2,178,64389.0,63907.93,5.043,740-779,70-80%,28-36%,GA,Purchase,Second Home,Townhouse,Servicer_A,Current,0,0,0,0,,2022-12-01,Encompass,Under Exception,Current,0,0,0,0,0,
LN0004858,1,2022-05,2022-04,1,359,103114.0,102946.78,3.328,780+,70-80%,28-36%,PA,Refinance,Primary,Single Family,Servicer_D,Current,0,0,0,0,,2022-05-01,Black Knight,Pending Review,Current,0,0,0,0,0,
LN0004858,2,2022-06,2022-04,2,358,103114.0,102779.11,3.328,780+,70-80%,28-36%,PA,Refinance,Primary,Single Family,Servicer_D,Current,0,0,0,0,,2022-06-01,Black Knight,Pending Review,Current,0,0,0,0,0,
LN0004858,3,2022-07,2022-04,3,357,103114.0,102610.96,3.328,780+,70-80%,28-36%,PA,Refinance,Primary,Single Family,Servicer_D,Current,0,0,0,0,,2022-07-01,Black Knight,Pending Review,Current,0,0,0,0,0,
LN0004858,4,2022-08,2022-04,4,356,103114.0,102442.35,3.328,780+,70-80%,28-36%,PA,Refinance,Primary,Single Family,Servicer_D,Current,0,0,0,0,,2022-08-01,Black Knight,Pending Review,Current,0,0,0,0,0,
LN0004858,5,2022-09,2022-04,5,355,103114.0,102273.27,3.328,780+,70-80%,28-36%,PA,Refinance,Primary,Single Family,Servicer_D,Current,0,0,0,0,,2022-09-01,Black Knight,Pending Review,Current,0,0,0,0,0,
LN0004858,6,2022-10,2022-04,6,354,103114.0,102103.73,3.328,780+,70-80%,28-36%,PA,Refinance,Primary,Single Family,Servicer_D,Current,0,0,0,0,,2022-10-01,Black Knight,Pending Review,Current,0,0,0,0,0,
LN0004858,7,2022-11,2022-04,7,353,103114.0,101933.71,3.328,780+,70-80%,28-36%,PA,Refinance,Primary,Single Family,Servicer_D,Current,0,0,0,0,,2022-11-01,Black Knight,Pending Review,Current,0,0,0,0,0,
LN0004858,8,2022-12,2022-04,8,352,103114.0,101763.22,3.328,780+,70-80%,28-36%,PA,Refinance,Primary,Single Family,Servicer_D,Current,0,0,0,0,,2022-12-01,Black Knight,Pending Review,Current,0,0,0,0,0,
LN0004871,1,2022-05,2022-04,1,359,73230.0,73148.77,5.429,660-699,80-90%,28-36%,VA,Refinance,Second Home,Single Family,Servicer_B,Current,0,0,0,0,,2022-05-01,Ellie Mae,Missing Items,Current,0,0,0,0,0,
LN0004871,2,2022-06,2022-04,2,358,73230.0,73067.17,5.429,660-699,80-90%,28-36%,VA,Refinance,Second Home,Single Family,Servicer_B,Current,0,0,0,0,,2022-06-01,Ellie Mae,Missing Items,Current,0,0,0,0,0,
LN0004871,3,2022-07,2022-04,3,357,73230.0,72985.2,5.429,660-699,80-90%,28-36%,VA,Refinance,Second Home,Single Family,Servicer_B,Current,0,0,0,0,,2022-07-01,Ellie Mae,Missing Items,Current,0,0,0,0,0,
LN0004871,4,2022-08,2022-04,4,356,73230.0,72902.86,5.429,660-699,80-90%,28-36%,VA,Refinance,Second Home,Single Family,Servicer_B,Current,0,0,0,0,,2022-08-01,Ellie Mae,Missing Items,Current,0,0,0,0,0,
LN0004871,5,2022-09,2022-04,5,355,73230.0,72820.15,5.429,660-699,80-90%,28-36%,VA,Refinance,Second Home,Single Family,Servicer_B,Current,0,0,0,0,,2022-09-01,Ellie Mae,Missing Items,Current,0,0,0,0,0,
LN0004871,6,2022-10,2022-04,6,354,73230.0,72737.07,5.429,660-699,80-90%,28-36%,VA,Refinance,Second Home,Single Family,Servicer_B,Current,0,0,0,0,,2022-10-01,Ellie Mae,Missing Items,Current,0,0,0,0,0,
LN0004871,7,2022-11,2022-04,7,353,73230.0,72653.61,5.429,660-699,80-90%,28-36%,VA,Refinance,Second Home,Single Family,Servicer_B,Current,0,0,0,0,,2022-11-01,Ellie Mae,Missing Items,Current,0,0,0,0,0,
LN0004871,8,2022-12,2022-04,8,352,73230.0,72569.77,5.429,660-699,80-90%,28-36%,VA,Refinance,Second Home,Single Family,Servicer_B,Current,0,0,0,0,,2022-12-01,Ellie Mae,Missing Items,Current,0,0,0,0,0,
LN0004892,1,2021-08,2021-07,1,359,103474.0,103319.91,3.814,700-739,70-80%,20-28%,NJ,Purchase,Primary,Single Family,Servicer_D,Current,0,0,0,0,,2021-08-01,Encompass,Under Exception,Current,0,0,0,0,0,
LN0004892,2,2021-09,2021-07,2,358,103474.0,103165.32,3.814,700-739,70-80%,20-28%,NJ,Purchase,Primary,Single Family,Servicer_D,Current,0,0,0,0,,2021-09-01,Encompass,Under Exception,Current,0,0,0,0,0,
LN0004892,3,2021-10,2021-07,3,357,103474.0,103010.24,3.814,700-739,70-80%,20-28%,NJ,Purchase,Primary,Single Family,Servicer_D,Current,0,0,0,0,,2021-10-01,Encompass,Under Exception,Current,0,0,0,0,0,
LN0004892,4,2021-11,2021-07,4,356,103474.0,102854.68,3.814,700-739,70-80%,20-28%,NJ,Purchase,Primary,Single Family,Servicer_D,Current,0,0,0,0,,2021-11-01,Encompass,Under Exception,Current,0,0,0,0,0,
LN0004892,5,2021-12,2021-07,5,355,103474.0,102698.61,3.814,700-739,70-80%,20-28%,NJ,Purchase,Primary,Single Family,Servicer_D,Current,0,0,0,0,,2021-12-01,Encompass,Under Exception,Current,0,0,0,0,0,
LN0004892,6,2022-01,2021-07,6,354,103474.0,102542.05,3.814,700-739,70-80%,20-28%,NJ,Purchase,Primary,Single Family,Servicer_D,Current,0,0,0,0,,2022-01-01,Encompass,Under Exception,Current,0,0,0,0,0,
LN0004892,7,2022-02,2021-07,7,353,103474.0,102385.0,3.814,700-739,70-80%,20-28%,NJ,Purchase,Primary,Single Family,Servicer_D,Current,0,0,0,0,,2022-02-01,Encompass,Under Exception,Current,0,0,0,0,0,
LN0004892,8,2022-03,2021-07,8,352,103474.0,102227.44,3.814,700-739,70-80%,20-28%,NJ,Purchase,Primary,Single Family,Servicer_D,Current,0,0,0,0,,2022-03-01,Encompass,Under Exception,Current,0,0,0,0,0,
LN0004892,9,2022-04,2021-07,9,351,103474.0,102069.38,3.814,700-739,70-80%,20-28%,NJ,Purchase,Primary,Single Family,Servicer_D,Current,0,0,0,0,,2022-04-01,Encompass,Under Exception,Current,0,0,0,0,0,
LN0004892,10,2022-05,2021-07,10,350,103474.0,101910.82,3.814,700-739,70-80%,20-28%,NJ,Purchase,Primary,Single Family,Servicer_D,Current,0,0,0,0,,2022-05-01,Encompass,Under Exception,Current,0,0,0,0,0,
LN0004892,11,2022-06,2021-07,11,349,103474.0,101751.76,3.814,700-739,70-80%,20-28%,NJ,Purchase,Primary,Single Family,Servicer_D,Current,0,0,0,0,,2022-06-01,Encompass,Under Exception,Current,0,0,0,0,0,
LN0004892,12,2022-07,2021-07,12,348,103474.0,101592.19,3.814,700-739,70-80%,20-28%,NJ,Purchase,Primary,Single Family,Servicer_D,Current,0,0,0,0,,2022-07-01,Encompass,Under Exception,Current,0,0,0,0,0,
LN0004892,13,2022-08,2021-07,13,347,103474.0,101432.12,3.814,700-739,70-80%,20-28%,NJ,Purchase,Primary,Single Family,Servicer_D,Current,0,0,0,0,,2022-08-01,Encompass,Under Exception,Current,0,0,0,0,0,
LN0004892,14,2022-09,2021-07,14,346,103474.0,101271.53,3.814,700-739,70-80%,20-28%,NJ,Purchase,Primary,Single Family,Servicer_D,Current,0,0,0,0,,2022-09-01,Encompass,Under Exception,Current,0,0,0,0,0,
LN0004892,15,2022-10,2021-07,15,345,103474.0,101110.44,3.814,700-739,70-80%,20-28%,NJ,Purchase,Primary,Single Family,Servicer_D,Current,0,0,0,0,,2022-10-01,Encompass,Under Exception,Current,0,0,0,0,0,
LN0004892,16,2022-11,2021-07,16,344,103474.0,100948.83,3.814,700-739,70-80%,20-28%,NJ,Purchase,Primary,Single Family,Servicer_D,Current,0,0,0,0,,2022-11-01,Encompass,Under Exception,Current,0,0,0,0,0,
LN0004892,17,2022-12,2021-07,17,343,103474.0,100786.71,3.814,700-739,70-80%,20-28%,NJ,Purchase,Primary,Single Family,Servicer_D,Current,0,0,0,0,,2022-12-01,Encompass,Under Exception,Current,0,0,0,0,0,
LN0004902,1,2021-09,2021-08,1,359,218374.0,217983.54,2.759,780+,70-80%,<20%,MD,Purchase,Primary,Townhouse,Servicer_E,Current,0,0,0,0,,2021-09-01,Black Knight,Pending Review,Current,0,0,0,0,0,
LN0004902,2,2021-10,2021-08,2,358,218374.0,217592.19,2.759,780+,70-80%,<20%,MD,Purchase,Primary,Townhouse,Servicer_E,Current,0,0,0,0,,2021-10-01,Black Knight,Pending Review,Current,0,0,0,0,0,
LN0004902,3,2021-11,2021-08,3,357,218374.0,217199.94,2.759,780+,70-80%,<20%,MD,Purchase,Primary,Townhouse,Servicer_E,Current,0,0,0,0,,2021-11-01,Black Knight,Pending Review,Current,0,0,0,0,0,
LN0004902,4,2021-12,2021-08,4,356,218374.0,216806.78,2.759,780+,70-80%,<20%,MD,Purchase,Primary,Townhouse,Servicer_E,Current,0,0,0,0,,2021-12-01,Black Knight,Pending Review,Current,0,0,0,0,0,
LN0004902,5,2022-01,2021-08,5,355,218374.0,216412.72,2.759,780+,70-80%,<20%,MD,Purchase,Primary,Townhouse,Servicer_E,Current,0,0,0,0,,2022-01-01,Black Knight,Pending Review,Current,0,0,0,0,0,
LN0004902,6,2022-02,2021-08,6,354,218374.0,216017.76,2.759,780+,70-80%,<20%,MD,Purchase,Primary,Townhouse,Servicer_E,Current,0,0,0,0,,2022-02-01,Black Knight,Pending Review,Current,0,0,0,0,0,
LN0004902,7,2022-03,2021-08,7,353,218374.0,215621.89,2.759,780+,70-80%,<20%,MD,Purchase,Primary,Townhouse,Servicer_E,Current,0,0,0,0,,2022-03-01,Black Knight,Pending Review,Current,0,0,0,0,0,
LN0004902,8,2022-04,2021-08,8,352,218374.0,215225.1,2.759,780+,70-80%,<20%,MD,Purchase,Primary,Townhouse,Servicer_E,Current,0,0,0,0,,2022-04-01,Black Knight,Pending Review,Current,0,0,0,0,0,
LN0004902,9,2022-05,2021-08,9,351,218374.0,214827.41,2.759,780+,70-80%,<20%,MD,Purchase,Primary,Townhouse,Servicer_E,Current,0,0,0,0,,2022-05-01,Black Knight,Pending Review,Current,0,0,0,0,0,
LN0004902,10,2022-06,2021-08,10,350,218374.0,214428.8,2.759,780+,70-80%,<20%,MD,Purchase,Primary,Townhouse,Servicer_E,Current,0,0,0,0,,2022-06-01,Black Knight,Pending Review,Current,0,0,0,0,0,
LN0004902,11,2022-07,2021-08,11,349,218374.0,214029.27,2.759,780+,70-80%,<20%,MD,Purchase,Primary,Townhouse,Servicer_E,Current,0,0,0,0,,2022-07-01,Black Knight,Pending Review,Current,0,0,0,0,0,
LN0004902,12,2022-08,2021-08,12,348,218374.0,213628.82,2.759,780+,70-80%,<20%,MD,Purchase,Primary,Townhouse,Servicer_E,Current,0,0,0,0,,2022-08-01,Black Knight,Pending Review,Current,0,0,0,0,0,
LN0004902,13,2022-09,2021-08,13,347,218374.0,213227.46,2.759,780+,70-80%,<20%,MD,Purchase,Primary,Townhouse,Servicer_E,Current,0,0,0,0,,2022-09-01,Black Knight,Pending Review,Current,0,0,0,0,0,
LN0004902,14,2022-10,2021-08,14,346,218374.0,212825.17,2.759,780+,70-80%,<20%,MD,Purchase,Primary,Townhouse,Servicer_E,Current,0,0,0,0,,2022-10-01,Black Knight,Pending Review,Current,0,0,0,0,0,
LN0004902,15,2022-11,2021-08,15,345,218374.0,212421.96,2.759,780+,70-80%,<20%,MD,Purchase,Primary,Townhouse,Servicer_E,Current,0,0,0,0,,2022-11-01,Black Knight,Pending Review,Current,0,0,0,0,0,
LN0004902,16,2022-12,2021-08,16,344,218374.0,212017.82,2.759,780+,70-80%,<20%,MD,Purchase,Primary,Townhouse,Servicer_E,Current,0,0,0,0,,2022-12-01,Black Knight,Pending Review,Current,0,0,0,0,0,
LN0004915,1,2022-07,2022-06,1,359,246267.0,245943.94,4.521,700-739,70-80%,36-43%,OH,Home Improvement,Second Home,Single Family,Servicer_A,Current,0,0,0,0,,2022-07-01,Ellie Mae,Missing Items,Current,0,0,0,0,0,
LN0004915,2,2022-08,2022-06,2,358,246267.0,245619.66,4.521,700-739,70-80%,36-43%,OH,Home Improvement,Second Home,Single Family,Servicer_A,Current,0,0,0,0,,2022-08-01,Ellie Mae,Missing Items,Current,0,0,0,0,0,
LN0004915,3,2022-09,2022-06,3,357,246267.0,245294.16,4.521,700-739,70-80%,36-43%,OH,Home Improvement,Second Home,Single Family,Servicer_A,Current,0,0,0,0,,2022-09-01,Ellie Mae,Missing Items,Current,0,0,0,0,0,
LN0004915,4,2022-10,2022-06,4,356,246267.0,244967.43,4.521,700-739,70-80%,36-43%,OH,Home Improvement,Second Home,Single Family,Servicer_A,Current,0,0,0,0,,2022-10-01,Ellie Mae,Missing Items,Current,0,0,0,0,0,
LN0004915,5,2022-11,2022-06,5,355,246267.0,244639.47,4.521,700-739,70-80%,36-43%,OH,Home Improvement,Second Home,Single Family,Servicer_A,Current,0,0,0,0,,2022-11-01,Ellie Mae,Missing Items,Current,0,0,0,0,0,
LN0004915,6,2022-12,2022-06,6,354,246267.0,244310.28,4.521,700-739,70-80%,36-43%,OH,Home Improvement,Second Home,Single Family,Servicer_A,Current,0,0,0,0,,2022-12-01,Ellie Mae,Missing Items,Current,0,0,0,0,0,
LN0004938,1,2021-06,2021-05,1,179,92092.0,91722.01,4.139,660-699,60-70%,28-36%,OH,Refinance,Primary,Condo,Servicer_A,Current,0,0,0,0,,2021-06-01,Black Knight,Pending Review,Current,0,0,0,0,0,
LN0004938,2,2021-07,2021-05,2,178,92092.0,91350.75,4.139,660-699,60-70%,28-36%,OH,Refinance,Primary,Condo,Servicer_A,Current,0,0,0,0,,2021-07-01,Black Knight,Pending Review,Current,0,0,0,0,0,
LN0004938,3,2021-08,2021-05,3,177,92092.0,90978.21,4.139,660-699,60-70%,28-36%,OH,Refinance,Primary,Condo,Servicer_A,Current,0,0,0,0,,2021-08-01,Black Knight,Pending Review,Current,0,0,0,0,0,
LN0004938,4,2021-09,2021-05,4,176,92092.0,90604.38,4.139,660-699,60-70%,28-36%,OH,Refinance,Primary,Condo,Servicer_A,Current,0,0,0,0,,2021-09-01,Black Knight,Pending Review,Current,0,0,0,0,0,
LN0004938,5,2021-10,2021-05,5,175,92092.0,90229.27,4.139,660-699,60-70%,28-36%,OH,Refinance,Primary,Condo,Servicer_A,Current,0,0,0,0,,2021-10-01,Black Knight,Pending Review,Current,0,0,0,0,0,
LN0004938,6,2021-11,2021-05,6,174,92092.0,89852.86,4.139,660-699,60-70%,28-36%,OH,Refinance,Primary,Condo,Servicer_A,Current,0,0,0,0,,2021-11-01,Black Knight,Pending Review,Current,0,0,0,0,0,
LN0004938,7,2021-12,2021-05,7,173,92092.0,89475.15,4.139,660-699,60-70%,28-36%,OH,Refinance,Primary,Condo,Servicer_A,Current,0,0,0,0,,2021-12-01,Black Knight,Pending Review,Current,0,0,0,0,0,
LN0004938,8,2022-01,2021-05,8,172,92092.0,89096.14,4.139,660-699,60-70%,28-36%,OH,Refinance,Primary,Condo,Servicer_A,Current,0,0,0,0,,2022-01-01,Black Knight,Pending Review,Current,0,0,0,0,0,
LN0004938,9,2022-02,2021-05,9,171,92092.0,88715.82,4.139,660-699,60-70%,28-36%,OH,Refinance,Primary,Condo,Servicer_A,Current,0,0,0,0,,2022-02-01,Black Knight,Pending Review,Current,0,0,0,0,0,
LN0004938,10,2022-03,2021-05,10,170,92092.0,88334.19,4.139,660-699,60-70%,28-36%,OH,Refinance,Primary,Condo,Servicer_A,Current,0,0,0,0,,2022-03-01,Black Knight,Pending Review,Current,0,0,0,0,0,
LN0004938,11,2022-04,2021-05,11,169,92092.0,87951.24,4.139,660-699,60-70%,28-36%,OH,Refinance,Primary,Condo,Servicer_A,Current,0,0,0,0,,2022-04-01,Black Knight,Pending Review,Current,0,0,0,0,0,
LN0004938,12,2022-05,2021-05,12,168,92092.0,87566.98,4.139,660-699,60-70%,28-36%,OH,Refinance,Primary,Condo,Servicer_A,Current,0,0,0,0,,2022-05-01,Black Knight,Pending Review,Current,0,0,0,0,0,
LN0004938,13,2022-06,2021-05,13,167,92092.0,87181.38,4.139,660-699,60-70%,28-36%,OH,Refinance,Primary,Condo,Servicer_A,Current,0,0,0,0,,2022-06-01,Black Knight,Pending Review,Current,0,0,0,0,0,
LN0004938,14,2022-07,2021-05,14,166,92092.0,86794.46,4.139,660-699,60-70%,28-36%,OH,Refinance,Primary,Condo,Servicer_A,Current,0,0,0,0,,2022-07-01,Black Knight,Pending Review,Current,0,0,0,0,0,
LN0004938,15,2022-08,2021-05,15,165,92092.0,86406.2,4.139,660-699,60-70%,28-36%,OH,Refinance,Primary,Condo,Servicer_A,Current,0,0,0,0,,2022-08-01,Black Knight,Pending Review,Current,0,0,0,0,0,
LN0004938,16,2022-09,2021-05,16,164,92092.0,86016.61,4.139,660-699,60-70%,28-36%,OH,Refinance,Primary,Condo,Servicer_A,Current,0,0,0,0,,2022-09-01,Black Knight,Pending Review,Current,0,0,0,0,0,
LN0004938,17,2022-10,2021-05,17,163,92092.0,85625.67,4.139,660-699,60-70%,28-36%,OH,Refinance,Primary,Condo,Servicer_A,Current,0,0,0,0,,2022-10-01,Black Knight,Pending Review,Current,0,0,0,0,0,
LN0004938,18,2022-11,2021-05,18,162,92092.0,85233.38,4.139,660-699,60-70%,28-36%,OH,Refinance,Primary,Condo,Servicer_A,Current,0,0,0,0,,2022-11-01,Black Knight,Pending Review,Current,0,0,0,0,0,
LN0004938,19,2022-12,2021-05,19,161,92092.0,84839.73,4.139,660-699,60-70%,28-36%,OH,Refinance,Primary,Condo,Servicer_A,Current,0,0,0,0,,2022-12-01,Black Knight,Pending Review,Current,0,0,0,0,0,
LN0004939,1,2022-04,2022-03,1,359,66850.0,66773.62,5.271,700-739,70-80%,20-28%,NC,Purchase,Investment,Multi-Family,Servicer_E,Current,272,0,0,0,,2022-04-01,Ellie Mae,Missing Items,Current,0,0,0,0,0,
LN0004939,2,2022-05,2022-03,2,358,66850.0,66696.91,5.271,700-739,70-80%,20-28%,NC,Purchase,Investment,Multi-Family,Servicer_E,Current,0,0,0,0,,2022-05-01,Ellie Mae,Missing Items,Current,0,0,0,0,0,
LN0004939,3,2022-06,2022-03,3,357,66850.0,66619.85,5.271,700-739,70-80%,20-28%,NC,Purchase,Investment,Multi-Family,Servicer_E,Current,0,0,0,0,,2022-06-01,Ellie Mae,Missing Items,Current,0,0,0,0,0,
LN0004939,4,2022-07,2022-03,4,356,66850.0,66542.46,5.271,700-739,70-80%,20-28%,NC,Purchase,Investment,Multi-Family,Servicer_E,Current,0,0,0,0,,2022-07-01,Ellie Mae,Missing Items,Current,0,0,0,0,0,
LN0004939,5,2022-08,2022-03,5,355,66850.0,66464.73,5.271,700-739,70-80%,20-28%,NC,Purchase,Investment,Multi-Family,Servicer_E,Current,0,0,0,0,,2022-08-01,Ellie Mae,Missing Items,Current,0,0,0,0,0,
LN0004939,6,2022-09,2022-03,6,354,66850.0,66386.66,5.271,700-739,70-80%,20-28%,NC,Purchase,Investment,Multi-Family,Servicer_E,Current,0,0,0,0,,2022-09-01,Ellie Mae,Missing Items,Current,0,0,0,0,0,
LN0004939,7,2022-10,2022-03,7,353,66850.0,66308.25,5.271,700-739,70-80%,20-28%,NC,Purchase,Investment,Multi-Family,Servicer_E,Current,0,0,0,0,,2022-10-01,Ellie Mae,Missing Items,Current,0,0,0,0,0,
LN0004939,8,2022-11,2022-03,8,352,66850.0,66229.49,5.271,700-739,70-80%,20-28%,NC,Purchase,Investment,Multi-Family,Servicer_E,Current,0,0,0,0,,2022-11-01,Ellie Mae,Missing Items,Current,0,0,0,0,0,
LN0004939,9,2022-12,2022-03,9,351,66850.0,66150.38,5.271,700-739,70-80%,20-28%,NC,Purchase,Investment,Multi-Family,Servicer_E,Current,0,0,0,0,,2022-12-01,Ellie Mae,Missing Items,Current,0,0,0,0,0,
LN0004944,1,2022-03,2022-05,1,359,129072.0,128956.56,6.555,660-699,70-80%,28-36%,WA,Purchase,Primary,Condo,Servicer_B,Current,0,0,0,0,,2022-06-01,Encompass,Under Exception,Current,0,0,0,0,1,Date Anomaly
LN0004944,2,2022-07,2022-05,2,358,129072.0,128840.49,6.555,660-699,70-80%,28-36%,WA,Purchase,Primary,Condo,Servicer_B,Current,0,0,0,0,,2022-07-01,Encompass,Under Exception,Current,0,0,0,0,0,
LN0004944,3,2022-08,2022-05,3,357,129072.0,128723.78,6.555,660-699,70-80%,28-36%,WA,Purchase,Primary,Condo,Servicer_B,Current,0,0,0,0,,2022-08-01,Encompass,Under Exception,Current,0,0,0,0,0,
LN0004944,4,2022-09,2022-05,4,356,129072.0,128606.44,6.555,660-699,70-80%,28-36%,WA,Purchase,Primary,Condo,Servicer_B,Current,0,0,0,0,,2022-09-01,Encompass,Under Exception,Current,0,0,0,0,0,
LN0004944,5,2022-10,2022-05,5,355,129072.0,128488.45,6.555,660-699,70-80%,28-36%,WA,Purchase,Primary,Condo,Servicer_B,Current,0,0,0,0,,2022-10-01,Encompass,Under Exception,Current,0,0,0,0,0,
LN0004944,6,2022-11,2022-05,6,354,129072.0,128369.82,6.555,660-699,70-80%,28-36%,WA,Purchase,Primary,Condo,Servicer_B,Current,0,0,0,0,,2022-11-01,Encompass,Under Exception,Current,0,0,0,0,0,
LN0004944,7,2022-12,2022-05,7,353,129072.0,128250.55,6.555,660-699,70-80%,28-36%,WA,Purchase,Primary,Condo,Servicer_B,Current,0,0,0,0,,2022-12-01,Encompass,Under Exception,Current,0,0,0,0,0,
LN0004954,1,2020-11,2020-10,1,359,165929.0,165661.6,3.364,740-779,70-80%,20-28%,FL,Home Improvement,Primary,Single Family,Servicer_E,Current,0,0,0,0,,2020-11-01,Black Knight,Pending Review,Current,0,0,0,0,0,
LN0004954,2,2020-12,2020-10,2,358,165929.0,165393.45,3.364,740-779,70-80%,20-28%,FL,Home Improvement,Primary,Single Family,Servicer_E,Current,0,0,0,0,,2020-12-01,Black Knight,Pending Review,Current,0,0,0,0,0,
LN0004954,3,2021-01,2020-10,3,357,165929.0,165124.54,3.364,740-779,70-80%,20-28%,FL,Home Improvement,Primary,Single Family,Servicer_E,Current,0,0,0,0,,2021-01-01,Black Knight,Pending Review,Current,0,0,0,0,0,
LN0004954,4,2021-02,2020-10,4,356,165929.0,164854.89,3.364,740-779,70-80%,20-28%,FL,Home Improvement,Primary,Single Family,Servicer_E,Current,0,0,0,0,,2021-02-01,Black Knight,Pending Review,Current,0,0,0,0,0,
LN0004954,5,2021-03,2020-10,5,355,165929.0,164584.47,3.364,740-779,70-80%,20-28%,FL,Home Improvement,Primary,Single Family,Servicer_E,Current,0,0,0,0,,2021-03-01,Black Knight,Pending Review,Current,0,0,0,0,0,
LN0004954,6,2021-04,2020-10,6,354,165929.0,164313.3,3.364,740-779,70-80%,20-28%,FL,Home Improvement,Primary,Single Family,Servicer_E,Current,0,0,0,0,,2021-04-01,Black Knight,Pending Review,Current,0,0,0,0,0,
LN0004954,7,2021-05,2020-10,7,353,165929.0,164041.37,3.364,740-779,70-80%,20-28%,FL,Home Improvement,Primary,Single Family,Servicer_E,Current,0,0,0,0,,2021-05-01,Black Knight,Pending Review,Current,0,0,0,0,0,
LN0004954,8,2021-06,2020-10,8,352,165929.0,163768.68,3.364,740-779,70-80%,20-28%,FL,Home Improvement,Primary,Single Family,Servicer_E,Current,0,0,0,0,,2021-06-01,Black Knight,Pending Review,Current,0,0,0,0,0,
LN0004954,9,2021-07,2020-10,9,351,165929.0,163495.22,3.364,740-779,70-80%,20-28%,FL,Home Improvement,Primary,Single Family,Servicer_E,Current,0,0,0,0,,2021-07-01,Black Knight,Pending Review,Current,0,0,0,0,0,
LN0004954,10,2021-08,2020-10,10,350,165929.0,163221.0,3.364,740-779,70-80%,20-28%,FL,Home Improvement,Primary,Single Family,Servicer_E,Current,0,0,0,0,,2021-08-01,Black Knight,Pending Review,Current,0,0,0,0,0,
LN0004954,11,2021-09,2020-10,11,349,165929.0,162946.01,3.364,740-779,70-80%,20-28%,FL,Home Improvement,Primary,Single Family,Servicer_E,Current,0,0,0,0,,2021-09-01,Black Knight,Pending Review,Current,0,0,0,0,0,
LN0004954,12,2021-10,2020-10,12,348,165929.0,162670.24,3.364,740-779,70-80%,20-28%,FL,Home Improvement,Primary,Single Family,Servicer_E,Current,0,0,0,0,,2021-10-01,Black Knight,Pending Review,Current,0,0,0,0,0,
LN0004954,13,2021-11,2020-10,13,347,165929.0,162393.7,3.364,740-779,70-80%,20-28%,FL,Home Improvement,Primary,Single Family,Servicer_E,Current,0,0,0,0,,2021-11-01,Black Knight,Pending Review,Current,0,0,0,0,0,
LN0004954,14,2021-12,2020-10,14,346,165929.0,162116.39,3.364,740-779,70-80%,20-28%,FL,Home Improvement,Primary,Single Family,Servicer_E,Current,0,0,0,0,,2021-12-01,Black Knight,Pending Review,Current,0,0,0,0,0,
LN0004954,15,2022-01,2020-10,15,345,165929.0,161838.3,3.364,740-779,70-80%,20-28%,FL,Home Improvement,Primary,Single Family,Servicer_E,Current,0,0,0,0,,2022-01-01,Black Knight,Pending Review,Current,0,0,0,0,0,
LN0004954,16,2022-02,2020-10,16,344,165929.0,161559.43,3.364,740-779,70-80%,20-28%,FL,Home Improvement,Primary,Single Family,Servicer_E,Current,0,0,0,0,,2022-02-01,Black Knight,Pending Review,Current,0,0,0,0,0,
LN0004954,17,2022-03,2020-10,17,343,165929.0,161279.78,3.364,740-779,70-80%,20-28%,FL,Home Improvement,Primary,Single Family,Servicer_E,Current,0,0,0,0,,2022-03-01,Black Knight,Pending Review,Current,0,0,0,0,0,
LN0004954,18,2022-04,2020-10,18,342,165929.0,160999.35,3.364,740-779,70-80%,20-28%,FL,Home Improvement,Primary,Single Family,Servicer_E,Current,0,0,0,0,,2022-04-01,Black Knight,Pending Review,Current,0,0,0,0,0,
LN0004954,19,2022-05,2020-10,19,341,165929.0,160718.13,3.364,740-779,70-80%,20-28%,FL,Home Improvement,Primary,Single Family,Servicer_E,Current,0,0,0,0,,2022-05-01,Black Knight,Pending Review,Current,0,0,0,0,0,
LN0004954,20,2022-06,2020-10,20,340,165929.0,160436.12,3.364,740-779,70-80%,20-28%,FL,Home Improvement,Primary,Single Family,Servicer_E,Current,0,0,0,0,,2022-06-01,Black Knight,Pending Review,Current,0,0,0,0,0,
LN0004954,21,2022-07,2020-10,21,339,165929.0,160153.32,3.364,740-779,70-80%,20-28%,FL,Home Improvement,Primary,Single Family,Servicer_E,Current,0,0,0,0,,2022-07-01,Black Knight,Pending Review,Current,0,0,0,0,0,
LN0004954,22,2022-08,2020-10,22,338,165929.0,159869.72,3.364,740-779,70-80%,20-28%,FL,Home Improvement,Primary,Single Family,Servicer_E,Current,0,0,0,0,,2022-08-01,Black Knight,Pending Review,Current,0,0,0,0,0,
LN0004954,23,2022-09,2020-10,23,337,165929.0,159585.34,3.364,740-779,70-80%,20-28%,FL,Home Improvement,Primary,Single Family,Servicer_E,Current,0,0,0,0,,2022-09-01,Black Knight,Pending Review,Current,0,0,0,0,0,
LN0004954,24,2022-10,2020-10,24,336,165929.0,159300.15,3.364,740-779,70-80%,20-28%,FL,Home Improvement,Primary,Single Family,Servicer_E,Current,0,0,0,0,,2022-10-01,Black Knight,Pending Review,Current,0,0,0,0,0,
LN0004954,25,2022-11,2020-10,25,335,165929.0,159014.17,3.364,740-779,70-80%,20-28%,FL,Home Improvement,Primary,Single Family,Servicer_E,Current,0,0,0,0,,2022-11-01,Black Knight,Pending Review,Current,0,0,0,0,0,
LN0004954,26,2022-12,2020-10,26,334,165929.0,158727.38,3.364,740-779,70-80%,20-28%,FL,Home Improvement,Primary,Single Family,Servicer_E,Current,0,0,0,0,,2022-12-01,Black Knight,Pending Review,Current,0,0,0,0,0,
